md5hash,fitzpatrick_scale,fitzpatrick_centaur,label,nine_partition_label,three_partition_label,qc,url,url_alphanum
f23937e86de55c3471ac5d0143b67e08,4,4,nematode infection,inflammatory,non-neoplastic,,https://www.dermaamin.com/site/images/clinical-pic/L/larva-migrans/larva-migrans88.jpg,httpwwwdermaamincomsiteimagesclinicalpicLlarvamigranslarvamigrans88jpg.jpg
59ccb668671950ca657b6bc48213b763,4,4,pityriasis rosea,inflammatory,non-neoplastic,,https://www.dermaamin.com/site/images/clinical-pic/p/pityriasis_rosea/pityriasis_rosea6.jpg,httpwwwdermaamincomsiteimagesclinicalpicppityriasisroseapityriasisrosea6jpg.jpg
27778fee07afbc98a74b0012ba6f76ff,4,4,urticaria,inflammatory,non-neoplastic,,https://www.dermaamin.com/site/images/clinical-pic/d/dermographic_urticaria/dermographic_urticaria31.jpg,httpwwwdermaamincomsiteimagesclinicalpicddermographicurticariadermographicurticaria31jpg.jpg
dab1abcb214f3e1cf7b509fa75972eb7,4,4,mycosis fungoides,malignant cutaneous lymphoma,malignant,,https://www.dermaamin.com/site/images/clinical-pic/m/mycosis-fongoide/mycosis-fongoide99.jpg,httpwwwdermaamincomsiteimagesclinicalpicmmycosisfongoidemycosisfongoide99jpg.jpg
d6dfb47fe3c00e624af51b3548b8ee5e,4,4,granuloma pyogenic,benign dermal,benign,,https://www.dermaamin.com/site/images/clinical-pic/g/granuloma_pyogenicum/granuloma_pyogenicum10.jpg,httpwwwdermaamincomsiteimagesclinicalpicggranulomapyogenicumgranulomapyogenicum10jpg.jpg
a7432cf3e4faf44ab58bcb093fb6a3bd,4,4,pilar cyst,benign dermal,benign,,https://www.dermaamin.com/site/images/clinical-pic/e/eyelid_dermoid/eyelid_dermoid2.jpg,httpwwwdermaamincomsiteimagesclinicalpiceeyeliddermoideyeliddermoid2jpg.jpg
af7a076b9992ff39499951a9479c78d5,4,4,milia,benign epidermal,benign,,https://www.dermaamin.com/site/images/clinical-pic/m/miliaria/miliaria44.jpg,httpwwwdermaamincomsiteimagesclinicalpicmmiliariamiliaria44jpg.jpg
7d2f3fa05f4f362299c1ed148e7fc719,4,4,lichen planus,inflammatory,non-neoplastic,,https://www.dermaamin.com/site/images/clinical-pic/L/lichen_planus_actinic/lichen_planus_actinic16.jpg,httpwwwdermaamincomsiteimagesclinicalpicLlichenplanusactiniclichenplanusactinic16jpg.jpg
f03b5f7dab096ea793749f2efccf40e8,4,4,lupus subacute,inflammatory,non-neoplastic,,https://www.dermaamin.com/site/images/clinical-pic/s/systemic-lupus-erythematosus/systemic-lupus-erythematosus54.jpg,httpwwwdermaamincomsiteimagesclinicalpicssystemiclupuserythematosussystemiclupuserythematosus54jpg.jpg
c068909d0bea4def8a4e249893df1cdd,4,4,nematode infection,inflammatory,non-neoplastic,,https://www.dermaamin.com/site/images/clinical-pic/c/cutaneous_larva_migrans/cutaneous_larva_migrans16.jpg,httpwwwdermaamincomsiteimagesclinicalpicccutaneouslarvamigranscutaneouslarvamigrans16jpg.jpg
567e34fda94c9f3b8741c3cc725f5003,4,4,photodermatoses,inflammatory,non-neoplastic,,https://www.dermaamin.com/site/images/clinical-pic/a/actinic_prurigo/actinic_prurigo9.jpg,httpwwwdermaamincomsiteimagesclinicalpicaactinicprurigoactinicprurigo9jpg.jpg
a41a9e740d9edcd99b35cc174fa81ea0,4,4,papilomatosis confluentes and reticulate,inflammatory,non-neoplastic,,https://www.dermaamin.com/site/images/clinical-pic/p/papillomatosis_confluent_reticulated/papillomatosis_confluent_reticulated28.jpg,httpwwwdermaamincomsiteimagesclinicalpicppapillomatosisconfluentreticulatedpapillomatosisconfluentreticulated28jpg.jpg
3c51c4031263c4fabc496dc1bcad04ff,4,4,keloid,inflammatory,non-neoplastic,,https://www.dermaamin.com/site/images/clinical-pic/k/kekoid/kekoid15.jpg,httpwwwdermaamincomsiteimagesclinicalpickkekoidkekoid15jpg.jpg
2bd76012d2e130dad25ab694f1e4a957,4,4,hailey hailey disease,genodermatoses,non-neoplastic,,https://www.dermaamin.com/site/images/clinical-pic/h/hailey_hailey_disease/hailey_hailey_disease1.jpg,httpwwwdermaamincomsiteimagesclinicalpichhaileyhaileydiseasehaileyhaileydisease1jpg.jpg
a51640213be4c550f316af2ef17b1db9,4,4,hidradenitis,inflammatory,non-neoplastic,,https://www.dermaamin.com/site/images/clinical-pic/h/hidradenitis_suppurativa/hidradenitis_suppurativa24.jpg,httpwwwdermaamincomsiteimagesclinicalpichhidradenitissuppurativahidradenitissuppurativa24jpg.jpg
bc3c00ce4c75db31029f4aa4c439a907,4,4,urticaria,inflammatory,non-neoplastic,,https://www.dermaamin.com/site/images/clinical-pic/d/dermographic_urticaria/dermographic_urticaria19.jpg,httpwwwdermaamincomsiteimagesclinicalpicddermographicurticariadermographicurticaria19jpg.jpg
b49167a6dc0765eaf78cfaf714ec81a8,4,4,necrobiosis lipoidica,inflammatory,non-neoplastic,,https://www.dermaamin.com/site/images/clinical-pic/n/necrobiois-lipoidica-diabeticorum/necrobiois-lipoidica-diabeticorum25.jpg,httpwwwdermaamincomsiteimagesclinicalpicnnecrobioislipoidicadiabeticorumnecrobioislipoidicadiabeticorum25jpg.jpg
6fd7ab66c3fae6ec708d373480a78068,4,4,folliculitis,inflammatory,non-neoplastic,,https://www.dermaamin.com/site/images/clinical-pic/p/pseudofolliculitis-barbae/pseudofolliculitis-barbae15.jpg,httpwwwdermaamincomsiteimagesclinicalpicppseudofolliculitisbarbaepseudofolliculitisbarbae15jpg.jpg
01c4ab30191acfe035bd672da451283a,4,4,keratosis pilaris,inflammatory,non-neoplastic,,https://www.dermaamin.com/site/images/clinical-pic/k/keratosis-pilaris/keratosis-pilaris24.jpg,httpwwwdermaamincomsiteimagesclinicalpickkeratosispilariskeratosispilaris24jpg.jpg
545f0e8a6125523973e200172976448a,4,4,kaposi sarcoma,malignant dermal,malignant,,https://www.dermaamin.com/site/images/clinical-pic/k/kaposis-sarcoma/kaposis-sarcoma99.jpg,httpwwwdermaamincomsiteimagesclinicalpickkaposissarcomakaposissarcoma99jpg.jpg
348184c47809818cc70465ab0d230167,4,4,urticaria pigmentosa,inflammatory,non-neoplastic,,https://www.dermaamin.com/site/images/clinical-pic/u/urticaria-pigmentosa/urticaria-pigmentosa23.jpg,httpwwwdermaamincomsiteimagesclinicalpicuurticariapigmentosaurticariapigmentosa23jpg.jpg
b387e11eee8d3854faf25638ccf394c4,4,4,lupus erythematosus,inflammatory,non-neoplastic,,https://www.dermaamin.com/site/images/clinical-pic/L/lupus_erythematosus_chronicus_discoides/lupus_erythematosus_chronicus_discoides24.jpg,httpwwwdermaamincomsiteimagesclinicalpicLlupuserythematosuschronicusdiscoideslupuserythematosuschronicusdiscoides24jpg.jpg
3fe779be3f6f829a6f5679c664b93545,4,4,tick bite,inflammatory,non-neoplastic,,https://www.dermaamin.com/site/images/clinical-pic/f/flea_bites/flea_bites5.jpg,httpwwwdermaamincomsiteimagesclinicalpicffleabitesfleabites5jpg.jpg
5421f47e70ba9636a17cc4a50b5f9efe,4,4,fixed eruptions,inflammatory,non-neoplastic,,https://www.dermaamin.com/site/images/clinical-pic/f/fixed_drug_eruption/fixed_drug_eruption50.jpg,httpwwwdermaamincomsiteimagesclinicalpicffixeddrugeruptionfixeddrugeruption50jpg.jpg
b3e0b70610c2fa203fa6f50fdda29f41,4,4,vitiligo,inflammatory,non-neoplastic,,https://www.dermaamin.com/site/images/clinical-pic/v/vitiligo/vitiligo112.jpg,httpwwwdermaamincomsiteimagesclinicalpicvvitiligovitiligo112jpg.jpg
4b4dbba61edbda8a8d68e7c66c55414f,4,4,becker nevus,benign dermal,benign,,https://www.dermaamin.com/site/images/clinical-pic/b/beckers_nevus/beckers_nevus18.jpg,httpwwwdermaamincomsiteimagesclinicalpicbbeckersnevusbeckersnevus18jpg.jpg
cd1a1dd1a2d91630e873d53b9277827d,4,4,lichen planus,inflammatory,non-neoplastic,,https://www.dermaamin.com/site/images/clinical-pic/L/lichen_planus/lichen_planus24.jpg,httpwwwdermaamincomsiteimagesclinicalpicLlichenplanuslichenplanus24jpg.jpg
8963a41497895baf186a0d5c00d13f5c,4,4,scleroderma,inflammatory,non-neoplastic,,https://www.dermaamin.com/site/images/clinical-pic/m/morphea/morphea5.jpg,httpwwwdermaamincomsiteimagesclinicalpicmmorpheamorphea5jpg.jpg
e467bbde67515560a0a30197f95597f6,4,4,pityriasis rosea,inflammatory,non-neoplastic,,https://www.dermaamin.com/site/images/clinical-pic/p/pityriasis_rosea/pityriasis_rosea99.jpg,httpwwwdermaamincomsiteimagesclinicalpicppityriasisroseapityriasisrosea99jpg.jpg
76e1be9e5567c08aaa548a7f0efc2e00,4,4,necrobiosis lipoidica,inflammatory,non-neoplastic,,https://www.dermaamin.com/site/images/clinical-pic/n/necrobiois-lipoidica-diabeticorum/necrobiois-lipoidica-diabeticorum36.jpg,httpwwwdermaamincomsiteimagesclinicalpicnnecrobioislipoidicadiabeticorumnecrobioislipoidicadiabeticorum36jpg.jpg
32d3215207ef763e22bbe62c38a60ecb,4,4,erythema multiforme,inflammatory,non-neoplastic,,https://www.dermaamin.com/site/images/clinical-pic/e/erythema_multiforme/erythema_multiforme135.jpg,httpwwwdermaamincomsiteimagesclinicalpiceerythemamultiformeerythemamultiforme135jpg.jpg
1808ccf71a5d5458561a9cbf28b25339,4,4,allergic contact dermatitis,inflammatory,non-neoplastic,,https://www.dermaamin.com/site/images/clinical-pic/r/rhus_dermatitis/rhus_dermatitis28.jpg,httpwwwdermaamincomsiteimagesclinicalpicrrhusdermatitisrhusdermatitis28jpg.jpg
4e333938f399962f23d3fbdd81a6d41b,4,4,porphyria,inflammatory,non-neoplastic,,https://www.dermaamin.com/site/images/clinical-pic/p/porphyria-cutanea-tarda/porphyria-cutanea-tarda42.jpg,httpwwwdermaamincomsiteimagesclinicalpicpporphyriacutaneatardaporphyriacutaneatarda42jpg.jpg
d4d64bbba78a41e794d18f50490fdb0e,4,4,granuloma annulare,inflammatory,non-neoplastic,,https://www.dermaamin.com/site/images/clinical-pic/g/granuloma_annulare/granuloma_annulare126.jpg,httpwwwdermaamincomsiteimagesclinicalpicggranulomaannularegranulomaannulare126jpg.jpg
22c44b647b4b1d9a110cb159b1674183,4,4,becker nevus,benign dermal,benign,,https://www.dermaamin.com/site/images/clinical-pic/b/beckers_nevus/beckers_nevus30.jpg,httpwwwdermaamincomsiteimagesclinicalpicbbeckersnevusbeckersnevus30jpg.jpg
c6121b050183d8415ee64cafccd0baa1,4,4,allergic contact dermatitis,inflammatory,non-neoplastic,,https://www.dermaamin.com/site/images/clinical-pic/c/contact_dermatitis/contact_dermatitis88.jpg,httpwwwdermaamincomsiteimagesclinicalpicccontactdermatitiscontactdermatitis88jpg.jpg
9bb52aaefeabcaf052c403da15efb8cb,4,4,acanthosis nigricans,inflammatory,non-neoplastic,,https://www.dermaamin.com/site/images/clinical-pic/m/malignant-acanthosis-nigricans/malignant-acanthosis-nigricans2.jpg,httpwwwdermaamincomsiteimagesclinicalpicmmalignantacanthosisnigricansmalignantacanthosisnigricans2jpg.jpg
acefdc0d7e018239835b17494315dc05,4,4,dermatomyositis,inflammatory,non-neoplastic,,https://www.dermaamin.com/site/images/clinical-pic/d/dermatomyositis/dermatomyositis142.jpg,httpwwwdermaamincomsiteimagesclinicalpicddermatomyositisdermatomyositis142jpg.jpg
b77dbc8320fad972ba6be08e8baba6f6,4,4,fixed eruptions,inflammatory,non-neoplastic,,https://www.dermaamin.com/site/images/clinical-pic/f/fixed_drug_eruption/fixed_drug_eruption86.jpg,httpwwwdermaamincomsiteimagesclinicalpicffixeddrugeruptionfixeddrugeruption86jpg.jpg
e2be43bc039ae4aa3b020a1a8fc53ffb,4,4,scabies,inflammatory,non-neoplastic,,https://www.dermaamin.com/site/images/clinical-pic/n/norwegian_scabies/norwegian_scabies73.jpg,httpwwwdermaamincomsiteimagesclinicalpicnnorwegianscabiesnorwegianscabies73jpg.jpg
24a3b6755cd1a7ba8184e6e558f628ac,4,4,tick bite,inflammatory,non-neoplastic,,https://www.dermaamin.com/site/images/clinical-pic/d/dog_bite/dog_bite1.jpg,httpwwwdermaamincomsiteimagesclinicalpicddogbitedogbite1jpg.jpg
ccd53f1e32fc82a22fbabb832ac5c073,4,4,sarcoidosis,inflammatory,non-neoplastic,,https://www.dermaamin.com/site/images/clinical-pic/d/discoid_le/discoid_le79.jpg,httpwwwdermaamincomsiteimagesclinicalpicddiscoidlediscoidle79jpg.jpg
69568fbb5f210c22cc07d54a578dfffe,4,4,squamous cell carcinoma,malignant epidermal,malignant,,https://www.dermaamin.com/site/images/clinical-pic/s/squamous-cell-carcinoma/squamous-cell-carcinoma23.jpg,httpwwwdermaamincomsiteimagesclinicalpicssquamouscellcarcinomasquamouscellcarcinoma23jpg.jpg
81b1de28d20ff30dc11219e507612608,4,4,granuloma annulare,inflammatory,non-neoplastic,,https://www.dermaamin.com/site/images/clinical-pic/g/granuloma_annulare/granuloma_annulare68.jpg,httpwwwdermaamincomsiteimagesclinicalpicggranulomaannularegranulomaannulare68jpg.jpg
a2a7f1a18d69491b1a7c77f4f85670d4,4,4,vitiligo,inflammatory,non-neoplastic,,https://www.dermaamin.com/site/images/clinical-pic/v/vitiligo/vitiligo29.jpg,httpwwwdermaamincomsiteimagesclinicalpicvvitiligovitiligo29jpg.jpg
1e3947e35a705843429a47848fe29eb6,4,4,lupus erythematosus,inflammatory,non-neoplastic,,https://www.dermaamin.com/site/images/clinical-pic/L/lupus_erythematosus_systemic/lupus_erythematosus_systemic18.jpg,httpwwwdermaamincomsiteimagesclinicalpicLlupuserythematosussystemiclupuserythematosussystemic18jpg.jpg
31d4c74bcc7c4f450d4e1939aff2b3e7,4,4,neurotic excoriations,inflammatory,non-neoplastic,,https://www.dermaamin.com/site/images/clinical-pic/e/excoriations_uraemic/excoriations_uraemic2.jpg,httpwwwdermaamincomsiteimagesclinicalpiceexcoriationsuraemicexcoriationsuraemic2jpg.jpg
ad2973614470d0f10c8a56294ab282b8,4,4,naevus comedonicus,benign epidermal,benign,,https://www.dermaamin.com/site/images/clinical-pic/n/naevus_comedonicus/naevus_comedonicus7.jpg,httpwwwdermaamincomsiteimagesclinicalpicnnaevuscomedonicusnaevuscomedonicus7jpg.jpg
79db3a46c21c55e4d2d7e4cddc66bfa1,4,4,urticaria pigmentosa,inflammatory,non-neoplastic,,https://www.dermaamin.com/site/images/clinical-pic/u/urticaria-pigmentosa/urticaria-pigmentosa24.jpg,httpwwwdermaamincomsiteimagesclinicalpicuurticariapigmentosaurticariapigmentosa24jpg.jpg
fb61f1f927bb8cea5b1ac66f35f00355,4,4,scleromyxedema,inflammatory,non-neoplastic,,https://www.dermaamin.com/site/images/clinical-pic/s/scleromyxedema/scleromyxedema43.jpg,httpwwwdermaamincomsiteimagesclinicalpicsscleromyxedemascleromyxedema43jpg.jpg
d76068082e91885ede568365b72529c4,4,4,sarcoidosis,inflammatory,non-neoplastic,,https://www.dermaamin.com/site/images/clinical-pic/s/sarcoidosis/sarcoidosis49.jpg,httpwwwdermaamincomsiteimagesclinicalpicssarcoidosissarcoidosis49jpg.jpg
32170ab2f1f4d5c27197f9b08f1dda4d,4,4,juvenile xanthogranuloma,inflammatory,non-neoplastic,,https://www.dermaamin.com/site/images/clinical-pic/n/necrobiotic-xanthogranuloma/necrobiotic-xanthogranuloma1.jpg,httpwwwdermaamincomsiteimagesclinicalpicnnecrobioticxanthogranulomanecrobioticxanthogranuloma1jpg.jpg
11dd4dd6707ac9ddbe55cd462a9ff7c4,4,4,fixed eruptions,inflammatory,non-neoplastic,,https://www.dermaamin.com/site/images/clinical-pic/f/fixed_drug_eruption/fixed_drug_eruption22.jpg,httpwwwdermaamincomsiteimagesclinicalpicffixeddrugeruptionfixeddrugeruption22jpg.jpg
9d6d8fccfd0a283071a3d29053037be3,4,4,psoriasis,inflammatory,non-neoplastic,,https://www.dermaamin.com/site/images/clinical-pic/p/psoriasis_guttate/psoriasis_guttate4.jpg,httpwwwdermaamincomsiteimagesclinicalpicppsoriasisguttatepsoriasisguttate4jpg.jpg
153ea8ba01e0653180797aede9b720ee,4,4,psoriasis,inflammatory,non-neoplastic,,https://www.dermaamin.com/site/images/clinical-pic/p/psoriasis/psoriasis25.jpg,httpwwwdermaamincomsiteimagesclinicalpicppsoriasispsoriasis25jpg.jpg
eb1704c253110d241cbeaf581e66efaf,4,4,papilomatosis confluentes and reticulate,inflammatory,non-neoplastic,,https://www.dermaamin.com/site/images/clinical-pic/p/papillomatosis_confluent_reticulated/papillomatosis_confluent_reticulated37.jpg,httpwwwdermaamincomsiteimagesclinicalpicppapillomatosisconfluentreticulatedpapillomatosisconfluentreticulated37jpg.jpg
6e1984f562128aeecc2e88316623fd77,4,4,syringoma,benign dermal,benign,,https://www.dermaamin.com/site/images/clinical-pic/s/syringoma/syringoma22.jpg,httpwwwdermaamincomsiteimagesclinicalpicssyringomasyringoma22jpg.jpg
dd4d9f687fad950bf8cf1c6dda839db3,4,4,stevens johnson syndrome,inflammatory,non-neoplastic,,https://www.dermaamin.com/site/images/clinical-pic/s/stephen-johnson-syndrome/stephen-johnson-syndrome64.jpg,httpwwwdermaamincomsiteimagesclinicalpicsstephenjohnsonsyndromestephenjohnsonsyndrome64jpg.jpg
cd096e1c19f34f43d9737f73d6b46687,4,4,lichen planus,inflammatory,non-neoplastic,,https://www.dermaamin.com/site/images/clinical-pic/L/lichen_planus_actinic/lichen_planus_actinic29.jpg,httpwwwdermaamincomsiteimagesclinicalpicLlichenplanusactiniclichenplanusactinic29jpg.jpg
06fce53b79b05c19c2d2c8114f280fd1,4,4,prurigo nodularis,benign epidermal,benign,,https://www.dermaamin.com/site/images/clinical-pic/p/prurigo_nodularis/prurigo_nodularis60.jpg,httpwwwdermaamincomsiteimagesclinicalpicpprurigonodularisprurigonodularis60jpg.jpg
1ddf767ff2d71c221ef7fd27efc2d319,4,4,lichen amyloidosis,inflammatory,non-neoplastic,,https://www.dermaamin.com/site/images/clinical-pic/L/lichen-amyloidosis/lichen-amyloidosis36.jpg,httpwwwdermaamincomsiteimagesclinicalpicLlichenamyloidosislichenamyloidosis36jpg.jpg
600027ed492ec1c0835a06e9f2586f2c,4,4,ichthyosis vulgaris,genodermatoses,non-neoplastic,,https://www.dermaamin.com/site/images/clinical-pic/I/ichthyosis_vulgaris/ichthyosis_vulgaris43.jpg,httpwwwdermaamincomsiteimagesclinicalpicIichthyosisvulgarisichthyosisvulgaris43jpg.jpg
1c32a94386a911fe422227c7d8608fa6,4,4,sarcoidosis,inflammatory,non-neoplastic,,https://www.dermaamin.com/site/images/clinical-pic/s/sarcoidosis/sarcoidosis3.jpg,httpwwwdermaamincomsiteimagesclinicalpicssarcoidosissarcoidosis3jpg.jpg
b0963f057dfa2e62de48a0e3ae5da3f3,4,4,urticaria pigmentosa,inflammatory,non-neoplastic,,https://www.dermaamin.com/site/images/clinical-pic/u/urticaria-pigmentosa/urticaria-pigmentosa15.jpg,httpwwwdermaamincomsiteimagesclinicalpicuurticariapigmentosaurticariapigmentosa15jpg.jpg
fcad83c237e9001fd33a3cf22344801b,4,4,psoriasis,inflammatory,non-neoplastic,,https://www.dermaamin.com/site/images/clinical-pic/p/psoriasis-pustular/psoriasis-pustular12.jpg,httpwwwdermaamincomsiteimagesclinicalpicppsoriasispustularpsoriasispustular12jpg.jpg
45b54dadb3dfc9b5f0daaf9359fcbc43,4,4,squamous cell carcinoma,malignant epidermal,malignant,,https://www.dermaamin.com/site/images/clinical-pic/s/squamous-cell-carcinoma/squamous-cell-carcinoma97.jpg,httpwwwdermaamincomsiteimagesclinicalpicssquamouscellcarcinomasquamouscellcarcinoma97jpg.jpg
dd0c1d6eb34af65d791f5578a5af55b3,4,4,psoriasis,inflammatory,non-neoplastic,,https://www.dermaamin.com/site/images/clinical-pic/p/psoriasis_chronic_plaque/psoriasis_chronic_plaque29.jpg,httpwwwdermaamincomsiteimagesclinicalpicppsoriasischronicplaquepsoriasischronicplaque29jpg.jpg
6d95f95529e523da7d96c1eefbedd9ea,4,4,urticaria pigmentosa,inflammatory,non-neoplastic,,https://www.dermaamin.com/site/images/clinical-pic/u/urticaria-pigmentosa/urticaria-pigmentosa46.jpg,httpwwwdermaamincomsiteimagesclinicalpicuurticariapigmentosaurticariapigmentosa46jpg.jpg
4c1a40db1d616339f4e6c80b68532e63,4,4,sarcoidosis,inflammatory,non-neoplastic,,https://www.dermaamin.com/site/images/clinical-pic/s/sarcoidosis/sarcoidosis73.jpg,httpwwwdermaamincomsiteimagesclinicalpicssarcoidosissarcoidosis73jpg.jpg
89c64fe94530998c57e31bf6242b1689,4,4,scabies,inflammatory,non-neoplastic,,https://www.dermaamin.com/site/images/clinical-pic/n/norwegian_scabies/norwegian_scabies24.jpg,httpwwwdermaamincomsiteimagesclinicalpicnnorwegianscabiesnorwegianscabies24jpg.jpg
56a1eee88f2f48a2783557c50af10aa3,4,4,neurotic excoriations,inflammatory,non-neoplastic,,https://www.dermaamin.com/site/images/clinical-pic/n/neurotic-excoriations/neurotic-excoriations22.jpg,httpwwwdermaamincomsiteimagesclinicalpicnneuroticexcoriationsneuroticexcoriations22jpg.jpg
c273d2ad583d0c0d4031734914ca6c76,4,4,congenital nevus,benign melanocyte,benign,,https://www.dermaamin.com/site/images/clinical-pic/c/congential_nevus/congential_nevus57.jpg,httpwwwdermaamincomsiteimagesclinicalpicccongentialnevuscongentialnevus57jpg.jpg
2cdf5e087ec5a0e6314546804e1a8f0f,4,4,becker nevus,benign dermal,benign,,https://www.dermaamin.com/site/images/clinical-pic/b/beckers_nevus/beckers_nevus26.jpg,httpwwwdermaamincomsiteimagesclinicalpicbbeckersnevusbeckersnevus26jpg.jpg
1fc4cc2b5f4d2e53b2a4d12b611db575,4,4,nematode infection,inflammatory,non-neoplastic,,https://www.dermaamin.com/site/images/clinical-pic/L/larva-migrans/larva-migrans47.jpg,httpwwwdermaamincomsiteimagesclinicalpicLlarvamigranslarvamigrans47jpg.jpg
89539f53806244c54ddf51aad070c320,4,4,vitiligo,inflammatory,non-neoplastic,,https://www.dermaamin.com/site/images/clinical-pic/v/vitiligo/vitiligo42.jpg,httpwwwdermaamincomsiteimagesclinicalpicvvitiligovitiligo42jpg.jpg
c4e7c640ffc2acfe6a24090bf0c26b35,4,4,hailey hailey disease,genodermatoses,non-neoplastic,,https://www.dermaamin.com/site/images/clinical-pic/h/hailey_hailey_disease/hailey_hailey_disease73.jpg,httpwwwdermaamincomsiteimagesclinicalpichhaileyhaileydiseasehaileyhaileydisease73jpg.jpg
2c1c0f98ab632a3ad4fa79a1dea31788,4,4,xeroderma pigmentosum,genodermatoses,non-neoplastic,,https://www.dermaamin.com/site/images/clinical-pic/X/xeroderma-pigmentosum/xeroderma-pigmentosum56.jpg,httpwwwdermaamincomsiteimagesclinicalpicXxerodermapigmentosumxerodermapigmentosum56jpg.jpg
0c5cba55ae3879428360b0d9b0340b6c,4,4,milia,benign epidermal,benign,,https://www.dermaamin.com/site/images/clinical-pic/m/miliaria/miliaria78.jpg,httpwwwdermaamincomsiteimagesclinicalpicmmiliariamiliaria78jpg.jpg
12c5bb0088533268404035c3c030b7d3,4,4,lupus erythematosus,inflammatory,non-neoplastic,,https://www.dermaamin.com/site/images/clinical-pic/s/subacute-cutaneous-lupus-erythematosus/subacute-cutaneous-lupus-erythematosus63.jpg,httpwwwdermaamincomsiteimagesclinicalpicssubacutecutaneouslupuserythematosussubacutecutaneouslupuserythematosus63jpg.jpg
fd06d13de341cc75ad679916c5d7e6a6,4,4,prurigo nodularis,benign epidermal,benign,,https://www.dermaamin.com/site/images/clinical-pic/p/prurigo_nodularis/prurigo_nodularis31.jpg,httpwwwdermaamincomsiteimagesclinicalpicpprurigonodularisprurigonodularis31jpg.jpg
d8d15a8ba5306f95a65392e541bb81ac,4,4,urticaria,inflammatory,non-neoplastic,,https://www.dermaamin.com/site/images/clinical-pic/p/papular-urticaria/papular-urticaria8.jpg,httpwwwdermaamincomsiteimagesclinicalpicppapularurticariapapularurticaria8jpg.jpg
8eac9655ead07d391e1b12edb29d891d,4,4,porphyria,inflammatory,non-neoplastic,,https://www.dermaamin.com/site/images/clinical-pic/p/porphyria-cutanea-tarda/porphyria-cutanea-tarda9.jpg,httpwwwdermaamincomsiteimagesclinicalpicpporphyriacutaneatardaporphyriacutaneatarda9jpg.jpg
9de1afbb265ce50b1d0829f54fe4b668,4,4,squamous cell carcinoma,malignant epidermal,malignant,,https://www.dermaamin.com/site/images/clinical-pic/k/keratoacanthoma/keratoacanthoma94.jpg,httpwwwdermaamincomsiteimagesclinicalpickkeratoacanthomakeratoacanthoma94jpg.jpg
2010fc96d40d1f41a4a72429c2bbc354,4,4,lichen planus,inflammatory,non-neoplastic,,https://www.dermaamin.com/site/images/clinical-pic/L/lichen_planus_actinic/lichen_planus_actinic5.jpg,httpwwwdermaamincomsiteimagesclinicalpicLlichenplanusactiniclichenplanusactinic5jpg.jpg
55b0a18bf7d66e453577477afad86967,4,4,halo nevus,benign melanocyte,benign,,https://www.dermaamin.com/site/images/clinical-pic/h/halo_naevus/halo_naevus54.jpg,httpwwwdermaamincomsiteimagesclinicalpichhalonaevushalonaevus54jpg.jpg
f328d6f95f589aab72ec36989dc0ccd0,4,4,eczema,inflammatory,non-neoplastic,,https://www.dermaamin.com/site/images/clinical-pic/e/eczema/eczema105.jpg,httpwwwdermaamincomsiteimagesclinicalpiceeczemaeczema105jpg.jpg
dfe8da5278baf99ff1d0b1240e47a291,4,4,lymphangioma,benign dermal,benign,,https://www.dermaamin.com/site/images/clinical-pic/L/lymphangioma/lymphangioma40.jpg,httpwwwdermaamincomsiteimagesclinicalpicLlymphangiomalymphangioma40jpg.jpg
a618a74a7b78c46d257ac4a5553310c3,4,4,scabies,inflammatory,non-neoplastic,,https://www.dermaamin.com/site/images/clinical-pic/s/scabies/scabies27.jpg,httpwwwdermaamincomsiteimagesclinicalpicsscabiesscabies27jpg.jpg
f0ac8e2b66b9411a5c3c6a6f699bdf7b,4,4,allergic contact dermatitis,inflammatory,non-neoplastic,,https://www.dermaamin.com/site/images/clinical-pic/r/rhus_dermatitis/rhus_dermatitis11.jpg,httpwwwdermaamincomsiteimagesclinicalpicrrhusdermatitisrhusdermatitis11jpg.jpg
808baf0636bdf773feafa8be072de745,4,4,lupus erythematosus,inflammatory,non-neoplastic,,https://www.dermaamin.com/site/images/clinical-pic/r/reticular-erythematous-mucinosis/reticular-erythematous-mucinosis5.jpg,httpwwwdermaamincomsiteimagesclinicalpicrreticularerythematousmucinosisreticularerythematousmucinosis5jpg.jpg
4abdcd1c0f5aba8b2841a2b12167debd,4,4,neutrophilic dermatoses,inflammatory,non-neoplastic,,https://www.dermaamin.com/site/images/clinical-pic/s/sweet-syndrome/sweet-syndrome5.jpg,httpwwwdermaamincomsiteimagesclinicalpicssweetsyndromesweetsyndrome5jpg.jpg
11bad1ca50668e9a7d6aee6b69d3bc47,4,4,kaposi sarcoma,malignant dermal,malignant,,https://www.dermaamin.com/site/images/clinical-pic/k/kaposis-sarcoma/kaposis-sarcoma109.jpg,httpwwwdermaamincomsiteimagesclinicalpickkaposissarcomakaposissarcoma109jpg.jpg
173de6dd81d8f22b2e92edafa95061e7,4,4,pityriasis rosea,inflammatory,non-neoplastic,,https://www.dermaamin.com/site/images/clinical-pic/p/pityriasis_rosea/pityriasis_rosea55.jpg,httpwwwdermaamincomsiteimagesclinicalpicppityriasisroseapityriasisrosea55jpg.jpg
0ed1bfa2ad0267108f163a0fedb52f39,4,4,fixed eruptions,inflammatory,non-neoplastic,,https://www.dermaamin.com/site/images/clinical-pic/f/fixed_drug_eruption/fixed_drug_eruption98.jpg,httpwwwdermaamincomsiteimagesclinicalpicffixeddrugeruptionfixeddrugeruption98jpg.jpg
24813ef3a09dfaa10ccd4fec64e1b0b5,4,4,photodermatoses,inflammatory,non-neoplastic,,https://www.dermaamin.com/site/images/clinical-pic/p/phytophotodermatitis/phytophotodermatitis56.jpg,httpwwwdermaamincomsiteimagesclinicalpicpphytophotodermatitisphytophotodermatitis56jpg.jpg
4e22f7ad0e178a67b08db1d11219a0a8,4,4,epidermal nevus,benign epidermal,benign,,https://www.dermaamin.com/site/images/clinical-pic/e/epidermal_naevus/epidermal_naevus73.jpg,httpwwwdermaamincomsiteimagesclinicalpiceepidermalnaevusepidermalnaevus73jpg.jpg
96670c6006f751e046df6a3f8ebc9047,4,4,vitiligo,inflammatory,non-neoplastic,,https://www.dermaamin.com/site/images/clinical-pic/v/vitiligo/vitiligo22.jpg,httpwwwdermaamincomsiteimagesclinicalpicvvitiligovitiligo22jpg.jpg
eab0c5c1076414e66de39e483808b9d9,4,4,erythema multiforme,inflammatory,non-neoplastic,,https://www.dermaamin.com/site/images/clinical-pic/e/erythema_multiforme/erythema_multiforme24.jpg,httpwwwdermaamincomsiteimagesclinicalpiceerythemamultiformeerythemamultiforme24jpg.jpg
de6f9358f4f1c68466d09f867aa9ac72,4,4,scleromyxedema,inflammatory,non-neoplastic,,https://www.dermaamin.com/site/images/clinical-pic/s/scleromyxedema/scleromyxedema29.jpg,httpwwwdermaamincomsiteimagesclinicalpicsscleromyxedemascleromyxedema29jpg.jpg
01c5cd2467560cbb5f4a1e3dac3b03ef,4,4,telangiectases,benign dermal,benign,,https://www.dermaamin.com/site/images/clinical-pic/b/bloom_syndrome/bloom_syndrome1.jpg,httpwwwdermaamincomsiteimagesclinicalpicbbloomsyndromebloomsyndrome1jpg.jpg
f5105449ff5fceced9cfdf82bcda71dc,4,4,neurodermatitis,inflammatory,non-neoplastic,,https://www.dermaamin.com/site/images/clinical-pic/n/nickel-dermatitis/nickel-dermatitis5.jpg,httpwwwdermaamincomsiteimagesclinicalpicnnickeldermatitisnickeldermatitis5jpg.jpg
6a0264fec349d4487c83a53bc8d5d690,4,4,halo nevus,benign melanocyte,benign,,https://www.dermaamin.com/site/images/clinical-pic/h/halo_naevus/halo_naevus17.jpg,httpwwwdermaamincomsiteimagesclinicalpichhalonaevushalonaevus17jpg.jpg
41e2b5ee06d636fb7239a48d219e91ca,4,4,pityriasis rubra pilaris,inflammatory,non-neoplastic,,https://www.dermaamin.com/site/images/clinical-pic/p/pityriasis_rubra_pilaris/pityriasis_rubra_pilaris96.jpg,httpwwwdermaamincomsiteimagesclinicalpicppityriasisrubrapilarispityriasisrubrapilaris96jpg.jpg
9fec88cec01508ec53fe8558db72b935,4,4,naevus comedonicus,benign epidermal,benign,,https://www.dermaamin.com/site/images/clinical-pic/n/naevus_comedonicus/naevus_comedonicus9.jpg,httpwwwdermaamincomsiteimagesclinicalpicnnaevuscomedonicusnaevuscomedonicus9jpg.jpg
b35d9c96974062e2e3a3a98f57d77bf4,4,4,lupus erythematosus,inflammatory,non-neoplastic,,https://www.dermaamin.com/site/images/clinical-pic/L/lupus_erythematosus_chronicus_discoides/lupus_erythematosus_chronicus_discoides16.jpg,httpwwwdermaamincomsiteimagesclinicalpicLlupuserythematosuschronicusdiscoideslupuserythematosuschronicusdiscoides16jpg.jpg
a5ab69f0fec47fd134571b4ed4077e0d,4,4,psoriasis,inflammatory,non-neoplastic,,https://www.dermaamin.com/site/images/clinical-pic/f/filariasis/filariasis4.jpg,httpwwwdermaamincomsiteimagesclinicalpicffilariasisfilariasis4jpg.jpg
f8f4f4a8492f4d6280877d27bf8a18c0,4,4,photodermatoses,inflammatory,non-neoplastic,,https://www.dermaamin.com/site/images/clinical-pic/a/actinic_prurigo/actinic_prurigo7.jpg,httpwwwdermaamincomsiteimagesclinicalpicaactinicprurigoactinicprurigo7jpg.jpg
490db0e5fe84c0af4b57a848ecaa0d77,4,4,epidermolysis bullosa,genodermatoses,non-neoplastic,,https://www.dermaamin.com/site/images/clinical-pic/e/epidermolysis_bullosa/epidermolysis_bullosa12.jpg,httpwwwdermaamincomsiteimagesclinicalpiceepidermolysisbullosaepidermolysisbullosa12jpg.jpg
5ea14dec144e98027ffa9339db1f62a5,4,4,papilomatosis confluentes and reticulate,inflammatory,non-neoplastic,,https://www.dermaamin.com/site/images/clinical-pic/p/papillomatosis_confluent_reticulated/papillomatosis_confluent_reticulated20.jpg,httpwwwdermaamincomsiteimagesclinicalpicppapillomatosisconfluentreticulatedpapillomatosisconfluentreticulated20jpg.jpg
17bb114a58cb47db3a38317333084a66,4,4,mycosis fungoides,malignant cutaneous lymphoma,malignant,,https://www.dermaamin.com/site/images/clinical-pic/m/mycosis-fongoide/mycosis-fongoide79.jpg,httpwwwdermaamincomsiteimagesclinicalpicmmycosisfongoidemycosisfongoide79jpg.jpg
427c08d692267d71c1f11344f5a884f5,4,4,kaposi sarcoma,malignant dermal,malignant,,https://www.dermaamin.com/site/images/clinical-pic/k/kaposis-sarcoma/kaposis-sarcoma65.jpg,httpwwwdermaamincomsiteimagesclinicalpickkaposissarcomakaposissarcoma65jpg.jpg
6024421295616ca86f4402c8e3167c51,4,4,pityriasis rosea,inflammatory,non-neoplastic,,https://www.dermaamin.com/site/images/clinical-pic/p/pityriasis_rosea/pityriasis_rosea12.jpg,httpwwwdermaamincomsiteimagesclinicalpicppityriasisroseapityriasisrosea12jpg.jpg
55fd94b0e26a315f6c76648dce2ee70a,4,4,neutrophilic dermatoses,inflammatory,non-neoplastic,,https://www.dermaamin.com/site/images/clinical-pic/p/pyoderma-gangrenosum/pyoderma-gangrenosum31.jpg,httpwwwdermaamincomsiteimagesclinicalpicppyodermagangrenosumpyodermagangrenosum31jpg.jpg
e5fe8a7a79f13e7d3d41d443b9fa3dd6,4,4,urticaria pigmentosa,inflammatory,non-neoplastic,,https://www.dermaamin.com/site/images/clinical-pic/u/urticaria-pigmentosa/urticaria-pigmentosa21.jpg,httpwwwdermaamincomsiteimagesclinicalpicuurticariapigmentosaurticariapigmentosa21jpg.jpg
04338180758cbbbcb6f1aee1d3465c27,4,4,vitiligo,inflammatory,non-neoplastic,,https://www.dermaamin.com/site/images/clinical-pic/v/vitiligo/vitiligo8.jpg,httpwwwdermaamincomsiteimagesclinicalpicvvitiligovitiligo8jpg.jpg
40f32e28acba3e92330155253b6e0965,4,4,stasis edema,inflammatory,non-neoplastic,,https://www.dermaamin.com/site/images/clinical-pic/s/stasis-ulcer/stasis-ulcer5.jpg,httpwwwdermaamincomsiteimagesclinicalpicsstasisulcerstasisulcer5jpg.jpg
5ca8962f98c0ab4b2e3d17d5f76020e4,4,4,keratosis pilaris,inflammatory,non-neoplastic,,https://www.dermaamin.com/site/images/clinical-pic/k/keratosis-pilaris/keratosis-pilaris61.jpg,httpwwwdermaamincomsiteimagesclinicalpickkeratosispilariskeratosispilaris61jpg.jpg
b32bd1bfca6377215031c2e8e9603c3d,4,4,scabies,inflammatory,non-neoplastic,,https://www.dermaamin.com/site/images/clinical-pic/a/abcess/abcess1.jpg,httpwwwdermaamincomsiteimagesclinicalpicaabcessabcess1jpg.jpg
ef4cb703e73781fd8227e5467ea97439,4,4,pityriasis rubra pilaris,inflammatory,non-neoplastic,,https://www.dermaamin.com/site/images/clinical-pic/p/pityriasis_rubra_pilaris/pityriasis_rubra_pilaris22.jpg,httpwwwdermaamincomsiteimagesclinicalpicppityriasisrubrapilarispityriasisrubrapilaris22jpg.jpg
497eceb8d6681e1a7335546beeaf931d,4,4,neurofibromatosis,genodermatoses,non-neoplastic,,https://www.dermaamin.com/site/images/clinical-pic/n/neurofibromatosis-von-reckling-hausen-syndrome/neurofibromatosis-von-reckling-hausen-syndrome47.jpg,httpwwwdermaamincomsiteimagesclinicalpicnneurofibromatosisvonrecklinghausensyndromeneurofibromatosisvonrecklinghausensyndrome47jpg.jpg
eb9e3bbb4bb38985adff29b28179d5b2,4,4,porokeratosis actinic,benign epidermal,benign,,https://www.dermaamin.com/site/images/clinical-pic/k/keratosis_solar/keratosis_solar3.jpg,httpwwwdermaamincomsiteimagesclinicalpickkeratosissolarkeratosissolar3jpg.jpg
e56b71d9a7bc4767c5bfa368c2006fee,4,4,factitial dermatitis,inflammatory,non-neoplastic,,https://www.dermaamin.com/site/images/clinical-pic/f/factitial_dermatitis/factitial_dermatitis49.jpg,httpwwwdermaamincomsiteimagesclinicalpicffactitialdermatitisfactitialdermatitis49jpg.jpg
f8132f757e43f877ad8ce06cdb1a7894,4,4,neutrophilic dermatoses,inflammatory,non-neoplastic,,https://www.dermaamin.com/site/images/clinical-pic/p/pyodermite_Vegetante/pyodermite_Vegetante3.jpg,httpwwwdermaamincomsiteimagesclinicalpicppyodermiteVegetantepyodermiteVegetante3jpg.jpg
a77037725931ab063ca4592f39cf5993,4,4,dyshidrotic eczema,inflammatory,non-neoplastic,,https://www.dermaamin.com/site/images/clinical-pic/h/hypohidrotic_ectodermal_dysplasia/hypohidrotic_ectodermal_dysplasia6.jpg,httpwwwdermaamincomsiteimagesclinicalpichhypohidroticectodermaldysplasiahypohidroticectodermaldysplasia6jpg.jpg
287ae52124079fd46a7a58e1ab840a27,4,4,porokeratosis actinic,benign epidermal,benign,,https://www.dermaamin.com/site/images/clinical-pic/p/porokeratosis_actinic/porokeratosis_actinic4.jpg,httpwwwdermaamincomsiteimagesclinicalpicpporokeratosisactinicporokeratosisactinic4jpg.jpg
f27cd92ce48e3148f78e5a46c11a460a,4,4,halo nevus,benign melanocyte,benign,,https://www.dermaamin.com/site/images/clinical-pic/h/halo_naevus/halo_naevus10.jpg,httpwwwdermaamincomsiteimagesclinicalpichhalonaevushalonaevus10jpg.jpg
c3869978c75ac62436fcca2558cc92c8,4,4,photodermatoses,inflammatory,non-neoplastic,,https://www.dermaamin.com/site/images/clinical-pic/p/phototoxic-eruption/phototoxic-eruption36.jpg,httpwwwdermaamincomsiteimagesclinicalpicpphototoxiceruptionphototoxiceruption36jpg.jpg
402ee72b6a8027d388d24f9008326880,4,4,erythema annulare centrifigum,inflammatory,non-neoplastic,,https://www.dermaamin.com/site/images/clinical-pic/e/erythema_annulare_centrifugum/erythema_annulare_centrifugum35.jpg,httpwwwdermaamincomsiteimagesclinicalpiceerythemaannularecentrifugumerythemaannularecentrifugum35jpg.jpg
bc1802b486d5285d6efdfc558b753a9e,4,4,scabies,inflammatory,non-neoplastic,,https://www.dermaamin.com/site/images/clinical-pic/s/scabies/scabies31.jpg,httpwwwdermaamincomsiteimagesclinicalpicsscabiesscabies31jpg.jpg
46ad6e41fc3c879e602560792d9affb9,4,4,ichthyosis vulgaris,genodermatoses,non-neoplastic,,https://www.dermaamin.com/site/images/clinical-pic/I/ichthyosis_vulgaris/ichthyosis_vulgaris26.jpg,httpwwwdermaamincomsiteimagesclinicalpicIichthyosisvulgarisichthyosisvulgaris26jpg.jpg
e8be0feba59e46ccfa1c7c9c9c6ddeab,4,4,papilomatosis confluentes and reticulate,inflammatory,non-neoplastic,,https://www.dermaamin.com/site/images/clinical-pic/p/papillomatosis_confluent_reticulated/papillomatosis_confluent_reticulated25.jpg,httpwwwdermaamincomsiteimagesclinicalpicppapillomatosisconfluentreticulatedpapillomatosisconfluentreticulated25jpg.jpg
38475c3b08e55f3c7a3813893b40e244,4,4,acne vulgaris,inflammatory,non-neoplastic,,https://www.dermaamin.com/site/images/clinical-pic/a/acne_vulgaris/acne_vulgaris9.jpg,httpwwwdermaamincomsiteimagesclinicalpicaacnevulgarisacnevulgaris9jpg.jpg
2cf26fb868870c2f9686df94cf0687aa,4,4,granuloma annulare,inflammatory,non-neoplastic,,https://www.dermaamin.com/site/images/clinical-pic/g/granuloma_annulare/granuloma_annulare114.jpg,httpwwwdermaamincomsiteimagesclinicalpicggranulomaannularegranulomaannulare114jpg.jpg
e23ca962ab4506bf17cfb2174ebb350d,4,4,actinic keratosis,malignant epidermal,malignant,,https://www.dermaamin.com/site/images/clinical-pic/a/actinic_keratoses/actinic_keratoses78.jpg,httpwwwdermaamincomsiteimagesclinicalpicaactinickeratosesactinickeratoses78jpg.jpg
eb89d0907cc7d71d0d21dc511fe02322,4,4,neutrophilic dermatoses,inflammatory,non-neoplastic,,https://www.dermaamin.com/site/images/clinical-pic/s/sturge-weber_syndrome/sturge-weber_syndrome4.jpg,httpwwwdermaamincomsiteimagesclinicalpicssturgewebersyndromesturgewebersyndrome4jpg.jpg
3c566d6d37c2b542102824923025bb2e,4,4,dermatomyositis,inflammatory,non-neoplastic,,https://www.dermaamin.com/site/images/clinical-pic/d/dermatomyositis/dermatomyositis110.jpg,httpwwwdermaamincomsiteimagesclinicalpicddermatomyositisdermatomyositis110jpg.jpg
8ca985e79d18a6a0eb366f6dba81c63e,4,4,neurotic excoriations,inflammatory,non-neoplastic,,https://www.dermaamin.com/site/images/clinical-pic/n/neurotic-excoriations/neurotic-excoriations17.jpg,httpwwwdermaamincomsiteimagesclinicalpicnneuroticexcoriationsneuroticexcoriations17jpg.jpg
4062f7d2bf4baa0f792741ceac66958f,4,4,prurigo nodularis,benign epidermal,benign,,https://www.dermaamin.com/site/images/clinical-pic/p/prurigo_nodularis/prurigo_nodularis10.jpg,httpwwwdermaamincomsiteimagesclinicalpicpprurigonodularisprurigonodularis10jpg.jpg
e47e12dbb47ea82aad3545d8bed68c24,4,4,neutrophilic dermatoses,inflammatory,non-neoplastic,,https://www.dermaamin.com/site/images/clinical-pic/s/sweet-syndrome/sweet-syndrome16.jpg,httpwwwdermaamincomsiteimagesclinicalpicssweetsyndromesweetsyndrome16jpg.jpg
9b790cdbcb6d43362996b1669dcddbcd,4,4,granuloma annulare,inflammatory,non-neoplastic,,https://www.dermaamin.com/site/images/clinical-pic/g/granuloma_annulare/granuloma_annulare138.jpg,httpwwwdermaamincomsiteimagesclinicalpicggranulomaannularegranulomaannulare138jpg.jpg
8bbcc4ba3fbd5ad284384eecc1178e0e,4,4,sarcoidosis,inflammatory,non-neoplastic,,https://www.dermaamin.com/site/images/clinical-pic/s/sarcoidosis/sarcoidosis94.jpg,httpwwwdermaamincomsiteimagesclinicalpicssarcoidosissarcoidosis94jpg.jpg
bebaf5073093ee147a5b4a64d6b6adcd,4,4,acanthosis nigricans,inflammatory,non-neoplastic,,https://www.dermaamin.com/site/images/clinical-pic/a/acanthosis_nigricans/acanthosis_nigricans29.jpg,httpwwwdermaamincomsiteimagesclinicalpicaacanthosisnigricansacanthosisnigricans29jpg.jpg
dc333fd69f22c5b9082503ad62a3fb55,4,4,granuloma annulare,inflammatory,non-neoplastic,,https://www.dermaamin.com/site/images/clinical-pic/g/granuloma_annulare/granuloma_annulare45.jpg,httpwwwdermaamincomsiteimagesclinicalpicggranulomaannularegranulomaannulare45jpg.jpg
5fb0d4111a9f62845ee07edc66d6909f,4,4,papilomatosis confluentes and reticulate,inflammatory,non-neoplastic,,https://www.dermaamin.com/site/images/clinical-pic/p/papillomatosis_confluent_reticulated/papillomatosis_confluent_reticulated15.jpg,httpwwwdermaamincomsiteimagesclinicalpicppapillomatosisconfluentreticulatedpapillomatosisconfluentreticulated15jpg.jpg
908bad117e99300bbf41731c013a1d41,4,4,sarcoidosis,inflammatory,non-neoplastic,,https://www.dermaamin.com/site/images/clinical-pic/s/sarcoidosis/sarcoidosis5.jpg,httpwwwdermaamincomsiteimagesclinicalpicssarcoidosissarcoidosis5jpg.jpg
9737551e07a07565ace79e045057a3d9,4,4,neurofibromatosis,genodermatoses,non-neoplastic,,https://www.dermaamin.com/site/images/clinical-pic/n/neurofibromatosis-von-reckling-hausen-syndrome/neurofibromatosis-von-reckling-hausen-syndrome45.jpg,httpwwwdermaamincomsiteimagesclinicalpicnneurofibromatosisvonrecklinghausensyndromeneurofibromatosisvonrecklinghausensyndrome45jpg.jpg
a8025c30579f021a34a37e006b51b1c2,4,4,behcets disease,inflammatory,non-neoplastic,,https://www.dermaamin.com/site/images/clinical-pic/b/buerger_disease/buerger_disease1.jpg,httpwwwdermaamincomsiteimagesclinicalpicbbuergerdiseasebuergerdisease1jpg.jpg
0a2d6ce5186aecf620ef749c7630b3e2,4,4,photodermatoses,inflammatory,non-neoplastic,,https://www.dermaamin.com/site/images/clinical-pic/a/actinic_prurigo/actinic_prurigo6.jpg,httpwwwdermaamincomsiteimagesclinicalpicaactinicprurigoactinicprurigo6jpg.jpg
48d21b45badd60127a29480d52f1635b,4,4,porokeratosis actinic,benign epidermal,benign,,https://www.dermaamin.com/site/images/clinical-pic/k/keratosis_solar/keratosis_solar20.jpg,httpwwwdermaamincomsiteimagesclinicalpickkeratosissolarkeratosissolar20jpg.jpg
111d3c4c189eb2e559bc85117f7975fb,4,4,fordyce spots,benign dermal,benign,,https://www.dermaamin.com/site/images/clinical-pic/p/pearly-penile-papules/pearly-penile-papules15.jpg,httpwwwdermaamincomsiteimagesclinicalpicppearlypenilepapulespearlypenilepapules15jpg.jpg
24424bec7c037d772b385a70a16e4f5a,4,4,acanthosis nigricans,inflammatory,non-neoplastic,,https://www.dermaamin.com/site/images/clinical-pic/a/acanthosis_nigricans/acanthosis_nigricans1.jpg,httpwwwdermaamincomsiteimagesclinicalpicaacanthosisnigricansacanthosisnigricans1jpg.jpg
4ec65f3a315887ebb756408303fb6122,4,4,erythema elevatum diutinum,inflammatory,non-neoplastic,,https://www.dermaamin.com/site/images/clinical-pic/e/erythema_elevatum_diutinum/erythema_elevatum_diutinum34.jpg,httpwwwdermaamincomsiteimagesclinicalpiceerythemaelevatumdiutinumerythemaelevatumdiutinum34jpg.jpg
9ee1b3ba1b2f7e058276d82f90fa3202,4,4,lupus erythematosus,inflammatory,non-neoplastic,,https://www.dermaamin.com/site/images/clinical-pic/L/lupus_erythematosus_chronicus_discoides/lupus_erythematosus_chronicus_discoides46.jpg,httpwwwdermaamincomsiteimagesclinicalpicLlupuserythematosuschronicusdiscoideslupuserythematosuschronicusdiscoides46jpg.jpg
619fc11fe9f2881d8458312ea0071756,4,4,lupus erythematosus,inflammatory,non-neoplastic,,https://www.dermaamin.com/site/images/clinical-pic/L/lupus_erythematosus_chronicus_discoides/lupus_erythematosus_chronicus_discoides48.jpg,httpwwwdermaamincomsiteimagesclinicalpicLlupuserythematosuschronicusdiscoideslupuserythematosuschronicusdiscoides48jpg.jpg
fe545349e813d2e479ca5e4ccc941571,4,4,tuberous sclerosis,genodermatoses,non-neoplastic,,https://www.dermaamin.com/site/images/clinical-pic/t/tuberous_sclerosis/tuberous_sclerosis98.jpg,httpwwwdermaamincomsiteimagesclinicalpicttuberoussclerosistuberoussclerosis98jpg.jpg
29cfb297d6a32b470e792fb45ca93ee1,4,4,cheilitis,inflammatory,non-neoplastic,,https://www.dermaamin.com/site/images/clinical-pic/c/chancre_syphilitique/chancre_syphilitique8.jpg,httpwwwdermaamincomsiteimagesclinicalpiccchancresyphilitiquechancresyphilitique8jpg.jpg
92fec94230e482f39a5d1849c797b387,4,4,aplasia cutis,inflammatory,non-neoplastic,,https://www.dermaamin.com/site/images/clinical-pic/a/aplasia_cutis_congenita_circumscripta/aplasia_cutis_congenita_circumscripta21.jpg,httpwwwdermaamincomsiteimagesclinicalpicaaplasiacutiscongenitacircumscriptaaplasiacutiscongenitacircumscripta21jpg.jpg
32ee50d10ed099aca223ce569d6ec7ca,4,4,scleroderma,inflammatory,non-neoplastic,,https://www.dermaamin.com/site/images/clinical-pic/s/scleredema/scleredema43.jpg,httpwwwdermaamincomsiteimagesclinicalpicsscleredemascleredema43jpg.jpg
4ccb610169a7874245fd0f94b96c0054,4,4,psoriasis,inflammatory,non-neoplastic,,https://www.dermaamin.com/site/images/clinical-pic/p/psoriasis/psoriasis77.jpg,httpwwwdermaamincomsiteimagesclinicalpicppsoriasispsoriasis77jpg.jpg
9a7d74cfe3f94e573bb5645c5a0fee35,4,4,neurofibromatosis,genodermatoses,non-neoplastic,,https://www.dermaamin.com/site/images/clinical-pic/n/neurofibromatosis-von-reckling-hausen-syndrome/neurofibromatosis-von-reckling-hausen-syndrome94.jpg,httpwwwdermaamincomsiteimagesclinicalpicnneurofibromatosisvonrecklinghausensyndromeneurofibromatosisvonrecklinghausensyndrome94jpg.jpg
3bbdc75e1072bd742f5823e0651dd337,4,4,drug eruption,inflammatory,non-neoplastic,,https://www.dermaamin.com/site/images/clinical-pic/d/drug_eruption/drug_eruption165.jpg,httpwwwdermaamincomsiteimagesclinicalpicddrugeruptiondrugeruption165jpg.jpg
8d47665dd04c83496fad63942b78f1ff,4,4,prurigo nodularis,benign epidermal,benign,,https://www.dermaamin.com/site/images/clinical-pic/p/prurigo_nodularis/prurigo_nodularis43.jpg,httpwwwdermaamincomsiteimagesclinicalpicpprurigonodularisprurigonodularis43jpg.jpg
8bb8427c23fb043c789afc6c09333a07,4,4,lupus erythematosus,inflammatory,non-neoplastic,,https://www.dermaamin.com/site/images/clinical-pic/s/subacute-cutaneous-lupus-erythematosus/subacute-cutaneous-lupus-erythematosus69.jpg,httpwwwdermaamincomsiteimagesclinicalpicssubacutecutaneouslupuserythematosussubacutecutaneouslupuserythematosus69jpg.jpg
fd782eebb4cdb1411c204ab71f84366d,4,4,scabies,inflammatory,non-neoplastic,,https://www.dermaamin.com/site/images/clinical-pic/n/norwegian_scabies/norwegian_scabies11.jpg,httpwwwdermaamincomsiteimagesclinicalpicnnorwegianscabiesnorwegianscabies11jpg.jpg
44b0916f218f564db263ff46a009d212,4,4,folliculitis,inflammatory,non-neoplastic,,https://www.dermaamin.com/site/images/clinical-pic/p/pityrosporum-folliculitis/pityrosporum-folliculitis7.jpg,httpwwwdermaamincomsiteimagesclinicalpicppityrosporumfolliculitispityrosporumfolliculitis7jpg.jpg
3940c79ba1cd3c6129e856d584f4a497,4,4,fixed eruptions,inflammatory,non-neoplastic,,https://www.dermaamin.com/site/images/clinical-pic/f/fixed_drug_eruption/fixed_drug_eruption97.jpg,httpwwwdermaamincomsiteimagesclinicalpicffixeddrugeruptionfixeddrugeruption97jpg.jpg
7368865691b425e65681abc63950a746,4,4,psoriasis,inflammatory,non-neoplastic,,https://www.dermaamin.com/site/images/clinical-pic/p/psoriasis/psoriasis59.jpg,httpwwwdermaamincomsiteimagesclinicalpicppsoriasispsoriasis59jpg.jpg
f8fe54e51243e7278deed09b41807dbc,4,4,lupus subacute,inflammatory,non-neoplastic,,https://www.dermaamin.com/site/images/clinical-pic/m/mixedc-onnective-tissue-disease/mixedc-onnective-tissue-disease15.jpg,httpwwwdermaamincomsiteimagesclinicalpicmmixedconnectivetissuediseasemixedconnectivetissuedisease15jpg.jpg
76980979ad9e78fbdfbc5d8f4824f5d1,4,4,neutrophilic dermatoses,inflammatory,non-neoplastic,,https://www.dermaamin.com/site/images/clinical-pic/s/sweet-syndrome/sweet-syndrome29.jpg,httpwwwdermaamincomsiteimagesclinicalpicssweetsyndromesweetsyndrome29jpg.jpg
528a578f03a4c188833bb9973a5b5130,4,4,juvenile xanthogranuloma,inflammatory,non-neoplastic,,https://www.dermaamin.com/site/images/clinical-pic/J/juvenile-xanthogranuloma/juvenile-xanthogranuloma31.jpg,httpwwwdermaamincomsiteimagesclinicalpicJjuvenilexanthogranulomajuvenilexanthogranuloma31jpg.jpg
f34d5b00018eaf01c0fdd5f0299f7321,4,4,drug induced pigmentary changes,inflammatory,non-neoplastic,,https://www.dermaamin.com/site/images/clinical-pic/m/minocycline-pigmentation/minocycline-pigmentation6.jpg,httpwwwdermaamincomsiteimagesclinicalpicmminocyclinepigmentationminocyclinepigmentation6jpg.jpg
8fe27767953e37a0ce597a812e752187,4,4,lupus subacute,inflammatory,non-neoplastic,,https://www.dermaamin.com/site/images/clinical-pic/L/lymphocytic-infiltration-of-the-skin-jessner-kanof/lymphocytic-infiltration-of-the-skin-jessner-kanof4.jpg,httpwwwdermaamincomsiteimagesclinicalpicLlymphocyticinfiltrationoftheskinjessnerkanoflymphocyticinfiltrationoftheskinjessnerkanof4jpg.jpg
ba4a4f4bc83b1c6d6ad0e3a380bc8081,4,4,allergic contact dermatitis,inflammatory,non-neoplastic,,https://www.dermaamin.com/site/images/clinical-pic/I/irritant-contact-dermatitis/irritant-contact-dermatitis10.jpg,httpwwwdermaamincomsiteimagesclinicalpicIirritantcontactdermatitisirritantcontactdermatitis10jpg.jpg
e4d26e98e09c4dfb1b90b1bad2c73587,4,4,pityriasis rosea,inflammatory,non-neoplastic,,https://www.dermaamin.com/site/images/clinical-pic/p/pityriasis_rosea/pityriasis_rosea7.jpg,httpwwwdermaamincomsiteimagesclinicalpicppityriasisroseapityriasisrosea7jpg.jpg
e8f7c34342d3edfab4027ef94eab5c1b,4,4,allergic contact dermatitis,inflammatory,non-neoplastic,,https://www.dermaamin.com/site/images/clinical-pic/c/contact_dermatitis/contact_dermatitis31.jpg,httpwwwdermaamincomsiteimagesclinicalpicccontactdermatitiscontactdermatitis31jpg.jpg
66744dcb7d1fa818dbca89211984b220,4,4,myiasis,inflammatory,non-neoplastic,,https://www.dermaamin.com/site/images/clinical-pic/m/myiasis-furuncular_myiais/myiasis-furuncular_myiais16.jpg,httpwwwdermaamincomsiteimagesclinicalpicmmyiasisfuruncularmyiaismyiasisfuruncularmyiais16jpg.jpg
0896aad5d8447d068503c8f0c0071668,4,4,telangiectases,benign dermal,benign,,https://www.dermaamin.com/site/images/clinical-pic/b/bloom_syndrome/bloom_syndrome5.jpg,httpwwwdermaamincomsiteimagesclinicalpicbbloomsyndromebloomsyndrome5jpg.jpg
6bca7674286f4fc8bfe9bad781a05c13,4,4,psoriasis,inflammatory,non-neoplastic,,https://www.dermaamin.com/site/images/clinical-pic/f/filariasis/filariasis1.jpg,httpwwwdermaamincomsiteimagesclinicalpicffilariasisfilariasis1jpg.jpg
f3f0b505f7909f8b3bd0db0036946f36,4,4,psoriasis,inflammatory,non-neoplastic,,https://www.dermaamin.com/site/images/clinical-pic/p/psoriasis/psoriasis82.jpg,httpwwwdermaamincomsiteimagesclinicalpicppsoriasispsoriasis82jpg.jpg
09b7af66b4133f6a069ddcf2a3cbec93,4,4,tuberous sclerosis,genodermatoses,non-neoplastic,,https://www.dermaamin.com/site/images/clinical-pic/t/tuberous_sclerosis/tuberous_sclerosis31.jpg,httpwwwdermaamincomsiteimagesclinicalpicttuberoussclerosistuberoussclerosis31jpg.jpg
ff2e0bd36ecb3d589f44d4ee5a94bd24,4,4,allergic contact dermatitis,inflammatory,non-neoplastic,,https://www.dermaamin.com/site/images/clinical-pic/c/contact_dermatitis/contact_dermatitis18.jpg,httpwwwdermaamincomsiteimagesclinicalpicccontactdermatitiscontactdermatitis18jpg.jpg
ace6df6dd4ae97322f9093b80b192f11,4,4,xeroderma pigmentosum,genodermatoses,non-neoplastic,,https://www.dermaamin.com/site/images/clinical-pic/X/xeroderma-pigmentosum/xeroderma-pigmentosum64.jpg,httpwwwdermaamincomsiteimagesclinicalpicXxerodermapigmentosumxerodermapigmentosum64jpg.jpg
4e90f3cc9051c8bcc7ee07f25e169134,4,4,squamous cell carcinoma,malignant epidermal,malignant,,https://www.dermaamin.com/site/images/clinical-pic/k/keratoacanthoma/keratoacanthoma99.jpg,httpwwwdermaamincomsiteimagesclinicalpickkeratoacanthomakeratoacanthoma99jpg.jpg
764e922aa3cd6c871f7949f60d013714,4,4,syringoma,benign dermal,benign,,https://www.dermaamin.com/site/images/clinical-pic/s/syringoma/syringoma40.jpg,httpwwwdermaamincomsiteimagesclinicalpicssyringomasyringoma40jpg.jpg
329d3223fddeadbf5a62cff7b28a2d17,4,4,acne vulgaris,inflammatory,non-neoplastic,,https://www.dermaamin.com/site/images/clinical-pic/a/acne_vulgaris/acne_vulgaris294.jpg,httpwwwdermaamincomsiteimagesclinicalpicaacnevulgarisacnevulgaris294jpg.jpg
b2a345b372f3a7643f1211843f9a5dec,4,4,ehlers danlos syndrome,genodermatoses,non-neoplastic,,https://www.dermaamin.com/site/images/clinical-pic/e/ehlers_danlos_syndrome/ehlers_danlos_syndrome69.jpg,httpwwwdermaamincomsiteimagesclinicalpiceehlersdanlossyndromeehlersdanlossyndrome69jpg.jpg
82e84a75896f5132411702328105f900,4,4,erythema multiforme,inflammatory,non-neoplastic,,https://www.dermaamin.com/site/images/clinical-pic/e/erythema_multiforme/erythema_multiforme47.jpg,httpwwwdermaamincomsiteimagesclinicalpiceerythemamultiformeerythemamultiforme47jpg.jpg
9f94f5bfdda882d65aa219ff0983ca77,4,4,xanthomas,inflammatory,non-neoplastic,,https://www.dermaamin.com/site/images/clinical-pic/a/anthrax/anthrax10.jpg,httpwwwdermaamincomsiteimagesclinicalpicaanthraxanthrax10jpg.jpg
d6de91a24d38706fbc9417e712f1aae6,4,4,tick bite,inflammatory,non-neoplastic,,https://www.dermaamin.com/site/images/clinical-pic/f/flea_bites/flea_bites4.jpg,httpwwwdermaamincomsiteimagesclinicalpicffleabitesfleabites4jpg.jpg
85d0995fedb207bc921a3120cb22b32e,4,4,keloid,inflammatory,non-neoplastic,,https://www.dermaamin.com/site/images/clinical-pic/k/kekoid/kekoid72.jpg,httpwwwdermaamincomsiteimagesclinicalpickkekoidkekoid72jpg.jpg
cd5c28630066f30a013808f60cb392f0,4,4,porphyria,inflammatory,non-neoplastic,,https://www.dermaamin.com/site/images/clinical-pic/p/porphyria-cutanea-tarda/porphyria-cutanea-tarda26.jpg,httpwwwdermaamincomsiteimagesclinicalpicpporphyriacutaneatardaporphyriacutaneatarda26jpg.jpg
dd97008823383cd405a766d5fc0ff482,4,4,sarcoidosis,inflammatory,non-neoplastic,,https://www.dermaamin.com/site/images/clinical-pic/s/sarcoidosis/sarcoidosis18.jpg,httpwwwdermaamincomsiteimagesclinicalpicssarcoidosissarcoidosis18jpg.jpg
a2c3f081bffa82baea1b7e6f75ab9525,4,4,porokeratosis actinic,benign epidermal,benign,,https://www.dermaamin.com/site/images/clinical-pic/p/porokeratosis_actinic/porokeratosis_actinic26.jpg,httpwwwdermaamincomsiteimagesclinicalpicpporokeratosisactinicporokeratosisactinic26jpg.jpg
2c6a3cdcfddebd9854b241536dbb899c,4,4,vitiligo,inflammatory,non-neoplastic,,https://www.dermaamin.com/site/images/clinical-pic/v/vitiligo/vitiligo32.jpg,httpwwwdermaamincomsiteimagesclinicalpicvvitiligovitiligo32jpg.jpg
32a5ecac69adc9fefc35ed907f5c03de,4,4,halo nevus,benign melanocyte,benign,,https://www.dermaamin.com/site/images/clinical-pic/h/halo_naevus/halo_naevus38.jpg,httpwwwdermaamincomsiteimagesclinicalpichhalonaevushalonaevus38jpg.jpg
afaa433610ba63e03626fb0a38985823,4,4,lupus erythematosus,inflammatory,non-neoplastic,,https://www.dermaamin.com/site/images/clinical-pic/L/lupus_erythematosus_chronicus_verrucous/lupus_erythematosus_chronicus_verrucous1.jpg,httpwwwdermaamincomsiteimagesclinicalpicLlupuserythematosuschronicusverrucouslupuserythematosuschronicusverrucous1jpg.jpg
b2aeaf1679e1ecc895c45c28aa5df8c6,4,4,granuloma annulare,inflammatory,non-neoplastic,,https://www.dermaamin.com/site/images/clinical-pic/g/granuloma_annulare/granuloma_annulare116.jpg,httpwwwdermaamincomsiteimagesclinicalpicggranulomaannularegranulomaannulare116jpg.jpg
4c3cad1ad85a1015935cba5c3ba63350,4,4,pustular psoriasis,inflammatory,non-neoplastic,,https://www.dermaamin.com/site/images/clinical-pic/p/pustulosis/pustulosis1.jpg,httpwwwdermaamincomsiteimagesclinicalpicppustulosispustulosis1jpg.jpg
835a931b5ddf66e9b58b47421a8c4dad,4,4,melanoma,malignant melanoma,malignant,,https://www.dermaamin.com/site/images/clinical-pic/m/melanoma/melanoma31.jpg,httpwwwdermaamincomsiteimagesclinicalpicmmelanomamelanoma31jpg.jpg
59def581ce799761ba8a88e8327693b2,4,4,keratosis pilaris,inflammatory,non-neoplastic,,https://www.dermaamin.com/site/images/clinical-pic/k/keratosis-pilaris/keratosis-pilaris41.jpg,httpwwwdermaamincomsiteimagesclinicalpickkeratosispilariskeratosispilaris41jpg.jpg
843fcf58cf4b86ab2148455bff8a5dd1,4,4,papilomatosis confluentes and reticulate,inflammatory,non-neoplastic,,https://www.dermaamin.com/site/images/clinical-pic/p/papillomatosis_confluent_reticulated/papillomatosis_confluent_reticulated4.jpg,httpwwwdermaamincomsiteimagesclinicalpicppapillomatosisconfluentreticulatedpapillomatosisconfluentreticulated4jpg.jpg
d828f8e7f88e76b96f1156313a055f35,4,4,lyme disease,inflammatory,non-neoplastic,,https://www.dermaamin.com/site/images/clinical-pic/e/erytrasma/erytrasma40.jpg,httpwwwdermaamincomsiteimagesclinicalpiceerytrasmaerytrasma40jpg.jpg
2fdf3a80febe2b3798042234bfc2dec5,4,4,porokeratosis actinic,benign epidermal,benign,,https://www.dermaamin.com/site/images/clinical-pic/p/porokeratosis_actinic/porokeratosis_actinic10.jpg,httpwwwdermaamincomsiteimagesclinicalpicpporokeratosisactinicporokeratosisactinic10jpg.jpg
233ad3f5ccdbbcba487b0b388ee62179,4,4,lichen simplex,inflammatory,non-neoplastic,,https://www.dermaamin.com/site/images/clinical-pic/c/chicken_pox/chicken_pox1.jpg,httpwwwdermaamincomsiteimagesclinicalpiccchickenpoxchickenpox1jpg.jpg
f4e92ed3965616d1a57ee6dd394d1297,4,4,tick bite,inflammatory,non-neoplastic,,https://www.dermaamin.com/site/images/clinical-pic/f/flea_bites/flea_bites6.jpg,httpwwwdermaamincomsiteimagesclinicalpicffleabitesfleabites6jpg.jpg
dea8f4fc4ec290d3bc9b5b0977bdf880,4,4,halo nevus,benign melanocyte,benign,,https://www.dermaamin.com/site/images/clinical-pic/o/ota-nevus/ota-nevus6.jpg,httpwwwdermaamincomsiteimagesclinicalpicootanevusotanevus6jpg.jpg
2742e7737c5151ba99b4b45a4a673cb8,4,4,milia,benign epidermal,benign,,https://www.dermaamin.com/site/images/clinical-pic/m/miliaria/miliaria57.jpg,httpwwwdermaamincomsiteimagesclinicalpicmmiliariamiliaria57jpg.jpg
6aea696924bef3022f48e61353a4de8a,4,4,syringoma,benign dermal,benign,,https://www.dermaamin.com/site/images/clinical-pic/s/syringoma/syringoma51.jpg,httpwwwdermaamincomsiteimagesclinicalpicssyringomasyringoma51jpg.jpg
6d54ee1685f311bb069548d640ff6f1e,4,4,fixed eruptions,inflammatory,non-neoplastic,,https://www.dermaamin.com/site/images/clinical-pic/f/fixed_drug_eruption/fixed_drug_eruption89.jpg,httpwwwdermaamincomsiteimagesclinicalpicffixeddrugeruptionfixeddrugeruption89jpg.jpg
4ddb218828ebe7a8c916f6b2d176aa3c,4,4,drug eruption,inflammatory,non-neoplastic,,https://www.dermaamin.com/site/images/clinical-pic/d/drug_eruption/drug_eruption157.jpg,httpwwwdermaamincomsiteimagesclinicalpicddrugeruptiondrugeruption157jpg.jpg
6e6573652838d5887238f1ad1d6db0ae,4,4,allergic contact dermatitis,inflammatory,non-neoplastic,,https://www.dermaamin.com/site/images/clinical-pic/c/contact_dermatitis/contact_dermatitis46.jpg,httpwwwdermaamincomsiteimagesclinicalpicccontactdermatitiscontactdermatitis46jpg.jpg
cfc3d8734c90513118432529c69f2858,4,4,scleroderma,inflammatory,non-neoplastic,,https://www.dermaamin.com/site/images/clinical-pic/s/scleredema/scleredema15.jpg,httpwwwdermaamincomsiteimagesclinicalpicsscleredemascleredema15jpg.jpg
0cddf8bf4add853d204028920a4c30d3,4,4,erythema multiforme,inflammatory,non-neoplastic,,https://www.dermaamin.com/site/images/clinical-pic/e/erythema_multiforme/erythema_multiforme134.jpg,httpwwwdermaamincomsiteimagesclinicalpiceerythemamultiformeerythemamultiforme134jpg.jpg
15a49d7c883183d445f50dd673b9e218,4,4,dermatomyositis,inflammatory,non-neoplastic,,https://www.dermaamin.com/site/images/clinical-pic/d/dermatophytie/dermatophytie25.jpg,httpwwwdermaamincomsiteimagesclinicalpicddermatophytiedermatophytie25jpg.jpg
1367c9acaa3dc8729e2e73ae74898402,4,4,neurotic excoriations,inflammatory,non-neoplastic,,https://www.dermaamin.com/site/images/clinical-pic/n/neurotic-excoriations/neurotic-excoriations9.jpg,httpwwwdermaamincomsiteimagesclinicalpicnneuroticexcoriationsneuroticexcoriations9jpg.jpg
a45b690776470c7d31d08bdc7b87b192,4,4,drug induced pigmentary changes,inflammatory,non-neoplastic,,https://www.dermaamin.com/site/images/clinical-pic/m/minocycline-pigmentation/minocycline-pigmentation15.jpg,httpwwwdermaamincomsiteimagesclinicalpicmminocyclinepigmentationminocyclinepigmentation15jpg.jpg
9cd9766dd73e59396f8e3134ba0b132c,4,4,cheilitis,inflammatory,non-neoplastic,,https://www.dermaamin.com/site/images/clinical-pic/g/glandular_cheilitis/glandular_cheilitis3.jpg,httpwwwdermaamincomsiteimagesclinicalpicgglandularcheilitisglandularcheilitis3jpg.jpg
57008d235fd509f88daf008a8efacc20,4,4,psoriasis,inflammatory,non-neoplastic,,https://www.dermaamin.com/site/images/clinical-pic/p/psoriasis-psoriasis_after_erysipelas/psoriasis-psoriasis_after_erysipelas2.jpg,httpwwwdermaamincomsiteimagesclinicalpicppsoriasispsoriasisaftererysipelaspsoriasispsoriasisaftererysipelas2jpg.jpg
7c240ef9f5e1bf6b0ed299d7128c7fe0,4,4,dermatofibroma,benign dermal,benign,,https://www.dermaamin.com/site/images/clinical-pic/d/dermatofibroma/dermatofibroma58.jpg,httpwwwdermaamincomsiteimagesclinicalpicddermatofibromadermatofibroma58jpg.jpg
6c5a2eadcae07743eb77945fadf0e7bd,4,4,halo nevus,benign melanocyte,benign,,https://www.dermaamin.com/site/images/clinical-pic/h/halo_naevus/halo_naevus63.jpg,httpwwwdermaamincomsiteimagesclinicalpichhalonaevushalonaevus63jpg.jpg
ef31b3d7d277754fe51ffb272d2e9461,4,4,rhinophyma,inflammatory,non-neoplastic,,https://www.dermaamin.com/site/images/clinical-pic/r/rhinophyma/rhinophyma19.jpg,httpwwwdermaamincomsiteimagesclinicalpicrrhinophymarhinophyma19jpg.jpg
9cde598c6dcb70cd6544ce3d3a1a296b,4,4,scleromyxedema,inflammatory,non-neoplastic,,https://www.dermaamin.com/site/images/clinical-pic/s/scleromyxedema/scleromyxedema66.jpg,httpwwwdermaamincomsiteimagesclinicalpicsscleromyxedemascleromyxedema66jpg.jpg
a97031f102e5d927c019fd0568fa1acf,4,4,porokeratosis actinic,benign epidermal,benign,,https://www.dermaamin.com/site/images/clinical-pic/p/porokeratosis_actinic/porokeratosis_actinic3.jpg,httpwwwdermaamincomsiteimagesclinicalpicpporokeratosisactinicporokeratosisactinic3jpg.jpg
8c4f6c378b0a1869ed346515728ee8bd,4,4,granuloma annulare,inflammatory,non-neoplastic,,https://www.dermaamin.com/site/images/clinical-pic/g/granuloma_annulare/granuloma_annulare106.jpg,httpwwwdermaamincomsiteimagesclinicalpicggranulomaannularegranulomaannulare106jpg.jpg
7fe6b4f2e7dc1fb138d3577f142b5c50,4,4,ehlers danlos syndrome,genodermatoses,non-neoplastic,,https://www.dermaamin.com/site/images/clinical-pic/e/ehlers_danlos_syndrome/ehlers_danlos_syndrome63.jpg,httpwwwdermaamincomsiteimagesclinicalpiceehlersdanlossyndromeehlersdanlossyndrome63jpg.jpg
481867b106580d3b762b64a3d5601a2d,4,4,tungiasis,inflammatory,non-neoplastic,,https://www.dermaamin.com/site/images/clinical-pic/t/tungiasis/tungiasis57.jpg,httpwwwdermaamincomsiteimagesclinicalpicttungiasistungiasis57jpg.jpg
1d1130364bc52efd783c995beae9057a,4,4,erythema multiforme,inflammatory,non-neoplastic,,https://www.dermaamin.com/site/images/clinical-pic/e/erythema_multiforme/erythema_multiforme133.jpg,httpwwwdermaamincomsiteimagesclinicalpiceerythemamultiformeerythemamultiforme133jpg.jpg
fca78d7bba60ea61c2d603988dfba0a8,4,4,prurigo nodularis,benign epidermal,benign,,https://www.dermaamin.com/site/images/clinical-pic/p/prurigo_nodularis/prurigo_nodularis21.jpg,httpwwwdermaamincomsiteimagesclinicalpicpprurigonodularisprurigonodularis21jpg.jpg
6b6b3e7a6847c01a9365ea60408bedd8,4,4,psoriasis,inflammatory,non-neoplastic,,https://www.dermaamin.com/site/images/clinical-pic/p/psoriasis-pustular/psoriasis-pustular9.jpg,httpwwwdermaamincomsiteimagesclinicalpicppsoriasispustularpsoriasispustular9jpg.jpg
5a7fda42a38599f347ae2e65dcf51879,4,4,folliculitis,inflammatory,non-neoplastic,,https://www.dermaamin.com/site/images/clinical-pic/e/eosinophilic_pustula_folliculitis/eosinophilic_pustula_folliculitis51.jpg,httpwwwdermaamincomsiteimagesclinicalpiceeosinophilicpustulafolliculitiseosinophilicpustulafolliculitis51jpg.jpg
38b19f575d5e46c94b5549e19fd48c9e,4,4,naevus comedonicus,benign epidermal,benign,,https://www.dermaamin.com/site/images/clinical-pic/n/naevus_comedonicus/naevus_comedonicus21.jpg,httpwwwdermaamincomsiteimagesclinicalpicnnaevuscomedonicusnaevuscomedonicus21jpg.jpg
bec65ff821a63dae71ce4e590b533ce7,4,4,milia,benign epidermal,benign,,https://www.dermaamin.com/site/images/clinical-pic/m/miliaria/miliaria41.jpg,httpwwwdermaamincomsiteimagesclinicalpicmmiliariamiliaria41jpg.jpg
931d34dec55210d6241da6b512f0110e,4,4,halo nevus,benign melanocyte,benign,,https://www.dermaamin.com/site/images/clinical-pic/h/halo_naevus/halo_naevus34.jpg,httpwwwdermaamincomsiteimagesclinicalpichhalonaevushalonaevus34jpg.jpg
e8237cf0e5a1a27c8e518dba8f823522,4,4,drug eruption,inflammatory,non-neoplastic,,https://www.dermaamin.com/site/images/clinical-pic/d/drug_eruption/drug_eruption164.jpg,httpwwwdermaamincomsiteimagesclinicalpicddrugeruptiondrugeruption164jpg.jpg
e81aef708edd09ef8c7801f7316931af,4,4,syringoma,benign dermal,benign,,https://www.dermaamin.com/site/images/clinical-pic/s/syringoma/syringoma41.jpg,httpwwwdermaamincomsiteimagesclinicalpicssyringomasyringoma41jpg.jpg
fc483924c49d78e3ef4c2b4d69a901c5,4,4,scabies,inflammatory,non-neoplastic,,https://www.dermaamin.com/site/images/clinical-pic/n/norwegian_scabies/norwegian_scabies8.jpg,httpwwwdermaamincomsiteimagesclinicalpicnnorwegianscabiesnorwegianscabies8jpg.jpg
9b54e9d00d583439691b8aaa8cd1c668,4,4,porphyria,inflammatory,non-neoplastic,,https://www.dermaamin.com/site/images/clinical-pic/p/porphyria-cutanea-tarda/porphyria-cutanea-tarda87.jpg,httpwwwdermaamincomsiteimagesclinicalpicpporphyriacutaneatardaporphyriacutaneatarda87jpg.jpg
435be3e0fb6848cf8418d56ce0ed9ef7,4,4,acne vulgaris,inflammatory,non-neoplastic,,https://www.dermaamin.com/site/images/clinical-pic/a/acne_vulgaris/acne_vulgaris106.jpg,httpwwwdermaamincomsiteimagesclinicalpicaacnevulgarisacnevulgaris106jpg.jpg
ca3d16a9a47af9f8e06896f6ac3fff4b,4,4,fixed eruptions,inflammatory,non-neoplastic,,https://www.dermaamin.com/site/images/clinical-pic/f/fixed_drug_eruption/fixed_drug_eruption35.jpg,httpwwwdermaamincomsiteimagesclinicalpicffixeddrugeruptionfixeddrugeruption35jpg.jpg
363a01ea2a71e8d465465c25e3538da0,4,4,keratosis pilaris,inflammatory,non-neoplastic,,https://www.dermaamin.com/site/images/clinical-pic/k/keratosis-pilaris/keratosis-pilaris36.jpg,httpwwwdermaamincomsiteimagesclinicalpickkeratosispilariskeratosispilaris36jpg.jpg
001c92cc05ea5be4afa0d0e1a0dbc834,4,4,pityriasis rubra pilaris,inflammatory,non-neoplastic,,https://www.dermaamin.com/site/images/clinical-pic/p/pityriasis_rubra_pilaris/pityriasis_rubra_pilaris82.jpg,httpwwwdermaamincomsiteimagesclinicalpicppityriasisrubrapilarispityriasisrubrapilaris82jpg.jpg
2946489f399844d725a42bfcad8f3a2f,4,4,kaposi sarcoma,malignant dermal,malignant,,https://www.dermaamin.com/site/images/clinical-pic/k/kaposis-sarcoma/kaposis-sarcoma52.jpg,httpwwwdermaamincomsiteimagesclinicalpickkaposissarcomakaposissarcoma52jpg.jpg
ba50c75cb5701c4f29b7f662510fca0a,4,4,squamous cell carcinoma,malignant epidermal,malignant,,https://www.dermaamin.com/site/images/clinical-pic/b/bowens_disease/bowens_disease51.jpg,httpwwwdermaamincomsiteimagesclinicalpicbbowensdiseasebowensdisease51jpg.jpg
a7aa6149905bd27f9ff817f6c5e87490,4,4,granuloma annulare,inflammatory,non-neoplastic,,https://www.dermaamin.com/site/images/clinical-pic/g/granuloma_annulare/granuloma_annulare130.jpg,httpwwwdermaamincomsiteimagesclinicalpicggranulomaannularegranulomaannulare130jpg.jpg
449af7f2951d934e01535d94f2efd61e,4,4,pityriasis rosea,inflammatory,non-neoplastic,,https://www.dermaamin.com/site/images/clinical-pic/p/pityriasis_rosea/pityriasis_rosea91.jpg,httpwwwdermaamincomsiteimagesclinicalpicppityriasisroseapityriasisrosea91jpg.jpg
f0ee345ecadf1090b59f0f3a242ed015,4,4,livedo reticularis,inflammatory,non-neoplastic,,https://www.dermaamin.com/site/images/clinical-pic/L/livedo-reticularis/livedo-reticularis42.jpg,httpwwwdermaamincomsiteimagesclinicalpicLlivedoreticularislivedoreticularis42jpg.jpg
d455982f246f104ee27dab67096f59d8,4,4,pityriasis rubra pilaris,inflammatory,non-neoplastic,,https://www.dermaamin.com/site/images/clinical-pic/p/pityriasis_rubra_pilaris/pityriasis_rubra_pilaris12.jpg,httpwwwdermaamincomsiteimagesclinicalpicppityriasisrubrapilarispityriasisrubrapilaris12jpg.jpg
bc4fee60ea9cd6db5ba1ba71118e4200,4,4,xeroderma pigmentosum,genodermatoses,non-neoplastic,,https://www.dermaamin.com/site/images/clinical-pic/X/xeroderma-pigmentosum/xeroderma-pigmentosum2.jpg,httpwwwdermaamincomsiteimagesclinicalpicXxerodermapigmentosumxerodermapigmentosum2jpg.jpg
d0afc6372750cc431b438f4d67ad36ef,4,4,lupus erythematosus,inflammatory,non-neoplastic,,https://www.dermaamin.com/site/images/clinical-pic/L/lupus_erythematosus_chronicus_verrucous/lupus_erythematosus_chronicus_verrucous10.jpg,httpwwwdermaamincomsiteimagesclinicalpicLlupuserythematosuschronicusverrucouslupuserythematosuschronicusverrucous10jpg.jpg
4ba7898548e5321a0f0c5a4a5317386b,4,4,mycosis fungoides,malignant cutaneous lymphoma,malignant,,https://www.dermaamin.com/site/images/clinical-pic/m/mycosis-fongoide/mycosis-fongoide84.jpg,httpwwwdermaamincomsiteimagesclinicalpicmmycosisfongoidemycosisfongoide84jpg.jpg
ac10d5d4d0edd60b5b552276bbd90890,4,4,urticaria,inflammatory,non-neoplastic,,https://www.dermaamin.com/site/images/clinical-pic/p/papular-urticaria/papular-urticaria13.jpg,httpwwwdermaamincomsiteimagesclinicalpicppapularurticariapapularurticaria13jpg.jpg
58b4a18f19c03341c3a14968518a281c,4,4,urticaria,inflammatory,non-neoplastic,,https://www.dermaamin.com/site/images/clinical-pic/p/papular-urticaria/papular-urticaria7.jpg,httpwwwdermaamincomsiteimagesclinicalpicppapularurticariapapularurticaria7jpg.jpg
00a45bef0d68c8c8ca54e64e19a055ae,4,4,nematode infection,inflammatory,non-neoplastic,,https://www.dermaamin.com/site/images/clinical-pic/L/larva-migrans/larva-migrans72.jpg,httpwwwdermaamincomsiteimagesclinicalpicLlarvamigranslarvamigrans72jpg.jpg
c4ff319c2d993200dcc619e1948eb2eb,4,4,drug eruption,inflammatory,non-neoplastic,,https://www.dermaamin.com/site/images/clinical-pic/d/drug_eruption/drug_eruption98.jpg,httpwwwdermaamincomsiteimagesclinicalpicddrugeruptiondrugeruption98jpg.jpg
98a64a5931c2841d075febddead625de,4,4,neurofibromatosis,genodermatoses,non-neoplastic,,https://www.dermaamin.com/site/images/clinical-pic/n/neurofibromatosis-von-reckling-hausen-syndrome/neurofibromatosis-von-reckling-hausen-syndrome75.jpg,httpwwwdermaamincomsiteimagesclinicalpicnneurofibromatosisvonrecklinghausensyndromeneurofibromatosisvonrecklinghausensyndrome75jpg.jpg
3b15f418f995b711b11965458bd3334e,4,4,hailey hailey disease,genodermatoses,non-neoplastic,,https://www.dermaamin.com/site/images/clinical-pic/h/hailey_hailey_disease/hailey_hailey_disease64.jpg,httpwwwdermaamincomsiteimagesclinicalpichhaileyhaileydiseasehaileyhaileydisease64jpg.jpg
a837e01ab78631a3951e9d8daa6a9fb4,4,4,pityriasis rosea,inflammatory,non-neoplastic,,https://www.dermaamin.com/site/images/clinical-pic/p/pityriasis_rosea/pityriasis_rosea9.jpg,httpwwwdermaamincomsiteimagesclinicalpicppityriasisroseapityriasisrosea9jpg.jpg
352cf4cd2713bec660836d504ec79de7,4,4,ehlers danlos syndrome,genodermatoses,non-neoplastic,,https://www.dermaamin.com/site/images/clinical-pic/e/ehlers_danlos_syndrome/ehlers_danlos_syndrome18.jpg,httpwwwdermaamincomsiteimagesclinicalpiceehlersdanlossyndromeehlersdanlossyndrome18jpg.jpg
fbaac5a450479e6a19be1877f4b7f092,4,4,porokeratosis actinic,benign epidermal,benign,,https://www.dermaamin.com/site/images/clinical-pic/p/porokeratosis_actinic/porokeratosis_actinic12.jpg,httpwwwdermaamincomsiteimagesclinicalpicpporokeratosisactinicporokeratosisactinic12jpg.jpg
9b3dd1c80217936f0b542a1555fd9df2,4,4,urticaria,inflammatory,non-neoplastic,,https://www.dermaamin.com/site/images/clinical-pic/d/dermographic_urticaria/dermographic_urticaria5.jpg,httpwwwdermaamincomsiteimagesclinicalpicddermographicurticariadermographicurticaria5jpg.jpg
dedb8abbde6b5585d6277ffa2f7d8ce3,4,4,pilar cyst,benign dermal,benign,,https://www.dermaamin.com/site/images/clinical-pic/c/cyst_epidermoid/cyst_epidermoid15.jpg,httpwwwdermaamincomsiteimagesclinicalpicccystepidermoidcystepidermoid15jpg.jpg
40947d9358c71d2b2bd30a59e7a136f3,4,4,hailey hailey disease,genodermatoses,non-neoplastic,,https://www.dermaamin.com/site/images/clinical-pic/h/hailey_hailey_disease/hailey_hailey_disease7.jpg,httpwwwdermaamincomsiteimagesclinicalpichhaileyhaileydiseasehaileyhaileydisease7jpg.jpg
c4d2ff20249c603889dc9dce128926fe,4,4,lichen amyloidosis,inflammatory,non-neoplastic,,https://www.dermaamin.com/site/images/clinical-pic/L/lichen-amyloidosis/lichen-amyloidosis3.jpg,httpwwwdermaamincomsiteimagesclinicalpicLlichenamyloidosislichenamyloidosis3jpg.jpg
021be051ebe558ea89ee253538392a5a,4,4,fordyce spots,benign dermal,benign,,https://www.dermaamin.com/site/images/clinical-pic/p/pearly-penile-papules/pearly-penile-papules13.jpg,httpwwwdermaamincomsiteimagesclinicalpicppearlypenilepapulespearlypenilepapules13jpg.jpg
36df9f6b3e37b31fa3a4b7f2cc7e6aec,4,4,seborrheic keratosis,benign epidermal,benign,,https://www.dermaamin.com/site/images/clinical-pic/s/seborrheic-keratoses/seborrheic-keratoses65.jpg,httpwwwdermaamincomsiteimagesclinicalpicsseborrheickeratosesseborrheickeratoses65jpg.jpg
3e268750343a1d731bc70b6fc241418b,4,4,vitiligo,inflammatory,non-neoplastic,,https://www.dermaamin.com/site/images/clinical-pic/v/vitiligo/vitiligo85.jpg,httpwwwdermaamincomsiteimagesclinicalpicvvitiligovitiligo85jpg.jpg
782675bb15b8b9b9b6d212229cc65c7f,4,4,allergic contact dermatitis,inflammatory,non-neoplastic,,https://www.dermaamin.com/site/images/clinical-pic/c/contact_dermatitis/contact_dermatitis74.jpg,httpwwwdermaamincomsiteimagesclinicalpicccontactdermatitiscontactdermatitis74jpg.jpg
a74e40413eee2a25700cdffa570ed681,4,4,naevus comedonicus,benign epidermal,benign,,https://www.dermaamin.com/site/images/clinical-pic/n/naevus-congenital/naevus-congenital11.jpg,httpwwwdermaamincomsiteimagesclinicalpicnnaevuscongenitalnaevuscongenital11jpg.jpg
d840af1dea55c4731213915552819806,4,4,pityriasis rosea,inflammatory,non-neoplastic,,https://www.dermaamin.com/site/images/clinical-pic/p/pityriasis_rosea/pityriasis_rosea58.jpg,httpwwwdermaamincomsiteimagesclinicalpicppityriasisroseapityriasisrosea58jpg.jpg
07de514b4f31faf6c2130d08935d7fcf,4,4,kaposi sarcoma,malignant dermal,malignant,,https://www.dermaamin.com/site/images/clinical-pic/k/kaposis-sarcoma/kaposis-sarcoma29.jpg,httpwwwdermaamincomsiteimagesclinicalpickkaposissarcomakaposissarcoma29jpg.jpg
ca81fd7bdd17c9916c9f3f9125a5675f,4,4,granuloma annulare,inflammatory,non-neoplastic,,https://www.dermaamin.com/site/images/clinical-pic/g/granuloma_annulare/granuloma_annulare127.jpg,httpwwwdermaamincomsiteimagesclinicalpicggranulomaannularegranulomaannulare127jpg.jpg
3bf34f2e907d0cd675aceceb9074fba8,4,4,psoriasis,inflammatory,non-neoplastic,,https://www.dermaamin.com/site/images/clinical-pic/p/psoriasis-inversa/psoriasis-inversa17.jpg,httpwwwdermaamincomsiteimagesclinicalpicppsoriasisinversapsoriasisinversa17jpg.jpg
f89b8b51403402eaf4e3c6cb0dc9c2ea,4,4,kaposi sarcoma,malignant dermal,malignant,,https://www.dermaamin.com/site/images/clinical-pic/k/kaposis-sarcoma/kaposis-sarcoma40.jpg,httpwwwdermaamincomsiteimagesclinicalpickkaposissarcomakaposissarcoma40jpg.jpg
d9ccb043ebec5892e235639155096f1e,4,4,eczema,inflammatory,non-neoplastic,,https://www.dermaamin.com/site/images/clinical-pic/e/eczema/eczema91.jpg,httpwwwdermaamincomsiteimagesclinicalpiceeczemaeczema91jpg.jpg
da405baab132f4ab192bbeb35e50d6d4,4,4,psoriasis,inflammatory,non-neoplastic,,https://www.dermaamin.com/site/images/clinical-pic/p/psoriasis_guttate/psoriasis_guttate7.jpg,httpwwwdermaamincomsiteimagesclinicalpicppsoriasisguttatepsoriasisguttate7jpg.jpg
4685fb75a266c7dd522ef50630de2c56,4,4,drug eruption,inflammatory,non-neoplastic,,https://www.dermaamin.com/site/images/clinical-pic/d/drug_eruption/drug_eruption112.jpg,httpwwwdermaamincomsiteimagesclinicalpicddrugeruptiondrugeruption112jpg.jpg
caa633b91e283d41310c38402af91e0b,4,4,papilomatosis confluentes and reticulate,inflammatory,non-neoplastic,,https://www.dermaamin.com/site/images/clinical-pic/p/papillomatosis_confluent_reticulated/papillomatosis_confluent_reticulated41.jpg,httpwwwdermaamincomsiteimagesclinicalpicppapillomatosisconfluentreticulatedpapillomatosisconfluentreticulated41jpg.jpg
a3f634121dbd215fb8bef8de20ae3fb3,4,4,allergic contact dermatitis,inflammatory,non-neoplastic,,https://www.dermaamin.com/site/images/clinical-pic/b/bee_sting/bee_sting3.jpg,httpwwwdermaamincomsiteimagesclinicalpicbbeestingbeesting3jpg.jpg
c52797944da25a2d8f1d33c576c55925,4,4,scleroderma,inflammatory,non-neoplastic,,https://www.dermaamin.com/site/images/clinical-pic/s/scleredema/scleredema64.jpg,httpwwwdermaamincomsiteimagesclinicalpicsscleredemascleredema64jpg.jpg
1781d19d2d93b74fdf0af1bc261cc8a0,4,4,prurigo nodularis,benign epidermal,benign,,https://www.dermaamin.com/site/images/clinical-pic/p/prurigo_nodularis/prurigo_nodularis49.jpg,httpwwwdermaamincomsiteimagesclinicalpicpprurigonodularisprurigonodularis49jpg.jpg
21e91e9d65e6534fa888a54a9614cc3b,4,4,papilomatosis confluentes and reticulate,inflammatory,non-neoplastic,,https://www.dermaamin.com/site/images/clinical-pic/p/papillomatosis_confluent_reticulated/papillomatosis_confluent_reticulated43.jpg,httpwwwdermaamincomsiteimagesclinicalpicppapillomatosisconfluentreticulatedpapillomatosisconfluentreticulated43jpg.jpg
d02c318e41e8b75e8f31cdabe76167d3,4,4,scleroderma,inflammatory,non-neoplastic,,https://www.dermaamin.com/site/images/clinical-pic/s/scleredema/scleredema25.jpg,httpwwwdermaamincomsiteimagesclinicalpicsscleredemascleredema25jpg.jpg
28e52a9d3e44a1c1bb8709191ddfd09c,4,4,rosacea,inflammatory,non-neoplastic,,https://www.dermaamin.com/site/images/clinical-pic/r/rosacea/rosacea42.jpg,httpwwwdermaamincomsiteimagesclinicalpicrrosacearosacea42jpg.jpg
a54a36207c66a5aa236ddde5154b7fa6,4,4,pityriasis rubra pilaris,inflammatory,non-neoplastic,,https://www.dermaamin.com/site/images/clinical-pic/p/pityriasis_rubra_pilaris/pityriasis_rubra_pilaris47.jpg,httpwwwdermaamincomsiteimagesclinicalpicppityriasisrubrapilarispityriasisrubrapilaris47jpg.jpg
6d2fda2151324d057e3674ffabc4655e,4,4,urticaria,inflammatory,non-neoplastic,,https://www.dermaamin.com/site/images/clinical-pic/d/dermographic_urticaria/dermographic_urticaria29.jpg,httpwwwdermaamincomsiteimagesclinicalpicddermographicurticariadermographicurticaria29jpg.jpg
ed5e1087e76781d5e9972c5d1fb75bac,4,4,erythema annulare centrifigum,inflammatory,non-neoplastic,,https://www.dermaamin.com/site/images/clinical-pic/e/erythema_annulare_centrifugum/erythema_annulare_centrifugum42.jpg,httpwwwdermaamincomsiteimagesclinicalpiceerythemaannularecentrifugumerythemaannularecentrifugum42jpg.jpg
f8417ff8633b430db3f7953a04625400,4,4,pityriasis rubra pilaris,inflammatory,non-neoplastic,,https://www.dermaamin.com/site/images/clinical-pic/p/pityriasis_rubra_pilaris/pityriasis_rubra_pilaris91.jpg,httpwwwdermaamincomsiteimagesclinicalpicppityriasisrubrapilarispityriasisrubrapilaris91jpg.jpg
336ccc2591b581a02fa3468e4a7f885d,4,4,vitiligo,inflammatory,non-neoplastic,,https://www.dermaamin.com/site/images/clinical-pic/v/vitiligo/vitiligo94.jpg,httpwwwdermaamincomsiteimagesclinicalpicvvitiligovitiligo94jpg.jpg
a40e7cb2c5ce7416c5a82060ec6d31ab,4,4,pityriasis rubra pilaris,inflammatory,non-neoplastic,,https://www.dermaamin.com/site/images/clinical-pic/p/pityriasis_rubra_pilaris/pityriasis_rubra_pilaris98.jpg,httpwwwdermaamincomsiteimagesclinicalpicppityriasisrubrapilarispityriasisrubrapilaris98jpg.jpg
df00fa6e53ed3200fcc1e476e7c9fffd,4,4,photodermatoses,inflammatory,non-neoplastic,,https://www.dermaamin.com/site/images/clinical-pic/p/phytophotodermatitis/phytophotodermatitis41.jpg,httpwwwdermaamincomsiteimagesclinicalpicpphytophotodermatitisphytophotodermatitis41jpg.jpg
a5cb113276e85080e8c8b984d1523182,4,4,lichen planus,inflammatory,non-neoplastic,,https://www.dermaamin.com/site/images/clinical-pic/L/lichen_planus_actinic/lichen_planus_actinic17.jpg,httpwwwdermaamincomsiteimagesclinicalpicLlichenplanusactiniclichenplanusactinic17jpg.jpg
751f4ba7651deae04686cd73081ed009,4,4,photodermatoses,inflammatory,non-neoplastic,,https://www.dermaamin.com/site/images/clinical-pic/p/polymorphic_light_eruption/polymorphic_light_eruption8.jpg,httpwwwdermaamincomsiteimagesclinicalpicppolymorphiclighteruptionpolymorphiclighteruption8jpg.jpg
c1e8bbbe23e7d9c928134ed1dc62ef9e,4,4,urticaria,inflammatory,non-neoplastic,,https://www.dermaamin.com/site/images/clinical-pic/d/dermographic_urticaria/dermographic_urticaria18.jpg,httpwwwdermaamincomsiteimagesclinicalpicddermographicurticariadermographicurticaria18jpg.jpg
d0e61eed5e208dc480c23df4489ec2aa,4,4,pityriasis rubra pilaris,inflammatory,non-neoplastic,,https://www.dermaamin.com/site/images/clinical-pic/p/pityriasis_rubra_pilaris/pityriasis_rubra_pilaris73.jpg,httpwwwdermaamincomsiteimagesclinicalpicppityriasisrubrapilarispityriasisrubrapilaris73jpg.jpg
f04d0d27b8640bdaefa763b190983f1f,4,4,pityriasis rubra pilaris,inflammatory,non-neoplastic,,https://www.dermaamin.com/site/images/clinical-pic/p/pityriasis_rubra_pilaris/pityriasis_rubra_pilaris81.jpg,httpwwwdermaamincomsiteimagesclinicalpicppityriasisrubrapilarispityriasisrubrapilaris81jpg.jpg
c1624edf0d27fe609cdec6d8793b0e77,4,4,naevus comedonicus,benign epidermal,benign,,https://www.dermaamin.com/site/images/clinical-pic/n/naevus_comedonicus/naevus_comedonicus17.jpg,httpwwwdermaamincomsiteimagesclinicalpicnnaevuscomedonicusnaevuscomedonicus17jpg.jpg
b8a037d8c3c5da84616398cc31d53157,4,4,ichthyosis vulgaris,genodermatoses,non-neoplastic,,https://www.dermaamin.com/site/images/clinical-pic/I/ichthyosis_vulgaris/ichthyosis_vulgaris18.jpg,httpwwwdermaamincomsiteimagesclinicalpicIichthyosisvulgarisichthyosisvulgaris18jpg.jpg
b689987ba3fa37e45f8c62f349f992a9,4,4,squamous cell carcinoma,malignant epidermal,malignant,,https://www.dermaamin.com/site/images/clinical-pic/s/squamous-cell-carcinoma/squamous-cell-carcinoma36.jpg,httpwwwdermaamincomsiteimagesclinicalpicssquamouscellcarcinomasquamouscellcarcinoma36jpg.jpg
2bba5e8ded9a37cf48d8bd53291d7e87,4,4,scleroderma,inflammatory,non-neoplastic,,https://www.dermaamin.com/site/images/clinical-pic/s/scleredema/scleredema5.jpg,httpwwwdermaamincomsiteimagesclinicalpicsscleredemascleredema5jpg.jpg
ca108f21bba9d295a68be0606aab16ae,4,4,lupus erythematosus,inflammatory,non-neoplastic,,https://www.dermaamin.com/site/images/clinical-pic/s/subacute-cutaneous-lupus-erythematosus/subacute-cutaneous-lupus-erythematosus60.jpg,httpwwwdermaamincomsiteimagesclinicalpicssubacutecutaneouslupuserythematosussubacutecutaneouslupuserythematosus60jpg.jpg
3a9776fa314692cba933f1fddd87715a,4,4,psoriasis,inflammatory,non-neoplastic,,https://www.dermaamin.com/site/images/clinical-pic/p/psoriasis/psoriasis98.jpg,httpwwwdermaamincomsiteimagesclinicalpicppsoriasispsoriasis98jpg.jpg
e93299a31e86c7276d3805b3407aa5f7,4,4,lupus erythematosus,inflammatory,non-neoplastic,,https://www.dermaamin.com/site/images/clinical-pic/s/subacute-cutaneous-lupus-erythematosus/subacute-cutaneous-lupus-erythematosus59.jpg,httpwwwdermaamincomsiteimagesclinicalpicssubacutecutaneouslupuserythematosussubacutecutaneouslupuserythematosus59jpg.jpg
c7c73fcf20e1a047d395041941beff5a,4,4,xeroderma pigmentosum,genodermatoses,non-neoplastic,,https://www.dermaamin.com/site/images/clinical-pic/X/xeroderma-pigmentosum/xeroderma-pigmentosum16.jpg,httpwwwdermaamincomsiteimagesclinicalpicXxerodermapigmentosumxerodermapigmentosum16jpg.jpg
543ceef49d7a0273a000f97fe1b9a53b,4,4,neurofibromatosis,genodermatoses,non-neoplastic,,https://www.dermaamin.com/site/images/clinical-pic/n/neurofibromatosis-von-reckling-hausen-syndrome/neurofibromatosis-von-reckling-hausen-syndrome55.jpg,httpwwwdermaamincomsiteimagesclinicalpicnneurofibromatosisvonrecklinghausensyndromeneurofibromatosisvonrecklinghausensyndrome55jpg.jpg
f3f6c3ad40a1f6fcc3aba0d74a3de8c3,4,4,squamous cell carcinoma,malignant epidermal,malignant,,https://www.dermaamin.com/site/images/clinical-pic/k/keratoacanthoma/keratoacanthoma98.jpg,httpwwwdermaamincomsiteimagesclinicalpickkeratoacanthomakeratoacanthoma98jpg.jpg
06d1d14eb33eb1dd78409525b0829f51,4,4,squamous cell carcinoma,malignant epidermal,malignant,,https://www.dermaamin.com/site/images/clinical-pic/s/squamous-cell-carcinoma/squamous-cell-carcinoma26.jpg,httpwwwdermaamincomsiteimagesclinicalpicssquamouscellcarcinomasquamouscellcarcinoma26jpg.jpg
d190a369cf2c6c534ef11b6a18d0a404,4,4,eczema,inflammatory,non-neoplastic,,https://www.dermaamin.com/site/images/clinical-pic/e/eczema_atopic/eczema_atopic54.jpg,httpwwwdermaamincomsiteimagesclinicalpiceeczemaatopiceczemaatopic54jpg.jpg
fdc8a477e48b15a4aabbb77fff9feef5,4,4,acne vulgaris,inflammatory,non-neoplastic,,https://www.dermaamin.com/site/images/clinical-pic/a/acne_vulgaris/acne_vulgaris105.jpg,httpwwwdermaamincomsiteimagesclinicalpicaacnevulgarisacnevulgaris105jpg.jpg
dca094c9255d1cfe8f706d36dfa35fd9,4,4,vitiligo,inflammatory,non-neoplastic,,https://www.dermaamin.com/site/images/clinical-pic/v/vitiligo/vitiligo111.jpg,httpwwwdermaamincomsiteimagesclinicalpicvvitiligovitiligo111jpg.jpg
2c71fa561ea09b9ba440f502ea732082,4,4,langerhans cell histiocytosis,inflammatory,non-neoplastic,,https://www.dermaamin.com/site/images/clinical-pic/L/langerhans-cell-histiocytosis/langerhans-cell-histiocytosis28.jpg,httpwwwdermaamincomsiteimagesclinicalpicLlangerhanscellhistiocytosislangerhanscellhistiocytosis28jpg.jpg
be02fb510942610a3b5892436e4ff59e,4,4,granuloma annulare,inflammatory,non-neoplastic,,https://www.dermaamin.com/site/images/clinical-pic/g/granuloma_annulare/granuloma_annulare141.jpg,httpwwwdermaamincomsiteimagesclinicalpicggranulomaannularegranulomaannulare141jpg.jpg
4991ec18f3eebf6a732b5fe0e9ba99fd,4,4,lichen planus,inflammatory,non-neoplastic,,https://www.dermaamin.com/site/images/clinical-pic/e/eruptive_lichen_planus/eruptive_lichen_planus2.jpg,httpwwwdermaamincomsiteimagesclinicalpiceeruptivelichenplanuseruptivelichenplanus2jpg.jpg
f674bfe634074589282d124ed4c53f80,4,4,neutrophilic dermatoses,inflammatory,non-neoplastic,,https://www.dermaamin.com/site/images/clinical-pic/p/pyoderma-gangrenosum/pyoderma-gangrenosum1.jpg,httpwwwdermaamincomsiteimagesclinicalpicppyodermagangrenosumpyodermagangrenosum1jpg.jpg
d6a7d727018950a2e967a29c082fc758,4,4,granuloma annulare,inflammatory,non-neoplastic,,https://www.dermaamin.com/site/images/clinical-pic/g/granuloma_annulare/granuloma_annulare81.jpg,httpwwwdermaamincomsiteimagesclinicalpicggranulomaannularegranulomaannulare81jpg.jpg
6bc358d2bef6bbbca78c01d4254c2657,4,4,photodermatoses,inflammatory,non-neoplastic,,https://www.dermaamin.com/site/images/clinical-pic/p/phytophotodermatitis/phytophotodermatitis16.jpg,httpwwwdermaamincomsiteimagesclinicalpicpphytophotodermatitisphytophotodermatitis16jpg.jpg
24994267d61c6f7c3448b86ae37f02b5,4,4,granuloma annulare,inflammatory,non-neoplastic,,https://www.dermaamin.com/site/images/clinical-pic/g/granuloma_annulare/granuloma_annulare113.jpg,httpwwwdermaamincomsiteimagesclinicalpicggranulomaannularegranulomaannulare113jpg.jpg
16f3f152b2a7e9d550615d6f70f2bf38,4,4,squamous cell carcinoma,malignant epidermal,malignant,,https://www.dermaamin.com/site/images/clinical-pic/s/squamous-cell-carcinoma/squamous-cell-carcinoma88.jpg,httpwwwdermaamincomsiteimagesclinicalpicssquamouscellcarcinomasquamouscellcarcinoma88jpg.jpg
ddb41a18ee614ec4c1b01dec83e0cb6d,4,4,striae,inflammatory,non-neoplastic,,https://www.dermaamin.com/site/images/clinical-pic/s/striae-distensae/striae-distensae29.jpg,httpwwwdermaamincomsiteimagesclinicalpicsstriaedistensaestriaedistensae29jpg.jpg
490f287fb8e3d3bd211725e906d4e07c,4,4,porokeratosis of mibelli,benign epidermal,benign,,https://www.dermaamin.com/site/images/clinical-pic/p/porokeratosis_of_mibelli/porokeratosis_of_mibelli52.jpg,httpwwwdermaamincomsiteimagesclinicalpicpporokeratosisofmibelliporokeratosisofmibelli52jpg.jpg
5444a78c42219fe83a96bffd2df2489c,4,4,allergic contact dermatitis,inflammatory,non-neoplastic,,https://www.dermaamin.com/site/images/clinical-pic/c/contact_dermatitis/contact_dermatitis42.jpg,httpwwwdermaamincomsiteimagesclinicalpicccontactdermatitiscontactdermatitis42jpg.jpg
f45c9e9dd24903c26f37ae35dfae843b,4,4,pyogenic granuloma,benign dermal,benign,,https://www.dermaamin.com/site/images/clinical-pic/p/pyogenic-granuloma/pyogenic-granuloma25.jpg,httpwwwdermaamincomsiteimagesclinicalpicppyogenicgranulomapyogenicgranuloma25jpg.jpg
ce72b997e39f763faef49acd6ecc410b,4,4,keratosis pilaris,inflammatory,non-neoplastic,,https://www.dermaamin.com/site/images/clinical-pic/k/keratosis-pilaris/keratosis-pilaris12.jpg,httpwwwdermaamincomsiteimagesclinicalpickkeratosispilariskeratosispilaris12jpg.jpg
609a3110cbf52e1862c5f8db20e74fd7,4,4,xanthomas,inflammatory,non-neoplastic,,https://www.dermaamin.com/site/images/clinical-pic/X/xanthomas/xanthomas13.jpg,httpwwwdermaamincomsiteimagesclinicalpicXxanthomasxanthomas13jpg.jpg
1742434b3ffb1af77f12c248f61bde58,4,4,neurotic excoriations,inflammatory,non-neoplastic,,https://www.dermaamin.com/site/images/clinical-pic/e/excoriations_uraemic/excoriations_uraemic6.jpg,httpwwwdermaamincomsiteimagesclinicalpiceexcoriationsuraemicexcoriationsuraemic6jpg.jpg
fdbc2b165cfa772a4ea0a676e1abd141,4,4,halo nevus,benign melanocyte,benign,,https://www.dermaamin.com/site/images/clinical-pic/h/halo_naevus/halo_naevus2.jpg,httpwwwdermaamincomsiteimagesclinicalpichhalonaevushalonaevus2jpg.jpg
23fd4376404c39b5e7179edac3d6dd51,4,4,lupus erythematosus,inflammatory,non-neoplastic,,https://www.dermaamin.com/site/images/clinical-pic/L/lupus_erythematosus_chronicus_discoides/lupus_erythematosus_chronicus_discoides19.jpg,httpwwwdermaamincomsiteimagesclinicalpicLlupuserythematosuschronicusdiscoideslupuserythematosuschronicusdiscoides19jpg.jpg
35859a3b8c2d945c000f8ce4766572e8,4,4,lupus erythematosus,inflammatory,non-neoplastic,,https://www.dermaamin.com/site/images/clinical-pic/L/lupus_erythematosus/lupus_erythematosus5.jpg,httpwwwdermaamincomsiteimagesclinicalpicLlupuserythematosuslupuserythematosus5jpg.jpg
11443defefe1ad449879843cfed98c90,4,4,prurigo nodularis,benign epidermal,benign,,https://www.dermaamin.com/site/images/clinical-pic/p/prurigo_nodularis/prurigo_nodularis33.jpg,httpwwwdermaamincomsiteimagesclinicalpicpprurigonodularisprurigonodularis33jpg.jpg
4812b02d37fe9c73bd74ae162fea4026,4,4,erythema multiforme,inflammatory,non-neoplastic,,https://www.dermaamin.com/site/images/clinical-pic/e/erythema_multiforme/erythema_multiforme4.jpg,httpwwwdermaamincomsiteimagesclinicalpiceerythemamultiformeerythemamultiforme4jpg.jpg
a68ae196364b5511ef24b2f0436bac38,4,4,nematode infection,inflammatory,non-neoplastic,,https://www.dermaamin.com/site/images/clinical-pic/c/cutaneous_larva_migrans/cutaneous_larva_migrans3.jpg,httpwwwdermaamincomsiteimagesclinicalpicccutaneouslarvamigranscutaneouslarvamigrans3jpg.jpg
3060664dbb08bb84a14ffe3f63c6f17c,4,4,ehlers danlos syndrome,genodermatoses,non-neoplastic,,https://www.dermaamin.com/site/images/clinical-pic/e/ehlers_danlos_syndrome/ehlers_danlos_syndrome80.jpg,httpwwwdermaamincomsiteimagesclinicalpiceehlersdanlossyndromeehlersdanlossyndrome80jpg.jpg
7efe1b1d6a4bc821b98e5cbe6dfd077c,4,4,telangiectases,benign dermal,benign,,https://www.dermaamin.com/site/images/clinical-pic/b/bloom_syndrome/bloom_syndrome8.jpg,httpwwwdermaamincomsiteimagesclinicalpicbbloomsyndromebloomsyndrome8jpg.jpg
be7213c0d890d791dddbeca927783387,4,4,psoriasis,inflammatory,non-neoplastic,,https://www.dermaamin.com/site/images/clinical-pic/p/psoriasis/psoriasis19.jpg,httpwwwdermaamincomsiteimagesclinicalpicppsoriasispsoriasis19jpg.jpg
3c8d63d91d25c421fd0a1c6be1e4a31b,4,4,livedo reticularis,inflammatory,non-neoplastic,,https://www.dermaamin.com/site/images/clinical-pic/L/livedo-reticularis/livedo-reticularis22.jpg,httpwwwdermaamincomsiteimagesclinicalpicLlivedoreticularislivedoreticularis22jpg.jpg
0f9c1c822ce8ee68cfaa16e054d764fe,4,4,scleromyxedema,inflammatory,non-neoplastic,,https://www.dermaamin.com/site/images/clinical-pic/s/scleromyxedema/scleromyxedema40.jpg,httpwwwdermaamincomsiteimagesclinicalpicsscleromyxedemascleromyxedema40jpg.jpg
47e5ba3f79a843355e461cfcb563d8bb,4,4,syringoma,benign dermal,benign,,https://www.dermaamin.com/site/images/clinical-pic/s/syringoma/syringoma9.jpg,httpwwwdermaamincomsiteimagesclinicalpicssyringomasyringoma9jpg.jpg
ad31358471eb52097ef64c89219d8b0b,4,4,perioral dermatitis,inflammatory,non-neoplastic,,https://www.dermaamin.com/site/images/clinical-pic/p/perioral-dermatitis/perioral-dermatitis19.jpg,httpwwwdermaamincomsiteimagesclinicalpicpperioraldermatitisperioraldermatitis19jpg.jpg
27da81c09d3981318a1ff175ad12628e,4,4,telangiectases,benign dermal,benign,,https://www.dermaamin.com/site/images/clinical-pic/b/bloom_syndrome/bloom_syndrome11.jpg,httpwwwdermaamincomsiteimagesclinicalpicbbloomsyndromebloomsyndrome11jpg.jpg
f21f7b5ec113e2fb4e705e550e918077,4,4,nevus sebaceous of jadassohn,benign epidermal,benign,,https://www.dermaamin.com/site/images/clinical-pic/n/nevus-sebaceous-of-jadassohn/nevus-sebaceous-of-jadassohn10.jpg,httpwwwdermaamincomsiteimagesclinicalpicnnevussebaceousofjadassohnnevussebaceousofjadassohn10jpg.jpg
1c0c6f3de3f9214a98b0e4343cb47fbc,4,4,erythema annulare centrifigum,inflammatory,non-neoplastic,,https://www.dermaamin.com/site/images/clinical-pic/e/erythema_annulare_centrifugum/erythema_annulare_centrifugum39.jpg,httpwwwdermaamincomsiteimagesclinicalpiceerythemaannularecentrifugumerythemaannularecentrifugum39jpg.jpg
6304b21a3bc29f605c8f505ef4fc9350,4,4,erythema nodosum,inflammatory,non-neoplastic,,https://www.dermaamin.com/site/images/clinical-pic/e/erythema-nodosum/erythema-nodosum31.jpg,httpwwwdermaamincomsiteimagesclinicalpiceerythemanodosumerythemanodosum31jpg.jpg
c6d0a9b8be9f0062e7dbde188c639e9b,4,4,keloid,inflammatory,non-neoplastic,,https://www.dermaamin.com/site/images/clinical-pic/k/kekoid/kekoid62.jpg,httpwwwdermaamincomsiteimagesclinicalpickkekoidkekoid62jpg.jpg
8d51bac55f77d0b0ffc7e73cfb6fd9e6,4,4,dermatomyositis,inflammatory,non-neoplastic,,https://www.dermaamin.com/site/images/clinical-pic/d/dermatophytie/dermatophytie5.jpg,httpwwwdermaamincomsiteimagesclinicalpicddermatophytiedermatophytie5jpg.jpg
34ed34093daee5535f96c03b7d695cd3,4,4,erythema nodosum,inflammatory,non-neoplastic,,https://www.dermaamin.com/site/images/clinical-pic/e/erythema-nodosum/erythema-nodosum34.jpg,httpwwwdermaamincomsiteimagesclinicalpiceerythemanodosumerythemanodosum34jpg.jpg
f94db20d1300270c97ff02dad941d295,4,4,porokeratosis actinic,benign epidermal,benign,,https://www.dermaamin.com/site/images/clinical-pic/p/porokeratosis_actinic/porokeratosis_actinic16.jpg,httpwwwdermaamincomsiteimagesclinicalpicpporokeratosisactinicporokeratosisactinic16jpg.jpg
f24607aadaed9225042c6dca26c8a0ce,4,4,scabies,inflammatory,non-neoplastic,,https://www.dermaamin.com/site/images/clinical-pic/s/scabies/scabies8.jpg,httpwwwdermaamincomsiteimagesclinicalpicsscabiesscabies8jpg.jpg
478f25251282abc224e8e911b71c5371,4,4,sarcoidosis,inflammatory,non-neoplastic,,https://www.dermaamin.com/site/images/clinical-pic/s/sarcoidosis/sarcoidosis89.jpg,httpwwwdermaamincomsiteimagesclinicalpicssarcoidosissarcoidosis89jpg.jpg
32020563a40c3090c9458e56f0894eba,4,4,lymphangioma,benign dermal,benign,,https://www.dermaamin.com/site/images/clinical-pic/L/lymphangioma/lymphangioma27.jpg,httpwwwdermaamincomsiteimagesclinicalpicLlymphangiomalymphangioma27jpg.jpg
875d5de50f024ffdceed2c3f2b039214,4,4,epidermal nevus,benign epidermal,benign,,https://www.dermaamin.com/site/images/clinical-pic/e/epidermal_naevus/epidermal_naevus78.jpg,httpwwwdermaamincomsiteimagesclinicalpiceepidermalnaevusepidermalnaevus78jpg.jpg
00c3d96df4950c3842003743fac2a23b,4,4,scabies,inflammatory,non-neoplastic,,https://www.dermaamin.com/site/images/clinical-pic/n/norwegian_scabies/norwegian_scabies23.jpg,httpwwwdermaamincomsiteimagesclinicalpicnnorwegianscabiesnorwegianscabies23jpg.jpg
7d77c2d28e4b16db9fe499f9f347f81e,4,4,porphyria,inflammatory,non-neoplastic,,https://www.dermaamin.com/site/images/clinical-pic/p/porphyria-cutanea-tarda/porphyria-cutanea-tarda64.jpg,httpwwwdermaamincomsiteimagesclinicalpicpporphyriacutaneatardaporphyriacutaneatarda64jpg.jpg
cf3b01729d86987ce7441fb9e750a77c,4,4,lichen planus,inflammatory,non-neoplastic,,https://www.dermaamin.com/site/images/clinical-pic/L/lichen_planus_follicularis/lichen_planus_follicularis11.jpg,httpwwwdermaamincomsiteimagesclinicalpicLlichenplanusfollicularislichenplanusfollicularis11jpg.jpg
9b482350e0894f60897cf3cfeb1317b4,4,4,lupus erythematosus,inflammatory,non-neoplastic,,https://www.dermaamin.com/site/images/clinical-pic/L/lupus_erythematosus_chronicus_discoides/lupus_erythematosus_chronicus_discoides21.jpg,httpwwwdermaamincomsiteimagesclinicalpicLlupuserythematosuschronicusdiscoideslupuserythematosuschronicusdiscoides21jpg.jpg
263049401830de0dee7571422e407e47,4,4,lentigo maligna,malignant melanoma,malignant,,https://www.dermaamin.com/site/images/clinical-pic/L/lentigo-maligna/lentigo-maligna66.jpg,httpwwwdermaamincomsiteimagesclinicalpicLlentigomalignalentigomaligna66jpg.jpg
f5a430b5ac8a21e729a94572007915c0,4,4,naevus comedonicus,benign epidermal,benign,,https://www.dermaamin.com/site/images/clinical-pic/n/naevus_comedonicus/naevus_comedonicus10.jpg,httpwwwdermaamincomsiteimagesclinicalpicnnaevuscomedonicusnaevuscomedonicus10jpg.jpg
00fff647fdfd860ceffc9c5c6a3ac6d1,4,4,neurofibromatosis,genodermatoses,non-neoplastic,,https://www.dermaamin.com/site/images/clinical-pic/n/neurofibromatosis-von-reckling-hausen-syndrome/neurofibromatosis-von-reckling-hausen-syndrome97.jpg,httpwwwdermaamincomsiteimagesclinicalpicnneurofibromatosisvonrecklinghausensyndromeneurofibromatosisvonrecklinghausensyndrome97jpg.jpg
aaaa73c79adbeb9b5731b48bf96af554,4,4,keloid,inflammatory,non-neoplastic,,https://www.dermaamin.com/site/images/clinical-pic/k/kekoid/kekoid28.jpg,httpwwwdermaamincomsiteimagesclinicalpickkekoidkekoid28jpg.jpg
e8f0aedf9fedf0b68b8d2d4e8c517984,4,4,epidermolysis bullosa,genodermatoses,non-neoplastic,,https://www.dermaamin.com/site/images/clinical-pic/e/epidermolysis_bullosa/epidermolysis_bullosa46.jpg,httpwwwdermaamincomsiteimagesclinicalpiceepidermolysisbullosaepidermolysisbullosa46jpg.jpg
fc40007004f6f278dfebc14a43e9f1a2,4,4,papilomatosis confluentes and reticulate,inflammatory,non-neoplastic,,https://www.dermaamin.com/site/images/clinical-pic/p/papillomatosis_confluent_reticulated/papillomatosis_confluent_reticulated31.jpg,httpwwwdermaamincomsiteimagesclinicalpicppapillomatosisconfluentreticulatedpapillomatosisconfluentreticulated31jpg.jpg
cc86871e46db9d1b57820a4c2b5a73dd,4,4,neurofibromatosis,genodermatoses,non-neoplastic,,https://www.dermaamin.com/site/images/clinical-pic/n/neurofibromatosis-von-reckling-hausen-syndrome/neurofibromatosis-von-reckling-hausen-syndrome93.jpg,httpwwwdermaamincomsiteimagesclinicalpicnneurofibromatosisvonrecklinghausensyndromeneurofibromatosisvonrecklinghausensyndrome93jpg.jpg
266aea0875456d9d3f8a266710639e24,4,4,livedo reticularis,inflammatory,non-neoplastic,,https://www.dermaamin.com/site/images/clinical-pic/L/livedo-reticularis/livedo-reticularis57.jpg,httpwwwdermaamincomsiteimagesclinicalpicLlivedoreticularislivedoreticularis57jpg.jpg
e0d531954da8f3b368dda7f14fb1ec74,4,4,papilomatosis confluentes and reticulate,inflammatory,non-neoplastic,,https://www.dermaamin.com/site/images/clinical-pic/p/papillomatosis_confluent_reticulated/papillomatosis_confluent_reticulated5.jpg,httpwwwdermaamincomsiteimagesclinicalpicppapillomatosisconfluentreticulatedpapillomatosisconfluentreticulated5jpg.jpg
5eaeaa69042a197939cfa14c931383da,4,4,folliculitis,inflammatory,non-neoplastic,,https://www.dermaamin.com/site/images/clinical-pic/p/pityrosporum-folliculitis/pityrosporum-folliculitis6.jpg,httpwwwdermaamincomsiteimagesclinicalpicppityrosporumfolliculitispityrosporumfolliculitis6jpg.jpg
0ff013316ad0b4773d6cf28fd453e817,4,4,allergic contact dermatitis,inflammatory,non-neoplastic,,https://www.dermaamin.com/site/images/clinical-pic/c/contact_dermatitis/contact_dermatitis34.jpg,httpwwwdermaamincomsiteimagesclinicalpicccontactdermatitiscontactdermatitis34jpg.jpg
85d30e6a42dae8273fdd7b7bb32c7a45,4,4,vitiligo,inflammatory,non-neoplastic,,https://www.dermaamin.com/site/images/clinical-pic/v/vitiligo/vitiligo41.jpg,httpwwwdermaamincomsiteimagesclinicalpicvvitiligovitiligo41jpg.jpg
3e0b9c3fefc5daf627d8332fc471ea1f,4,4,drug eruption,inflammatory,non-neoplastic,,https://www.dermaamin.com/site/images/clinical-pic/d/drug_eruption/drug_eruption166.jpg,httpwwwdermaamincomsiteimagesclinicalpicddrugeruptiondrugeruption166jpg.jpg
3e1bc42db9faa46f59f192554f109d54,4,4,port wine stain,benign dermal,benign,,https://www.dermaamin.com/site/images/clinical-pic/p/port-wine-stain/port-wine-stain38.jpg,httpwwwdermaamincomsiteimagesclinicalpicpportwinestainportwinestain38jpg.jpg
e9232e0be7edefe7c35319fc57f90071,4,4,scleroderma,inflammatory,non-neoplastic,,https://www.dermaamin.com/site/images/clinical-pic/m/morphea/morphea55.jpg,httpwwwdermaamincomsiteimagesclinicalpicmmorpheamorphea55jpg.jpg
0ef888d61d8643d33d4a06b1ea8e04b8,4,4,psoriasis,inflammatory,non-neoplastic,,https://www.dermaamin.com/site/images/clinical-pic/p/psoriasis-pustular/psoriasis-pustular37.jpg,httpwwwdermaamincomsiteimagesclinicalpicppsoriasispustularpsoriasispustular37jpg.jpg
3b7a2963fd375510dd2b1575c1a1fbac,4,4,drug eruption,inflammatory,non-neoplastic,,https://www.dermaamin.com/site/images/clinical-pic/d/drug_eruption/drug_eruption99.jpg,httpwwwdermaamincomsiteimagesclinicalpicddrugeruptiondrugeruption99jpg.jpg
5f1bc0d3bf22bd3128f7715599c963f3,4,4,sarcoidosis,inflammatory,non-neoplastic,,https://www.dermaamin.com/site/images/clinical-pic/d/discoid_le/discoid_le2.jpg,httpwwwdermaamincomsiteimagesclinicalpicddiscoidlediscoidle2jpg.jpg
f114c236f85ad835bb2a56a83e33219f,4,4,vitiligo,inflammatory,non-neoplastic,,https://www.dermaamin.com/site/images/clinical-pic/v/vitiligo/vitiligo120.jpg,httpwwwdermaamincomsiteimagesclinicalpicvvitiligovitiligo120jpg.jpg
39b6fda45ef6cb09e8fad6a5a00e4d72,4,4,pityriasis rubra pilaris,inflammatory,non-neoplastic,,https://www.dermaamin.com/site/images/clinical-pic/p/pityriasis_rubra_pilaris/pityriasis_rubra_pilaris32.jpg,httpwwwdermaamincomsiteimagesclinicalpicppityriasisrubrapilarispityriasisrubrapilaris32jpg.jpg
66d42d41c7a14fe234359265ffe9e59e,4,4,neutrophilic dermatoses,inflammatory,non-neoplastic,,https://www.dermaamin.com/site/images/clinical-pic/p/pyodermite_Vegetante/pyodermite_Vegetante4.jpg,httpwwwdermaamincomsiteimagesclinicalpicppyodermiteVegetantepyodermiteVegetante4jpg.jpg
85466a1783f75b3cedccd08086f2cb92,4,4,lupus erythematosus,inflammatory,non-neoplastic,,https://www.dermaamin.com/site/images/clinical-pic/n/neonatal-lupus-erythematosus/neonatal-lupus-erythematosus1.jpg,httpwwwdermaamincomsiteimagesclinicalpicnneonatallupuserythematosusneonatallupuserythematosus1jpg.jpg
d36089c917a190111dd6be37d21ad606,4,4,dermatomyositis,inflammatory,non-neoplastic,,https://www.dermaamin.com/site/images/clinical-pic/d/dermatophytie/dermatophytie18.jpg,httpwwwdermaamincomsiteimagesclinicalpicddermatophytiedermatophytie18jpg.jpg
59d49d7841de202a6f12c44a44cbe0ad,4,4,lichen planus,inflammatory,non-neoplastic,,https://www.dermaamin.com/site/images/clinical-pic/L/lichen_planus_follicularis/lichen_planus_follicularis2.jpg,httpwwwdermaamincomsiteimagesclinicalpicLlichenplanusfollicularislichenplanusfollicularis2jpg.jpg
1cdc1012a99350c7ae1e30fc02b2b46a,4,4,allergic contact dermatitis,inflammatory,non-neoplastic,,https://www.dermaamin.com/site/images/clinical-pic/a/allergic-reaction-to-medication/allergic-reaction-to-medication2.jpg,httpwwwdermaamincomsiteimagesclinicalpicaallergicreactiontomedicationallergicreactiontomedication2jpg.jpg
2482fd359e1b2d615edfadfee2db4f2f,4,4,urticaria,inflammatory,non-neoplastic,,https://www.dermaamin.com/site/images/clinical-pic/p/pruritic-urticarial-papules-and-plaques-of-pregnancy/pruritic-urticarial-papules-and-plaques-of-pregnancy11.jpg,httpwwwdermaamincomsiteimagesclinicalpicppruriticurticarialpapulesandplaquesofpregnancypruriticurticarialpapulesandplaquesofpregnancy11jpg.jpg
b14ec69850f0818301f5cc957f0c419a,4,4,lupus erythematosus,inflammatory,non-neoplastic,,https://www.dermaamin.com/site/images/clinical-pic/r/reticular-erythematous-mucinosis/reticular-erythematous-mucinosis1.jpg,httpwwwdermaamincomsiteimagesclinicalpicrreticularerythematousmucinosisreticularerythematousmucinosis1jpg.jpg
ecb358bd112ba5da490e99bb9c015fca,4,4,eczema,inflammatory,non-neoplastic,,https://www.dermaamin.com/site/images/clinical-pic/e/eczema_dyshidrosis/eczema_dyshidrosis4.jpg,httpwwwdermaamincomsiteimagesclinicalpiceeczemadyshidrosiseczemadyshidrosis4jpg.jpg
341ac64cbdd72cc7d08563600496c488,4,4,papilomatosis confluentes and reticulate,inflammatory,non-neoplastic,,https://www.dermaamin.com/site/images/clinical-pic/p/papillomatosis_confluent_reticulated/papillomatosis_confluent_reticulated38.jpg,httpwwwdermaamincomsiteimagesclinicalpicppapillomatosisconfluentreticulatedpapillomatosisconfluentreticulated38jpg.jpg
ba807276a070010ad3231795bb61eb2c,4,4,prurigo nodularis,benign epidermal,benign,,https://www.dermaamin.com/site/images/clinical-pic/p/prurigo_nodularis/prurigo_nodularis35.jpg,httpwwwdermaamincomsiteimagesclinicalpicpprurigonodularisprurigonodularis35jpg.jpg
5e0bf5d8bb4e3d7750fe16475495bd09,4,4,calcinosis cutis,inflammatory,non-neoplastic,,https://www.dermaamin.com/site/images/clinical-pic/c/calcinosis_cutis/calcinosis_cutis41.jpg,httpwwwdermaamincomsiteimagesclinicalpicccalcinosiscutiscalcinosiscutis41jpg.jpg
3f51e93925f09e7f150cfbc9714abd9c,4,4,epidermal nevus,benign epidermal,benign,,https://www.dermaamin.com/site/images/clinical-pic/e/epidermal_naevus/epidermal_naevus69.jpg,httpwwwdermaamincomsiteimagesclinicalpiceepidermalnaevusepidermalnaevus69jpg.jpg
b3599106240908205ff711c288132c29,4,4,granuloma annulare,inflammatory,non-neoplastic,,https://www.dermaamin.com/site/images/clinical-pic/g/granuloma_annulare/granuloma_annulare139.jpg,httpwwwdermaamincomsiteimagesclinicalpicggranulomaannularegranulomaannulare139jpg.jpg
1141d2dd206bb01357907a51d17a8051,4,4,tuberous sclerosis,genodermatoses,non-neoplastic,,https://www.dermaamin.com/site/images/clinical-pic/t/tuberous_sclerosis/tuberous_sclerosis64.jpg,httpwwwdermaamincomsiteimagesclinicalpicttuberoussclerosistuberoussclerosis64jpg.jpg
7aa6b20b685d4e89f3e9ed237ca9d92c,4,4,fixed eruptions,inflammatory,non-neoplastic,,https://www.dermaamin.com/site/images/clinical-pic/f/fixed_drug_eruption/fixed_drug_eruption48.jpg,httpwwwdermaamincomsiteimagesclinicalpicffixeddrugeruptionfixeddrugeruption48jpg.jpg
7b06f82019ba9b66ee57aedfbc749b49,4,4,granuloma annulare,inflammatory,non-neoplastic,,https://www.dermaamin.com/site/images/clinical-pic/g/granuloma_annulare/granuloma_annulare80.jpg,httpwwwdermaamincomsiteimagesclinicalpicggranulomaannularegranulomaannulare80jpg.jpg
fb7b9d228f3c5d239ec59b954d953bbc,4,4,xeroderma pigmentosum,genodermatoses,non-neoplastic,,https://www.dermaamin.com/site/images/clinical-pic/X/xeroderma-pigmentosum/xeroderma-pigmentosum43.jpg,httpwwwdermaamincomsiteimagesclinicalpicXxerodermapigmentosumxerodermapigmentosum43jpg.jpg
1c836d4d108c951381d2a1e4e956de5a,4,4,erythema nodosum,inflammatory,non-neoplastic,,https://www.dermaamin.com/site/images/clinical-pic/e/erythema-nodosum/erythema-nodosum37.jpg,httpwwwdermaamincomsiteimagesclinicalpiceerythemanodosumerythemanodosum37jpg.jpg
21ebe4272dfcb8d600e02a535800244f,4,4,urticaria,inflammatory,non-neoplastic,,https://www.dermaamin.com/site/images/clinical-pic/u/urticaria-contact/urticaria-contact5.jpg,httpwwwdermaamincomsiteimagesclinicalpicuurticariacontacturticariacontact5jpg.jpg
924acae61840d0e0e6ad71c137dbadbc,4,4,eczema,inflammatory,non-neoplastic,,https://www.dermaamin.com/site/images/clinical-pic/h/hand_eczema/hand_eczema3.jpg,httpwwwdermaamincomsiteimagesclinicalpichhandeczemahandeczema3jpg.jpg
e09ad79db1068573b62da446aa8a2a34,4,4,scabies,inflammatory,non-neoplastic,,https://www.dermaamin.com/site/images/clinical-pic/n/norwegian_scabies/norwegian_scabies64.jpg,httpwwwdermaamincomsiteimagesclinicalpicnnorwegianscabiesnorwegianscabies64jpg.jpg
00959beb7862649dc9b40e924d7050f1,4,4,scleroderma,inflammatory,non-neoplastic,,https://www.dermaamin.com/site/images/clinical-pic/L/localized-scleroderma/localized-scleroderma14.jpg,httpwwwdermaamincomsiteimagesclinicalpicLlocalizedsclerodermalocalizedscleroderma14jpg.jpg
d10b1536c16c8dae1abf7a51c48c4fc9,4,4,epidermal nevus,benign epidermal,benign,,https://www.dermaamin.com/site/images/clinical-pic/e/epidermal_naevus/epidermal_naevus77.jpg,httpwwwdermaamincomsiteimagesclinicalpiceepidermalnaevusepidermalnaevus77jpg.jpg
7417842967f20cb28f70c8c0e8ad4d20,4,4,vitiligo,inflammatory,non-neoplastic,,https://www.dermaamin.com/site/images/clinical-pic/v/vitiligo/vitiligo11.jpg,httpwwwdermaamincomsiteimagesclinicalpicvvitiligovitiligo11jpg.jpg
8dd91ccc0665825cb2337a8f84e76c15,4,4,necrobiosis lipoidica,inflammatory,non-neoplastic,,https://www.dermaamin.com/site/images/clinical-pic/n/necrobiois-lipoidica-diabeticorum/necrobiois-lipoidica-diabeticorum6.jpg,httpwwwdermaamincomsiteimagesclinicalpicnnecrobioislipoidicadiabeticorumnecrobioislipoidicadiabeticorum6jpg.jpg
fb56c3668d6c396a55f552dffbf2dce2,4,4,psoriasis,inflammatory,non-neoplastic,,https://www.dermaamin.com/site/images/clinical-pic/p/psoriasis-psoriasis_after_erysipelas/psoriasis-psoriasis_after_erysipelas4.jpg,httpwwwdermaamincomsiteimagesclinicalpicppsoriasispsoriasisaftererysipelaspsoriasispsoriasisaftererysipelas4jpg.jpg
c15fe233630608218ecedb692f1430f3,4,4,xanthomas,inflammatory,non-neoplastic,,https://www.dermaamin.com/site/images/clinical-pic/X/xanthomas/xanthomas18.jpg,httpwwwdermaamincomsiteimagesclinicalpicXxanthomasxanthomas18jpg.jpg
6c353ee141e49f24f232b9f7baa7722c,4,4,prurigo nodularis,benign epidermal,benign,,https://www.dermaamin.com/site/images/clinical-pic/p/prurigo_nodularis/prurigo_nodularis55.jpg,httpwwwdermaamincomsiteimagesclinicalpicpprurigonodularisprurigonodularis55jpg.jpg
c299982fdf723130020667fc0630814d,4,4,drug eruption,inflammatory,non-neoplastic,,https://www.dermaamin.com/site/images/clinical-pic/d/drug_eruption/drug_eruption159.jpg,httpwwwdermaamincomsiteimagesclinicalpicddrugeruptiondrugeruption159jpg.jpg
9f868ec43e63a6f125a9e396c68337b7,4,4,xeroderma pigmentosum,genodermatoses,non-neoplastic,,https://www.dermaamin.com/site/images/clinical-pic/X/xeroderma-pigmentosum/xeroderma-pigmentosum54.jpg,httpwwwdermaamincomsiteimagesclinicalpicXxerodermapigmentosumxerodermapigmentosum54jpg.jpg
e33e24a88c9cdc586cdbbb812fe71bb3,4,4,porphyria,inflammatory,non-neoplastic,,https://www.dermaamin.com/site/images/clinical-pic/p/porphyria-cutanea-tarda/porphyria-cutanea-tarda15.jpg,httpwwwdermaamincomsiteimagesclinicalpicpporphyriacutaneatardaporphyriacutaneatarda15jpg.jpg
4f26647374206a8070db448c01ee3256,4,4,pityriasis rosea,inflammatory,non-neoplastic,,https://www.dermaamin.com/site/images/clinical-pic/p/pityriasis_rosea/pityriasis_rosea87.jpg,httpwwwdermaamincomsiteimagesclinicalpicppityriasisroseapityriasisrosea87jpg.jpg
6fe9d8fa6c068bc9956cd2faac8ba716,4,4,photodermatoses,inflammatory,non-neoplastic,,https://www.dermaamin.com/site/images/clinical-pic/p/polymorphic_light_eruption/polymorphic_light_eruption14.jpg,httpwwwdermaamincomsiteimagesclinicalpicppolymorphiclighteruptionpolymorphiclighteruption14jpg.jpg
f7c577c830725a2f27fead729366ef26,4,4,folliculitis,inflammatory,non-neoplastic,,https://www.dermaamin.com/site/images/clinical-pic/e/eosinophilic_pustula_folliculitis/eosinophilic_pustula_folliculitis6.jpg,httpwwwdermaamincomsiteimagesclinicalpiceeosinophilicpustulafolliculitiseosinophilicpustulafolliculitis6jpg.jpg
0c1362716817d36a2f2828708c2a652d,4,4,pityriasis rosea,inflammatory,non-neoplastic,,https://www.dermaamin.com/site/images/clinical-pic/p/pityriasis_rosea/pityriasis_rosea97.jpg,httpwwwdermaamincomsiteimagesclinicalpicppityriasisroseapityriasisrosea97jpg.jpg
0ef8a12da7acd5ef66d5ed7ddef2e10c,4,4,porphyria,inflammatory,non-neoplastic,,https://www.dermaamin.com/site/images/clinical-pic/p/porphyria-cutanea-tarda/porphyria-cutanea-tarda1.jpg,httpwwwdermaamincomsiteimagesclinicalpicpporphyriacutaneatardaporphyriacutaneatarda1jpg.jpg
658e7c810f8c65a40c99ac80e1ba251a,4,4,porphyria,inflammatory,non-neoplastic,,https://www.dermaamin.com/site/images/clinical-pic/p/porphyria-cutanea-tarda/porphyria-cutanea-tarda20.jpg,httpwwwdermaamincomsiteimagesclinicalpicpporphyriacutaneatardaporphyriacutaneatarda20jpg.jpg
c3494e07c264f5c418ddb4fccc465636,4,4,pityriasis rubra pilaris,inflammatory,non-neoplastic,,https://www.dermaamin.com/site/images/clinical-pic/p/pityriasis_rubra_pilaris/pityriasis_rubra_pilaris74.jpg,httpwwwdermaamincomsiteimagesclinicalpicppityriasisrubrapilarispityriasisrubrapilaris74jpg.jpg
bf3e23f00f156fa217cc6ca8393f8ae3,4,4,scabies,inflammatory,non-neoplastic,,https://www.dermaamin.com/site/images/clinical-pic/s/scabies/scabies47.jpg,httpwwwdermaamincomsiteimagesclinicalpicsscabiesscabies47jpg.jpg
8bafe3c0acdeca24d12581cd6d4fdb65,4,4,milia,benign epidermal,benign,,https://www.dermaamin.com/site/images/clinical-pic/m/miliaria/miliaria34.jpg,httpwwwdermaamincomsiteimagesclinicalpicmmiliariamiliaria34jpg.jpg
829d4e5be3bdf2bdbcb35676945e09e5,4,4,neutrophilic dermatoses,inflammatory,non-neoplastic,,https://www.dermaamin.com/site/images/clinical-pic/p/pyoderma-gangrenosum/pyoderma-gangrenosum56.jpg,httpwwwdermaamincomsiteimagesclinicalpicppyodermagangrenosumpyodermagangrenosum56jpg.jpg
0524c7e156295bd71bea39f7bde2595c,4,4,halo nevus,benign melanocyte,benign,,https://www.dermaamin.com/site/images/clinical-pic/h/halo_naevus/halo_naevus57.jpg,httpwwwdermaamincomsiteimagesclinicalpichhalonaevushalonaevus57jpg.jpg
68888c4170deb1bdb9aaea62f255a199,4,4,keratosis pilaris,inflammatory,non-neoplastic,,https://www.dermaamin.com/site/images/clinical-pic/k/keratosis-pilaris/keratosis-pilaris32.jpg,httpwwwdermaamincomsiteimagesclinicalpickkeratosispilariskeratosispilaris32jpg.jpg
82605d3e7d952537049a1c32c57d510f,4,4,erythema multiforme,inflammatory,non-neoplastic,,https://www.dermaamin.com/site/images/clinical-pic/e/erythema_multiforme/erythema_multiforme15.jpg,httpwwwdermaamincomsiteimagesclinicalpiceerythemamultiformeerythemamultiforme15jpg.jpg
4ef0025817e752ae5981dd0358b2d242,4,4,sarcoidosis,inflammatory,non-neoplastic,,https://www.dermaamin.com/site/images/clinical-pic/s/sarcoidosis/sarcoidosis17.jpg,httpwwwdermaamincomsiteimagesclinicalpicssarcoidosissarcoidosis17jpg.jpg
79dd087b12d3854c94387e2557db80eb,4,4,keloid,inflammatory,non-neoplastic,,https://www.dermaamin.com/site/images/clinical-pic/k/kekoid/kekoid80.jpg,httpwwwdermaamincomsiteimagesclinicalpickkekoidkekoid80jpg.jpg
8ef0a2dd1d0c0d30094d13ff8a8fe15b,4,4,granuloma annulare,inflammatory,non-neoplastic,,https://www.dermaamin.com/site/images/clinical-pic/g/granuloma_annulare/granuloma_annulare88.jpg,httpwwwdermaamincomsiteimagesclinicalpicggranulomaannularegranulomaannulare88jpg.jpg
a906e7bbb9307b70cb7223c67f39a41f,4,4,lichen simplex,inflammatory,non-neoplastic,,,httpwwwdermaamincomsiteimagesclinicalpicLLichensimplexchronicusLichensimplexchronicus5jpg.jpg
a58381fbfe4010af2454ee9d830e33ca,4,4,sarcoidosis,inflammatory,non-neoplastic,,https://www.dermaamin.com/site/images/clinical-pic/s/sarcoidosis/sarcoidosis2.jpg,httpwwwdermaamincomsiteimagesclinicalpicssarcoidosissarcoidosis2jpg.jpg
d5bb4d5ef36446ecb4a128de9c2fc222,4,4,behcets disease,inflammatory,non-neoplastic,,https://www.dermaamin.com/site/images/clinical-pic/b/behcets_disease/behcets_disease40.jpg,httpwwwdermaamincomsiteimagesclinicalpicbbehcetsdiseasebehcetsdisease40jpg.jpg
da0147ea828805d535d78745fcc9a7b3,4,4,ehlers danlos syndrome,genodermatoses,non-neoplastic,,https://www.dermaamin.com/site/images/clinical-pic/e/ehlers_danlos_syndrome/ehlers_danlos_syndrome3.jpg,httpwwwdermaamincomsiteimagesclinicalpiceehlersdanlossyndromeehlersdanlossyndrome3jpg.jpg
a84f3bf0c9e806169177f595ba7d8797,4,4,lichen planus,inflammatory,non-neoplastic,,https://www.dermaamin.com/site/images/clinical-pic/L/lichen_planus_follicularis/lichen_planus_follicularis24.jpg,httpwwwdermaamincomsiteimagesclinicalpicLlichenplanusfollicularislichenplanusfollicularis24jpg.jpg
f2627794588732850eebedba908e8767,4,4,urticaria pigmentosa,inflammatory,non-neoplastic,,https://www.dermaamin.com/site/images/clinical-pic/u/urticaria-pigmentosa/urticaria-pigmentosa64.jpg,httpwwwdermaamincomsiteimagesclinicalpicuurticariapigmentosaurticariapigmentosa64jpg.jpg
124b91bf9e3b1b260dff7d2ce9f9e27c,4,4,lichen planus,inflammatory,non-neoplastic,,https://www.dermaamin.com/site/images/clinical-pic/e/eruptive_lichen_planus/eruptive_lichen_planus14.jpg,httpwwwdermaamincomsiteimagesclinicalpiceeruptivelichenplanuseruptivelichenplanus14jpg.jpg
fa5c9bbc8a806c99ecbde8db0e46232d,4,4,acanthosis nigricans,inflammatory,non-neoplastic,,https://www.dermaamin.com/site/images/clinical-pic/a/acanthosis_nigricans/acanthosis_nigricans31.jpg,httpwwwdermaamincomsiteimagesclinicalpicaacanthosisnigricansacanthosisnigricans31jpg.jpg
9b7edd4e98f898fe5b5d4adaaa5c264d,4,4,porokeratosis actinic,benign epidermal,benign,,https://www.dermaamin.com/site/images/clinical-pic/k/keratosis_solar/keratosis_solar12.jpg,httpwwwdermaamincomsiteimagesclinicalpickkeratosissolarkeratosissolar12jpg.jpg
86dba4c4522de4f16096d566f8388bd4,4,4,xeroderma pigmentosum,genodermatoses,non-neoplastic,,https://www.dermaamin.com/site/images/clinical-pic/X/xeroderma-pigmentosum/xeroderma-pigmentosum22.jpg,httpwwwdermaamincomsiteimagesclinicalpicXxerodermapigmentosumxerodermapigmentosum22jpg.jpg
07119186590e4bab170d0c4dcf299d5a,4,4,dariers disease,genodermatoses,non-neoplastic,,https://www.dermaamin.com/site/images/clinical-pic/a/addison_disease/addison_disease11.jpg,httpwwwdermaamincomsiteimagesclinicalpicaaddisondiseaseaddisondisease11jpg.jpg
d6a011d88cac1c5ab6645fa64fd4a900,4,4,porokeratosis actinic,benign epidermal,benign,,https://www.dermaamin.com/site/images/clinical-pic/p/porokeratosis_actinic/porokeratosis_actinic5.jpg,httpwwwdermaamincomsiteimagesclinicalpicpporokeratosisactinicporokeratosisactinic5jpg.jpg
838506df7577d4b862ccd09b3007cbbc,4,4,porokeratosis actinic,benign epidermal,benign,,https://www.dermaamin.com/site/images/clinical-pic/p/porokeratosis_actinic/porokeratosis_actinic9.jpg,httpwwwdermaamincomsiteimagesclinicalpicpporokeratosisactinicporokeratosisactinic9jpg.jpg
406cdf60fba69b9beac0aca89de79410,4,4,psoriasis,inflammatory,non-neoplastic,,https://www.dermaamin.com/site/images/clinical-pic/p/psoriasis_guttate/psoriasis_guttate16.jpg,httpwwwdermaamincomsiteimagesclinicalpicppsoriasisguttatepsoriasisguttate16jpg.jpg
4bd61d9c3ec99cdea6d24b0915e2cd12,4,4,squamous cell carcinoma,malignant epidermal,malignant,,https://www.dermaamin.com/site/images/clinical-pic/e/erythroplasia_of_queyrat/erythroplasia_of_queyrat8.jpg,httpwwwdermaamincomsiteimagesclinicalpiceerythroplasiaofqueyraterythroplasiaofqueyrat8jpg.jpg
796dc238c864321539583a9961c3e4d0,4,4,photodermatoses,inflammatory,non-neoplastic,,https://www.dermaamin.com/site/images/clinical-pic/p/phytophotodermatitis/phytophotodermatitis54.jpg,httpwwwdermaamincomsiteimagesclinicalpicpphytophotodermatitisphytophotodermatitis54jpg.jpg
67712da1f5b9ce22516f618b866aa2bc,4,4,becker nevus,benign dermal,benign,,https://www.dermaamin.com/site/images/clinical-pic/b/beckers_nevus/beckers_nevus16.jpg,httpwwwdermaamincomsiteimagesclinicalpicbbeckersnevusbeckersnevus16jpg.jpg
0d90cd2b2bf339a587dd7072372ff186,4,4,tuberous sclerosis,genodermatoses,non-neoplastic,,https://www.dermaamin.com/site/images/clinical-pic/t/tuberous_sclerosis/tuberous_sclerosis106.jpg,httpwwwdermaamincomsiteimagesclinicalpicttuberoussclerosistuberoussclerosis106jpg.jpg
45aebbd5b3741b10da7939e5424f70e4,4,4,acne vulgaris,inflammatory,non-neoplastic,,https://www.dermaamin.com/site/images/clinical-pic/a/acne_vulgaris/acne_vulgaris8.jpg,httpwwwdermaamincomsiteimagesclinicalpicaacnevulgarisacnevulgaris8jpg.jpg
3e26d21c1878bf9ffaf937ad2d5c8f1a,4,4,scabies,inflammatory,non-neoplastic,,https://www.dermaamin.com/site/images/clinical-pic/n/norwegian_scabies/norwegian_scabies70.jpg,httpwwwdermaamincomsiteimagesclinicalpicnnorwegianscabiesnorwegianscabies70jpg.jpg
29bcc832238c4d60fb1a26b8540260e5,4,4,livedo reticularis,inflammatory,non-neoplastic,,https://www.dermaamin.com/site/images/clinical-pic/L/livedo-reticularis/livedo-reticularis8.jpg,httpwwwdermaamincomsiteimagesclinicalpicLlivedoreticularislivedoreticularis8jpg.jpg
77d4b8dc95f05e86c834638a5e0a368e,4,4,nematode infection,inflammatory,non-neoplastic,,https://www.dermaamin.com/site/images/clinical-pic/h/hydrocele/hydrocele6.jpg,httpwwwdermaamincomsiteimagesclinicalpichhydrocelehydrocele6jpg.jpg
5b2d083698d7ed5b10d17f18714c3b54,4,4,keloid,inflammatory,non-neoplastic,,https://www.dermaamin.com/site/images/clinical-pic/k/kekoid/kekoid66.jpg,httpwwwdermaamincomsiteimagesclinicalpickkekoidkekoid66jpg.jpg
a77d74d2390a9fd6ec5b333dcb9500dc,4,4,cheilitis,inflammatory,non-neoplastic,,https://www.dermaamin.com/site/images/clinical-pic/m/melkersson-rosenthal-syndrome/melkersson-rosenthal-syndrome13.jpg,httpwwwdermaamincomsiteimagesclinicalpicmmelkerssonrosenthalsyndromemelkerssonrosenthalsyndrome13jpg.jpg
8106437d268a433d9c9351b263104438,4,4,papilomatosis confluentes and reticulate,inflammatory,non-neoplastic,,https://www.dermaamin.com/site/images/clinical-pic/p/papillomatosis_confluent_reticulated/papillomatosis_confluent_reticulated3.jpg,httpwwwdermaamincomsiteimagesclinicalpicppapillomatosisconfluentreticulatedpapillomatosisconfluentreticulated3jpg.jpg
49aea559a766c1ce6833b161563c3423,4,4,psoriasis,inflammatory,non-neoplastic,,https://www.dermaamin.com/site/images/clinical-pic/p/psoriasis/psoriasis74.jpg,httpwwwdermaamincomsiteimagesclinicalpicppsoriasispsoriasis74jpg.jpg
dd7b358a3a6d9134abd1271322b5ee99,4,4,actinic keratosis,malignant epidermal,malignant,,https://www.dermaamin.com/site/images/clinical-pic/a/actinic_keratoses/actinic_keratoses46.jpg,httpwwwdermaamincomsiteimagesclinicalpicaactinickeratosesactinickeratoses46jpg.jpg
f0c244194c1d83230b3a031aff48c512,4,4,nematode infection,inflammatory,non-neoplastic,,https://www.dermaamin.com/site/images/clinical-pic/L/larva-migrans/larva-migrans49.jpg,httpwwwdermaamincomsiteimagesclinicalpicLlarvamigranslarvamigrans49jpg.jpg
40108b5be76de2fc6a822bdd4fcd48ee,4,4,erythema nodosum,inflammatory,non-neoplastic,,https://www.dermaamin.com/site/images/clinical-pic/e/erythema-nodosum/erythema-nodosum38.jpg,httpwwwdermaamincomsiteimagesclinicalpiceerythemanodosumerythemanodosum38jpg.jpg
c002d4de9e421e35d6a0626247653ed4,4,4,photodermatoses,inflammatory,non-neoplastic,,https://www.dermaamin.com/site/images/clinical-pic/p/phytophotodermatitis/phytophotodermatitis26.jpg,httpwwwdermaamincomsiteimagesclinicalpicpphytophotodermatitisphytophotodermatitis26jpg.jpg
578fcfdcc836fede947a5edca19909c7,4,4,keratosis pilaris,inflammatory,non-neoplastic,,https://www.dermaamin.com/site/images/clinical-pic/k/keratosis-pilaris/keratosis-pilaris46.jpg,httpwwwdermaamincomsiteimagesclinicalpickkeratosispilariskeratosispilaris46jpg.jpg
cca87e327e1306a4063fe0e0af50c5a7,4,4,neurofibromatosis,genodermatoses,non-neoplastic,,https://www.dermaamin.com/site/images/clinical-pic/n/neurofibromatosis-von-reckling-hausen-syndrome/neurofibromatosis-von-reckling-hausen-syndrome78.jpg,httpwwwdermaamincomsiteimagesclinicalpicnneurofibromatosisvonrecklinghausensyndromeneurofibromatosisvonrecklinghausensyndrome78jpg.jpg
730776384d4f056c948c50a84c46932a,4,4,ichthyosis vulgaris,genodermatoses,non-neoplastic,,https://www.dermaamin.com/site/images/clinical-pic/I/ichthyosis_vulgaris/ichthyosis_vulgaris6.jpg,httpwwwdermaamincomsiteimagesclinicalpicIichthyosisvulgarisichthyosisvulgaris6jpg.jpg
fa89cc0aa31e87f03da6da8517264535,4,4,acne vulgaris,inflammatory,non-neoplastic,,https://www.dermaamin.com/site/images/clinical-pic/a/acne_vulgaris/acne_vulgaris98.jpg,httpwwwdermaamincomsiteimagesclinicalpicaacnevulgarisacnevulgaris98jpg.jpg
df98334affcfd0a03ccd1d81f76d52a6,4,4,sarcoidosis,inflammatory,non-neoplastic,,https://www.dermaamin.com/site/images/clinical-pic/s/sarcoidosis/sarcoidosis36.jpg,httpwwwdermaamincomsiteimagesclinicalpicssarcoidosissarcoidosis36jpg.jpg
0663712126739222b0f5f4718215d2dc,4,4,granuloma annulare,inflammatory,non-neoplastic,,https://www.dermaamin.com/site/images/clinical-pic/g/granuloma_annulare/granuloma_annulare43.jpg,httpwwwdermaamincomsiteimagesclinicalpicggranulomaannularegranulomaannulare43jpg.jpg
324f7ccfc7f0a941dc9f0028271a4c2a,4,4,porphyria,inflammatory,non-neoplastic,,https://www.dermaamin.com/site/images/clinical-pic/p/porphyria-cutanea-tarda/porphyria-cutanea-tarda34.jpg,httpwwwdermaamincomsiteimagesclinicalpicpporphyriacutaneatardaporphyriacutaneatarda34jpg.jpg
c53053b76057de5df9e5e0e6784baa88,4,4,kaposi sarcoma,malignant dermal,malignant,,https://www.dermaamin.com/site/images/clinical-pic/k/kaposis-sarcoma/kaposis-sarcoma88.jpg,httpwwwdermaamincomsiteimagesclinicalpickkaposissarcomakaposissarcoma88jpg.jpg
1cc1abe08a5436e941ae319ba06691b4,4,4,xanthomas,inflammatory,non-neoplastic,,https://www.dermaamin.com/site/images/clinical-pic/a/anthrax/anthrax11.jpg,httpwwwdermaamincomsiteimagesclinicalpicaanthraxanthrax11jpg.jpg
7dabc981c070ef3b157483cc74c78d1a,4,4,actinic keratosis,malignant epidermal,malignant,,https://www.dermaamin.com/site/images/clinical-pic/a/actinic_keratoses/actinic_keratoses81.jpg,httpwwwdermaamincomsiteimagesclinicalpicaactinickeratosesactinickeratoses81jpg.jpg
89e2b2b8614998cd2cb53b7d3e6ac7c7,4,4,epidermolysis bullosa,genodermatoses,non-neoplastic,,https://www.dermaamin.com/site/images/clinical-pic/e/epidermolysis_bullosa/epidermolysis_bullosa13.jpg,httpwwwdermaamincomsiteimagesclinicalpiceepidermolysisbullosaepidermolysisbullosa13jpg.jpg
4604b4b94303edcaa5a2a4feebae1a96,4,4,kaposi sarcoma,malignant dermal,malignant,,https://www.dermaamin.com/site/images/clinical-pic/k/kaposis-sarcoma/kaposis-sarcoma27.jpg,httpwwwdermaamincomsiteimagesclinicalpickkaposissarcomakaposissarcoma27jpg.jpg
38fb20bd5d4685bfd7ee33ef0f262027,4,4,papilomatosis confluentes and reticulate,inflammatory,non-neoplastic,,https://www.dermaamin.com/site/images/clinical-pic/p/papillomatosis_confluent_reticulated/papillomatosis_confluent_reticulated17.jpg,httpwwwdermaamincomsiteimagesclinicalpicppapillomatosisconfluentreticulatedpapillomatosisconfluentreticulated17jpg.jpg
3bf435545a5498efa9de220f6f563edb,4,4,neurotic excoriations,inflammatory,non-neoplastic,,https://www.dermaamin.com/site/images/clinical-pic/e/excoriations_uraemic/excoriations_uraemic4.jpg,httpwwwdermaamincomsiteimagesclinicalpiceexcoriationsuraemicexcoriationsuraemic4jpg.jpg
2368f5e5eadad02a934cd5350158416b,4,4,pityriasis rubra pilaris,inflammatory,non-neoplastic,,https://www.dermaamin.com/site/images/clinical-pic/p/pityriasis_rubra_pilaris/pityriasis_rubra_pilaris56.jpg,httpwwwdermaamincomsiteimagesclinicalpicppityriasisrubrapilarispityriasisrubrapilaris56jpg.jpg
2e3ea380ef1d75eb3e64f5f694a001c5,4,4,neurofibromatosis,genodermatoses,non-neoplastic,,https://www.dermaamin.com/site/images/clinical-pic/n/neurofibromatosis-von-reckling-hausen-syndrome/neurofibromatosis-von-reckling-hausen-syndrome80.jpg,httpwwwdermaamincomsiteimagesclinicalpicnneurofibromatosisvonrecklinghausensyndromeneurofibromatosisvonrecklinghausensyndrome80jpg.jpg
74a589516cc87d39ec8ffe69047ff668,4,4,psoriasis,inflammatory,non-neoplastic,,https://www.dermaamin.com/site/images/clinical-pic/p/psoriasis/psoriasis28.jpg,httpwwwdermaamincomsiteimagesclinicalpicppsoriasispsoriasis28jpg.jpg
129058f2ba2ceb4be5091e5b133a66ca,4,4,mucinosis,inflammatory,non-neoplastic,,https://www.dermaamin.com/site/images/clinical-pic/m/mucinosis_folicular/mucinosis_folicular1.jpg,httpwwwdermaamincomsiteimagesclinicalpicmmucinosisfolicularmucinosisfolicular1jpg.jpg
1ac318835faafda88a085030d80342e1,4,4,neutrophilic dermatoses,inflammatory,non-neoplastic,,https://www.dermaamin.com/site/images/clinical-pic/p/pyoderma-gangrenosum/pyoderma-gangrenosum99.jpg,httpwwwdermaamincomsiteimagesclinicalpicppyodermagangrenosumpyodermagangrenosum99jpg.jpg
a8632d42fdf5628e55025aa61c8e6aea,4,4,acanthosis nigricans,inflammatory,non-neoplastic,,https://www.dermaamin.com/site/images/clinical-pic/a/acanthosis_nigricans/acanthosis_nigricans28.jpg,httpwwwdermaamincomsiteimagesclinicalpicaacanthosisnigricansacanthosisnigricans28jpg.jpg
393519bb1c83942bf31c86b1710d4608,4,4,drug eruption,inflammatory,non-neoplastic,,https://www.dermaamin.com/site/images/clinical-pic/p/pustular_drug_eruption/pustular_drug_eruption3.jpg,httpwwwdermaamincomsiteimagesclinicalpicppustulardrugeruptionpustulardrugeruption3jpg.jpg
a56afe5d5b3c74e11e977786b06ec762,4,4,allergic contact dermatitis,inflammatory,non-neoplastic,,https://www.dermaamin.com/site/images/clinical-pic/I/irritant-contact-dermatitis/irritant-contact-dermatitis3.jpg,httpwwwdermaamincomsiteimagesclinicalpicIirritantcontactdermatitisirritantcontactdermatitis3jpg.jpg
8865f807490cb7bd0daf8daaa08c781e,4,4,nematode infection,inflammatory,non-neoplastic,,https://www.dermaamin.com/site/images/clinical-pic/L/larva-migrans/larva-migrans35.jpg,httpwwwdermaamincomsiteimagesclinicalpicLlarvamigranslarvamigrans35jpg.jpg
93bed240528e73bc8714b52849f576ce,4,4,xeroderma pigmentosum,genodermatoses,non-neoplastic,,https://www.dermaamin.com/site/images/clinical-pic/X/xeroderma-pigmentosum/xeroderma-pigmentosum57.jpg,httpwwwdermaamincomsiteimagesclinicalpicXxerodermapigmentosumxerodermapigmentosum57jpg.jpg
739b9244e94e718d7c8e4572c0a7a1fc,4,4,lichen amyloidosis,inflammatory,non-neoplastic,,https://www.dermaamin.com/site/images/clinical-pic/L/lichen-amyloidosis/lichen-amyloidosis4.jpg,httpwwwdermaamincomsiteimagesclinicalpicLlichenamyloidosislichenamyloidosis4jpg.jpg
4f2db3afe01f83e31a82fb8d49e10f1d,4,4,lichen planus,inflammatory,non-neoplastic,,https://www.dermaamin.com/site/images/clinical-pic/e/eruptive_lichen_planus/eruptive_lichen_planus10.jpg,httpwwwdermaamincomsiteimagesclinicalpiceeruptivelichenplanuseruptivelichenplanus10jpg.jpg
bb7dd975b765819e7d4a015e57fd3229,4,4,psoriasis,inflammatory,non-neoplastic,,https://www.dermaamin.com/site/images/clinical-pic/p/psoriasis_guttate/psoriasis_guttate19.jpg,httpwwwdermaamincomsiteimagesclinicalpicppsoriasisguttatepsoriasisguttate19jpg.jpg
d85b334d03ba7a6b528df5b95fdf7d08,4,4,lichen planus,inflammatory,non-neoplastic,,https://www.dermaamin.com/site/images/clinical-pic/L/lichen_planus/lichen_planus53.jpg,httpwwwdermaamincomsiteimagesclinicalpicLlichenplanuslichenplanus53jpg.jpg
c91269ecf2a0dddc0e191a6c213b0cab,4,4,keloid,inflammatory,non-neoplastic,,https://www.dermaamin.com/site/images/clinical-pic/k/kekoid/kekoid48.jpg,httpwwwdermaamincomsiteimagesclinicalpickkekoidkekoid48jpg.jpg
f1979b9bf4e026d9204bf15e85984c47,4,4,melanoma,malignant melanoma,malignant,,https://www.dermaamin.com/site/images/clinical-pic/a/acral_melanoma/acral_melanoma1.jpg,httpwwwdermaamincomsiteimagesclinicalpicaacralmelanomaacralmelanoma1jpg.jpg
400952a9071613dd72b0f45b7aa6a5f0,4,4,porphyria,inflammatory,non-neoplastic,,https://www.dermaamin.com/site/images/clinical-pic/p/porphyria-cutanea-tarda/porphyria-cutanea-tarda86.jpg,httpwwwdermaamincomsiteimagesclinicalpicpporphyriacutaneatardaporphyriacutaneatarda86jpg.jpg
f44eb8842ea5c2a8cccc0fe1bea27736,4,4,lyme disease,inflammatory,non-neoplastic,,https://www.dermaamin.com/site/images/clinical-pic/e/erytrasma/erytrasma44.jpg,httpwwwdermaamincomsiteimagesclinicalpiceerytrasmaerytrasma44jpg.jpg
3dc1e5a00c9f7e73f7107510e5c684eb,4,4,incontinentia pigmenti,genodermatoses,non-neoplastic,,https://www.dermaamin.com/site/images/clinical-pic/I/incontinentia_pigmenti/incontinentia_pigmenti6.jpg,httpwwwdermaamincomsiteimagesclinicalpicIincontinentiapigmentiincontinentiapigmenti6jpg.jpg
33d4c18921107fb0be2f6f1980753a09,4,4,pilar cyst,benign dermal,benign,,https://www.dermaamin.com/site/images/clinical-pic/e/epidermal_cyst/epidermal_cyst41.jpg,httpwwwdermaamincomsiteimagesclinicalpiceepidermalcystepidermalcyst41jpg.jpg
d880feb0bc1ced3d4e237f88d39260c2,4,4,scleroderma,inflammatory,non-neoplastic,,https://www.dermaamin.com/site/images/clinical-pic/m/morphea/morphea46.jpg,httpwwwdermaamincomsiteimagesclinicalpicmmorpheamorphea46jpg.jpg
97329df17314adebb7cbee823596a965,4,4,kaposi sarcoma,malignant dermal,malignant,,https://www.dermaamin.com/site/images/clinical-pic/k/kaposis-sarcoma/kaposis-sarcoma20.jpg,httpwwwdermaamincomsiteimagesclinicalpickkaposissarcomakaposissarcoma20jpg.jpg
40000fb0fa4fc9b9ad3454b6b86dab02,4,4,neurodermatitis,inflammatory,non-neoplastic,,https://www.dermaamin.com/site/images/clinical-pic/n/nickel-dermatitis/nickel-dermatitis9.jpg,httpwwwdermaamincomsiteimagesclinicalpicnnickeldermatitisnickeldermatitis9jpg.jpg
756d88be00c8f28a5815bb4433c66bc8,4,4,pityriasis rubra pilaris,inflammatory,non-neoplastic,,https://www.dermaamin.com/site/images/clinical-pic/p/pityriasis_rubra_pilaris/pityriasis_rubra_pilaris42.jpg,httpwwwdermaamincomsiteimagesclinicalpicppityriasisrubrapilarispityriasisrubrapilaris42jpg.jpg
552b120d9151cee6a237ed7b8f1291af,4,4,nematode infection,inflammatory,non-neoplastic,,https://www.dermaamin.com/site/images/clinical-pic/L/larva-migrans/larva-migrans91.jpg,httpwwwdermaamincomsiteimagesclinicalpicLlarvamigranslarvamigrans91jpg.jpg
0ba6adb9ff51373715255448ceb1fe46,4,4,porphyria,inflammatory,non-neoplastic,,https://www.dermaamin.com/site/images/clinical-pic/p/porphyria-cutanea-tarda/porphyria-cutanea-tarda49.jpg,httpwwwdermaamincomsiteimagesclinicalpicpporphyriacutaneatardaporphyriacutaneatarda49jpg.jpg
4f1fcf3dd36f78b7fc96d8fbb64fc27a,4,4,pityriasis rubra pilaris,inflammatory,non-neoplastic,,https://www.dermaamin.com/site/images/clinical-pic/p/pityriasis_rubra_pilaris/pityriasis_rubra_pilaris69.jpg,httpwwwdermaamincomsiteimagesclinicalpicppityriasisrubrapilarispityriasisrubrapilaris69jpg.jpg
1ba38182b6fa95722620667387680979,4,4,pityriasis rosea,inflammatory,non-neoplastic,,https://www.dermaamin.com/site/images/clinical-pic/p/pityriasis_rosea/pityriasis_rosea48.jpg,httpwwwdermaamincomsiteimagesclinicalpicppityriasisroseapityriasisrosea48jpg.jpg
5205b8a556267da50996f140be336a13,4,4,lupus erythematosus,inflammatory,non-neoplastic,,https://www.dermaamin.com/site/images/clinical-pic/L/lupus_erythematosus_systemic/lupus_erythematosus_systemic13.jpg,httpwwwdermaamincomsiteimagesclinicalpicLlupuserythematosussystemiclupuserythematosussystemic13jpg.jpg
5bc8c940685117ba78113fd68e1057d3,4,4,dermatomyositis,inflammatory,non-neoplastic,,https://www.dermaamin.com/site/images/clinical-pic/d/dermatomyositis/dermatomyositis131.jpg,httpwwwdermaamincomsiteimagesclinicalpicddermatomyositisdermatomyositis131jpg.jpg
3b36608c5ee59c5c9d86d64fb5309007,4,4,melanoma,malignant melanoma,malignant,,https://www.dermaamin.com/site/images/clinical-pic/m/melanoma/melanoma42.jpg,httpwwwdermaamincomsiteimagesclinicalpicmmelanomamelanoma42jpg.jpg
c07bcec24158144bd824ef607b7fa1d7,4,4,porphyria,inflammatory,non-neoplastic,,https://www.dermaamin.com/site/images/clinical-pic/p/pseudoporphyria/pseudoporphyria3.jpg,httpwwwdermaamincomsiteimagesclinicalpicppseudoporphyriapseudoporphyria3jpg.jpg
6c12f0e99a7af40789ae5aaf42946d84,4,4,prurigo nodularis,benign epidermal,benign,,https://www.dermaamin.com/site/images/clinical-pic/p/prurigo_nodularis/prurigo_nodularis86.jpg,httpwwwdermaamincomsiteimagesclinicalpicpprurigonodularisprurigonodularis86jpg.jpg
4a475b206775a9b3fcbfb97f93003024,4,4,lupus subacute,inflammatory,non-neoplastic,,https://www.dermaamin.com/site/images/clinical-pic/L/lymphocytic-infiltration-of-the-skin-jessner-kanof/lymphocytic-infiltration-of-the-skin-jessner-kanof2.jpg,httpwwwdermaamincomsiteimagesclinicalpicLlymphocyticinfiltrationoftheskinjessnerkanoflymphocyticinfiltrationoftheskinjessnerkanof2jpg.jpg
2e7c2f31203c11c75e8a22b3b0498a0d,4,4,lichen planus,inflammatory,non-neoplastic,,https://www.dermaamin.com/site/images/clinical-pic/L/lichen_planus/lichen_planus43.jpg,httpwwwdermaamincomsiteimagesclinicalpicLlichenplanuslichenplanus43jpg.jpg
3a96f717f1fcda0c1ec2c7bc48ce355c,4,4,lichen simplex,inflammatory,non-neoplastic,,https://www.dermaamin.com/site/images/clinical-pic/c/chicken_pox/chicken_pox22.jpg,httpwwwdermaamincomsiteimagesclinicalpiccchickenpoxchickenpox22jpg.jpg
e679d2a842c9faa6c3da02ac6228a27b,4,4,acanthosis nigricans,inflammatory,non-neoplastic,,https://www.dermaamin.com/site/images/clinical-pic/a/acanthosis_nigricans/acanthosis_nigricans23.jpg,httpwwwdermaamincomsiteimagesclinicalpicaacanthosisnigricansacanthosisnigricans23jpg.jpg
0e81c12891bc58c8759668109873ff8b,4,4,photodermatoses,inflammatory,non-neoplastic,,https://www.dermaamin.com/site/images/clinical-pic/p/phototoxic-eruption/phototoxic-eruption17.jpg,httpwwwdermaamincomsiteimagesclinicalpicpphototoxiceruptionphototoxiceruption17jpg.jpg
92a05edb9fdfde91a8671b215852071f,4,4,photodermatoses,inflammatory,non-neoplastic,,https://www.dermaamin.com/site/images/clinical-pic/p/phototoxic-eruption/phototoxic-eruption32.jpg,httpwwwdermaamincomsiteimagesclinicalpicpphototoxiceruptionphototoxiceruption32jpg.jpg
3cd0037d0c0997ace50f14879c380d05,4,4,tuberous sclerosis,genodermatoses,non-neoplastic,,https://www.dermaamin.com/site/images/clinical-pic/t/tuberous_sclerosis/tuberous_sclerosis45.jpg,httpwwwdermaamincomsiteimagesclinicalpicttuberoussclerosistuberoussclerosis45jpg.jpg
c41d0d91d99bf4556fbb6eda3c7afee5,4,4,urticaria pigmentosa,inflammatory,non-neoplastic,,https://www.dermaamin.com/site/images/clinical-pic/u/urticaria-pigmentosa/urticaria-pigmentosa5.jpg,httpwwwdermaamincomsiteimagesclinicalpicuurticariapigmentosaurticariapigmentosa5jpg.jpg
a0813aad14b96d669342ef81e4d6bab0,4,4,keloid,inflammatory,non-neoplastic,,http://atlasdermatologico.com.br/img?imageId=2968,httpwwwatlasdermatologicocombrimgimageId2968.jpg
a56424d5bc9f4febc5161007d42bc190,4,4,keratosis pilaris,inflammatory,non-neoplastic,,http://atlasdermatologico.com.br/img?imageId=3043,httpwwwatlasdermatologicocombrimgimageId3043.jpg
e2e01689be3527d559d5aa6834824346,4,4,scleromyxedema,inflammatory,non-neoplastic,,http://atlasdermatologico.com.br/img?imageId=6653,httpwwwatlasdermatologicocombrimgimageId6653.jpg
41bb7cbb3871e71cea5d03f887212130,4,4,pityriasis rubra pilaris,inflammatory,non-neoplastic,,http://atlasdermatologico.com.br/img?imageId=5644,httpwwwatlasdermatologicocombrimgimageId5644.jpg
f3ea0ae198c63352755029e1af894179,4,4,scleroderma,inflammatory,non-neoplastic,,http://atlasdermatologico.com.br/img?imageId=4536,httpwwwatlasdermatologicocombrimgimageId4536.jpg
5f7dbb59f5c65abfe5ab9258158efa39,4,4,allergic contact dermatitis,inflammatory,non-neoplastic,,http://atlasdermatologico.com.br/img?imageId=1148,httpwwwatlasdermatologicocombrimgimageId1148.jpg
496499358ba08dc4f14926d405c43903,4,4,mucinosis,inflammatory,non-neoplastic,,http://atlasdermatologico.com.br/img?imageId=8262,httpwwwatlasdermatologicocombrimgimageId8262.jpg
c414e6c3cac28ea1c33906f915255cfb,4,4,calcinosis cutis,inflammatory,non-neoplastic,,http://atlasdermatologico.com.br/img?imageId=834,httpwwwatlasdermatologicocombrimgimageId834.jpg
2cc6488dcefce545904151d0f3dcf7be,4,4,scabies,inflammatory,non-neoplastic,,http://atlasdermatologico.com.br/img?imageId=6603,httpwwwatlasdermatologicocombrimgimageId6603.jpg
21f3a55da05068bc0ec141642d7bb9eb,4,4,lichen amyloidosis,inflammatory,non-neoplastic,,http://atlasdermatologico.com.br/img?imageId=3692,httpwwwatlasdermatologicocombrimgimageId3692.jpg
c6f97424eb1f98c4d54459e21f506e51,4,4,lupus erythematosus,inflammatory,non-neoplastic,,http://atlasdermatologico.com.br/img?imageId=6475,httpwwwatlasdermatologicocombrimgimageId6475.jpg
606e18bfc17fe070b53b597b96cd9791,4,4,dariers disease,genodermatoses,non-neoplastic,,http://atlasdermatologico.com.br/img?imageId=1318,httpwwwatlasdermatologicocombrimgimageId1318.jpg
d15ea5efb526bdce8bde8b385f76905a,4,4,mycosis fungoides,malignant cutaneous lymphoma,malignant,,http://atlasdermatologico.com.br/img?imageId=8693,httpwwwatlasdermatologicocombrimgimageId8693.jpg
479a5a3605709b149ddd1c6b1480599c,4,4,lichen planus,inflammatory,non-neoplastic,,http://atlasdermatologico.com.br/img?imageId=3742,httpwwwatlasdermatologicocombrimgimageId3742.jpg
de45252a8acc121beebc7866ba53c3db,4,4,granuloma annulare,inflammatory,non-neoplastic,,http://atlasdermatologico.com.br/img?imageId=2267,httpwwwatlasdermatologicocombrimgimageId2267.jpg
90065d0449979267f55b60a7594dd92b,4,4,vitiligo,inflammatory,non-neoplastic,,http://atlasdermatologico.com.br/img?imageId=7926,httpwwwatlasdermatologicocombrimgimageId7926.jpg
e89ad6a20db6bbc5bac4049eb17bb0d5,4,4,erythema multiforme,inflammatory,non-neoplastic,,http://atlasdermatologico.com.br/img?imageId=1958,httpwwwatlasdermatologicocombrimgimageId1958.jpg
cde020ff727606ce0718216d115a1a39,4,4,lupus erythematosus,inflammatory,non-neoplastic,,http://atlasdermatologico.com.br/img?imageId=4136,httpwwwatlasdermatologicocombrimgimageId4136.jpg
a8e48833aa24c2cdddb82cf83f1e3786,4,4,prurigo nodularis,benign epidermal,benign,,http://atlasdermatologico.com.br/img?imageId=6107,httpwwwatlasdermatologicocombrimgimageId6107.jpg
6f7e7323fc3b1d98c4e3bfe5273f6b92,4,4,melanoma,malignant melanoma,malignant,,http://atlasdermatologico.com.br/img?imageId=4260,httpwwwatlasdermatologicocombrimgimageId4260.jpg
8f5ca5103590109131738c717ce2aca4,4,4,neutrophilic dermatoses,inflammatory,non-neoplastic,,http://atlasdermatologico.com.br/img?imageId=6897,httpwwwatlasdermatologicocombrimgimageId6897.jpg
d36eab8e113c5e34a9ed230028ae238c,4,4,mucinosis,inflammatory,non-neoplastic,,http://atlasdermatologico.com.br/img?imageId=8261,httpwwwatlasdermatologicocombrimgimageId8261.jpg
398772c942db8356a718b2f964289af5,4,4,vitiligo,inflammatory,non-neoplastic,,http://atlasdermatologico.com.br/img?imageId=7920,httpwwwatlasdermatologicocombrimgimageId7920.jpg
428d7233e38991aa1eb706093f101e2c,4,4,papilomatosis confluentes and reticulate,inflammatory,non-neoplastic,,http://atlasdermatologico.com.br/img?imageId=5062,httpwwwatlasdermatologicocombrimgimageId5062.jpg
1b8eb818768855a567148a509810bc75,4,4,granuloma annulare,inflammatory,non-neoplastic,,http://atlasdermatologico.com.br/img?imageId=2265,httpwwwatlasdermatologicocombrimgimageId2265.jpg
c019189bbf4ba6070d56637040b1287a,4,4,dariers disease,genodermatoses,non-neoplastic,,http://atlasdermatologico.com.br/img?imageId=1311,httpwwwatlasdermatologicocombrimgimageId1311.jpg
0973c83127ae3290a29ad39cd0d87f9c,4,4,scleromyxedema,inflammatory,non-neoplastic,,http://atlasdermatologico.com.br/img?imageId=6648,httpwwwatlasdermatologicocombrimgimageId6648.jpg
6a98a937d614aafde51a2202a19958b9,4,4,pityriasis rosea,inflammatory,non-neoplastic,,http://atlasdermatologico.com.br/img?imageId=5561,httpwwwatlasdermatologicocombrimgimageId5561.jpg
cf6ceb2fb2d6cf4e836956280e6fb286,4,4,lichen planus,inflammatory,non-neoplastic,,http://atlasdermatologico.com.br/img?imageId=3828,httpwwwatlasdermatologicocombrimgimageId3828.jpg
23b9e5a8b9a7bd69de2e6137929c3656,4,4,lupus erythematosus,inflammatory,non-neoplastic,,http://atlasdermatologico.com.br/img?imageId=4138,httpwwwatlasdermatologicocombrimgimageId4138.jpg
91c2a2d75d43488ff67d36bafefaeba7,4,4,prurigo nodularis,benign epidermal,benign,,http://atlasdermatologico.com.br/img?imageId=6116,httpwwwatlasdermatologicocombrimgimageId6116.jpg
30a813c04674884e9e090c1c154133d0,4,4,lupus erythematosus,inflammatory,non-neoplastic,,http://atlasdermatologico.com.br/img?imageId=4093,httpwwwatlasdermatologicocombrimgimageId4093.jpg
fcc9ed3892215e076e9dc5b7a8bf81e7,4,4,squamous cell carcinoma,malignant epidermal,malignant,,http://atlasdermatologico.com.br/img?imageId=6756,httpwwwatlasdermatologicocombrimgimageId6756.jpg
b1f5e53bd14607b73779265e8ba0acd4,4,4,mycosis fungoides,malignant cutaneous lymphoma,malignant,,http://atlasdermatologico.com.br/img?imageId=8413,httpwwwatlasdermatologicocombrimgimageId8413.jpg
58e381db621adcc7dfb8d6755a61bccd,4,4,lymphangioma,benign dermal,benign,,http://atlasdermatologico.com.br/img?imageId=4154,httpwwwatlasdermatologicocombrimgimageId4154.jpg
b8612725adba1b4a98feecbc90fb62fb,4,4,pityriasis rubra pilaris,inflammatory,non-neoplastic,,http://atlasdermatologico.com.br/img?imageId=5689,httpwwwatlasdermatologicocombrimgimageId5689.jpg
2dd0558bd9a2f9035efe7c0000a54797,4,4,scleromyxedema,inflammatory,non-neoplastic,,http://atlasdermatologico.com.br/img?imageId=3721,httpwwwatlasdermatologicocombrimgimageId3721.jpg
c5c492e7070a6954ff38d07a3c617c12,4,4,pityriasis lichenoides chronica,inflammatory,non-neoplastic,,http://atlasdermatologico.com.br/img?imageId=5505,httpwwwatlasdermatologicocombrimgimageId5505.jpg
d9480e888a1caa8f33fb117b24424eeb,4,4,porokeratosis actinic,benign epidermal,benign,,http://atlasdermatologico.com.br/img?imageId=5929,httpwwwatlasdermatologicocombrimgimageId5929.jpg
fa9ee8c99370dc53a1ddcf892410a2ea,4,4,seborrheic dermatitis,inflammatory,non-neoplastic,,http://atlasdermatologico.com.br/img?imageId=6713,httpwwwatlasdermatologicocombrimgimageId6713.jpg
20befb1b6128fad2e770487c5b998d6c,4,4,porokeratosis actinic,benign epidermal,benign,,http://atlasdermatologico.com.br/img?imageId=5938,httpwwwatlasdermatologicocombrimgimageId5938.jpg
4db07607f65f6d096771422eaf124c40,4,4,lupus erythematosus,inflammatory,non-neoplastic,,http://atlasdermatologico.com.br/img?imageId=4070,httpwwwatlasdermatologicocombrimgimageId4070.jpg
87089a4409606968748d64f20865a2dc,4,4,kaposi sarcoma,malignant dermal,malignant,,http://atlasdermatologico.com.br/img?imageId=2947,httpwwwatlasdermatologicocombrimgimageId2947.jpg
4efda277537f97985cf44ced3ef94ff4,4,4,scabies,inflammatory,non-neoplastic,,http://atlasdermatologico.com.br/img?imageId=4955,httpwwwatlasdermatologicocombrimgimageId4955.jpg
eac7188c6b895e04ccbb434e54913b52,4,4,lichen planus,inflammatory,non-neoplastic,,http://atlasdermatologico.com.br/img?imageId=3805,httpwwwatlasdermatologicocombrimgimageId3805.jpg
bce4e08c1b5368c7e5ce30dd65f8c648,4,4,scleroderma,inflammatory,non-neoplastic,,http://atlasdermatologico.com.br/img?imageId=4534,httpwwwatlasdermatologicocombrimgimageId4534.jpg
29cbc4bb5448bae29dea7e05ffb773e1,4,4,mucinosis,inflammatory,non-neoplastic,,http://atlasdermatologico.com.br/img?imageId=8270,httpwwwatlasdermatologicocombrimgimageId8270.jpg
8bdf085e79f86fbfd2f5141b5b3df776,4,4,kaposi sarcoma,malignant dermal,malignant,,http://atlasdermatologico.com.br/img?imageId=2949,httpwwwatlasdermatologicocombrimgimageId2949.jpg
cfe556ad5e53e78025ba0c26dd33e9ba,4,4,pityriasis rosea,inflammatory,non-neoplastic,,http://atlasdermatologico.com.br/img?imageId=5551,httpwwwatlasdermatologicocombrimgimageId5551.jpg
3798f6b25307585c620e73e0bd38bcd8,4,4,papilomatosis confluentes and reticulate,inflammatory,non-neoplastic,,http://atlasdermatologico.com.br/img?imageId=5072,httpwwwatlasdermatologicocombrimgimageId5072.jpg
ec434ee7ba467dd5ec5a4b87fd515e29,4,4,basal cell carcinoma,malignant epidermal,malignant,,http://atlasdermatologico.com.br/img?imageId=588,httpwwwatlasdermatologicocombrimgimageId588.jpg
cfddd6e270fe04afaefcf61332956630,4,4,erythema nodosum,inflammatory,non-neoplastic,,http://atlasdermatologico.com.br/img?imageId=1987,httpwwwatlasdermatologicocombrimgimageId1987.jpg
8baebf4116093f2cad916ca84651bd86,4,4,porphyria,inflammatory,non-neoplastic,,http://atlasdermatologico.com.br/img?imageId=6032,httpwwwatlasdermatologicocombrimgimageId6032.jpg
22bd8aa5373f1091456b7f40af1ce786,4,4,squamous cell carcinoma,malignant epidermal,malignant,,http://atlasdermatologico.com.br/img?imageId=3014,httpwwwatlasdermatologicocombrimgimageId3014.jpg
4e662ea43174e9cf92b6a455c1a973b1,4,4,necrobiosis lipoidica,inflammatory,non-neoplastic,,http://atlasdermatologico.com.br/img?imageId=4761,httpwwwatlasdermatologicocombrimgimageId4761.jpg
a8853f928fa5c649891eae6070890e97,4,4,nematode infection,inflammatory,non-neoplastic,,http://atlasdermatologico.com.br/img?imageId=3152,httpwwwatlasdermatologicocombrimgimageId3152.jpg
e4b7c6f7a58a85b819bc105765ef15ee,4,4,photodermatoses,inflammatory,non-neoplastic,,http://atlasdermatologico.com.br/img?imageId=5444,httpwwwatlasdermatologicocombrimgimageId5444.jpg
ce01b20213533e4ab3cf7bc468549342,4,4,psoriasis,inflammatory,non-neoplastic,,http://atlasdermatologico.com.br/img?imageId=6328,httpwwwatlasdermatologicocombrimgimageId6328.jpg
88523b85b128b889f7bbc9ed545b3496,4,4,pityriasis rubra pilaris,inflammatory,non-neoplastic,,http://atlasdermatologico.com.br/img?imageId=5757,httpwwwatlasdermatologicocombrimgimageId5757.jpg
99c09906cd9631d6ff648f680ce3c7a2,4,4,squamous cell carcinoma,malignant epidermal,malignant,,http://atlasdermatologico.com.br/img?imageId=3026,httpwwwatlasdermatologicocombrimgimageId3026.jpg
bdbaaeeb56f1c91d09af011022137fd7,4,4,erythema multiforme,inflammatory,non-neoplastic,,http://atlasdermatologico.com.br/img?imageId=1965,httpwwwatlasdermatologicocombrimgimageId1965.jpg
1ed038769f0f69c27c57c250661efa71,4,4,seborrheic dermatitis,inflammatory,non-neoplastic,,http://atlasdermatologico.com.br/img?imageId=6719,httpwwwatlasdermatologicocombrimgimageId6719.jpg
ba77a64aad11a5d209bbcf9abcb0b18c,4,4,pityriasis rubra pilaris,inflammatory,non-neoplastic,,http://atlasdermatologico.com.br/img?imageId=5693,httpwwwatlasdermatologicocombrimgimageId5693.jpg
82375585ff47e3738a54447e43b613f2,4,4,basal cell carcinoma,malignant epidermal,malignant,,http://atlasdermatologico.com.br/img?imageId=508,httpwwwatlasdermatologicocombrimgimageId508.jpg
0de026e61445d16bc819b7f05ad2a68d,4,4,porokeratosis actinic,benign epidermal,benign,,http://atlasdermatologico.com.br/img?imageId=5945,httpwwwatlasdermatologicocombrimgimageId5945.jpg
248f33ad890e77be495933b4b7a81654,4,4,erythema annulare centrifigum,inflammatory,non-neoplastic,,http://atlasdermatologico.com.br/img?imageId=1887,httpwwwatlasdermatologicocombrimgimageId1887.jpg
4f869686e470ead56a73b034c33f3fd5,4,4,pityriasis rubra pilaris,inflammatory,non-neoplastic,,http://atlasdermatologico.com.br/img?imageId=5781,httpwwwatlasdermatologicocombrimgimageId5781.jpg
3d260ca5402a0f5f3bfbfd4a2e39fc4b,4,4,lichen planus,inflammatory,non-neoplastic,,http://atlasdermatologico.com.br/img?imageId=8386,httpwwwatlasdermatologicocombrimgimageId8386.jpg
86e41673162407f6d3592e57d96af361,4,4,tungiasis,inflammatory,non-neoplastic,,http://atlasdermatologico.com.br/img?imageId=7696,httpwwwatlasdermatologicocombrimgimageId7696.jpg
609451699be527bfe022509dd22c467c,4,4,necrobiosis lipoidica,inflammatory,non-neoplastic,,http://atlasdermatologico.com.br/img?imageId=4760,httpwwwatlasdermatologicocombrimgimageId4760.jpg
6ef1ede4a9a7059f83fb1fd350ab5762,4,4,psoriasis,inflammatory,non-neoplastic,,http://atlasdermatologico.com.br/img?imageId=6318,httpwwwatlasdermatologicocombrimgimageId6318.jpg
8a77f4d192ca0b2d8bc3a868baa32a3a,4,4,seborrheic dermatitis,inflammatory,non-neoplastic,,http://atlasdermatologico.com.br/img?imageId=6710,httpwwwatlasdermatologicocombrimgimageId6710.jpg
9a5fc1f4dfaefa206f95cdf39ea7b4d3,4,4,lichen planus,inflammatory,non-neoplastic,,http://atlasdermatologico.com.br/img?imageId=3881,httpwwwatlasdermatologicocombrimgimageId3881.jpg
55c3f7f6f7da205bd027315fed008eec,4,4,neurofibromatosis,genodermatoses,non-neoplastic,,http://atlasdermatologico.com.br/img?imageId=4784,httpwwwatlasdermatologicocombrimgimageId4784.jpg
818736ade8a5acfdb73c063d975d9171,4,4,lupus erythematosus,inflammatory,non-neoplastic,,http://atlasdermatologico.com.br/img?imageId=4079,httpwwwatlasdermatologicocombrimgimageId4079.jpg
3c920acbc9c559a98d4f776be9ec7795,4,4,urticaria,inflammatory,non-neoplastic,,http://atlasdermatologico.com.br/img?imageId=7771,httpwwwatlasdermatologicocombrimgimageId7771.jpg
14060d17a8aa31000334df41ef201dd1,4,4,rhinophyma,inflammatory,non-neoplastic,,http://atlasdermatologico.com.br/img?imageId=6490,httpwwwatlasdermatologicocombrimgimageId6490.jpg
556cf271208a1b240e65f147cda3e74c,4,4,scleromyxedema,inflammatory,non-neoplastic,,http://atlasdermatologico.com.br/img?imageId=6656,httpwwwatlasdermatologicocombrimgimageId6656.jpg
1ebd8355d8f52076800915ccf1ed71d5,4,4,nematode infection,inflammatory,non-neoplastic,,http://atlasdermatologico.com.br/img?imageId=3149,httpwwwatlasdermatologicocombrimgimageId3149.jpg
cb33bd170307c07e3547c91b825e65a7,4,4,pilar cyst,benign dermal,benign,,http://atlasdermatologico.com.br/img?imageId=6073,httpwwwatlasdermatologicocombrimgimageId6073.jpg
036c75317df2eb60971693ad80126c99,4,4,lichen planus,inflammatory,non-neoplastic,,http://atlasdermatologico.com.br/img?imageId=3795,httpwwwatlasdermatologicocombrimgimageId3795.jpg
36c7e8901daa48c89e2521219e6fc4b9,4,4,nematode infection,inflammatory,non-neoplastic,,http://atlasdermatologico.com.br/img?imageId=3146,httpwwwatlasdermatologicocombrimgimageId3146.jpg
c1a3ddc4c30259f94a07d88c3c32b490,4,4,dariers disease,genodermatoses,non-neoplastic,,http://atlasdermatologico.com.br/img?imageId=8590,httpwwwatlasdermatologicocombrimgimageId8590.jpg
ff65d3db00e773387f09da586f59f545,4,4,prurigo nodularis,benign epidermal,benign,,http://atlasdermatologico.com.br/img?imageId=6124,httpwwwatlasdermatologicocombrimgimageId6124.jpg
984340609a9fd4144cb4cf77317e4282,4,4,keratosis pilaris,inflammatory,non-neoplastic,,http://atlasdermatologico.com.br/img?imageId=3046,httpwwwatlasdermatologicocombrimgimageId3046.jpg
d9278adfbd5f49700be6aa6637d6d753,4,4,papilomatosis confluentes and reticulate,inflammatory,non-neoplastic,,http://atlasdermatologico.com.br/img?imageId=5064,httpwwwatlasdermatologicocombrimgimageId5064.jpg
317abb303258809d54f354956f1e1f84,4,4,erythema annulare centrifigum,inflammatory,non-neoplastic,,http://atlasdermatologico.com.br/img?imageId=1894,httpwwwatlasdermatologicocombrimgimageId1894.jpg
37b5319d28524e6c1fb6460f1c3c05d9,4,4,fixed eruptions,inflammatory,non-neoplastic,,http://atlasdermatologico.com.br/img?imageId=8779,httpwwwatlasdermatologicocombrimgimageId8779.jpg
23aeadd7efcda7876e05072afb195117,4,4,aplasia cutis,inflammatory,non-neoplastic,,http://atlasdermatologico.com.br/img?imageId=401,httpwwwatlasdermatologicocombrimgimageId401.jpg
b2a36a8d0b2c0d129e7510a32c18bdcc,4,4,mycosis fungoides,malignant cutaneous lymphoma,malignant,,http://atlasdermatologico.com.br/img?imageId=8725,httpwwwatlasdermatologicocombrimgimageId8725.jpg
abdb12c47745e6b341123c8ac6af60d4,4,4,scabies,inflammatory,non-neoplastic,,http://atlasdermatologico.com.br/img?imageId=6598,httpwwwatlasdermatologicocombrimgimageId6598.jpg
4a0267217fe77b50c3c629bb272e9ebd,4,4,nematode infection,inflammatory,non-neoplastic,,http://atlasdermatologico.com.br/img?imageId=3225,httpwwwatlasdermatologicocombrimgimageId3225.jpg
7aada8a6a584d19381b83aa6aff96bd9,4,4,urticaria,inflammatory,non-neoplastic,,http://atlasdermatologico.com.br/img?imageId=7770,httpwwwatlasdermatologicocombrimgimageId7770.jpg
a3adb40d77e92e75fd62f55fb17a89f8,4,4,photodermatoses,inflammatory,non-neoplastic,,http://atlasdermatologico.com.br/img?imageId=175,httpwwwatlasdermatologicocombrimgimageId175.jpg
04437cd3092a8922dc9af8100d350431,4,4,kaposi sarcoma,malignant dermal,malignant,,http://atlasdermatologico.com.br/img?imageId=2918,httpwwwatlasdermatologicocombrimgimageId2918.jpg
68529609a8f5731d04c41da1589ab864,4,4,neurofibromatosis,genodermatoses,non-neoplastic,,http://atlasdermatologico.com.br/img?imageId=8564,httpwwwatlasdermatologicocombrimgimageId8564.jpg
2ba0fbe7f58d3f986e286110517af456,4,4,urticaria,inflammatory,non-neoplastic,,http://atlasdermatologico.com.br/img?imageId=7783,httpwwwatlasdermatologicocombrimgimageId7783.jpg
efb52d60989c24b38fa603eca986ac5f,4,4,mucinosis,inflammatory,non-neoplastic,,http://atlasdermatologico.com.br/img?imageId=8280,httpwwwatlasdermatologicocombrimgimageId8280.jpg
ddc8eaaf09188277072ee805cb73c8da,4,4,prurigo nodularis,benign epidermal,benign,,http://atlasdermatologico.com.br/img?imageId=6084,httpwwwatlasdermatologicocombrimgimageId6084.jpg
74a2d7b3c01c63f68614c48270507f89,4,4,prurigo nodularis,benign epidermal,benign,,http://atlasdermatologico.com.br/img?imageId=6088,httpwwwatlasdermatologicocombrimgimageId6088.jpg
afc4bdb0cdefbdb03a1335a89ebe49c6,4,4,kaposi sarcoma,malignant dermal,malignant,,http://atlasdermatologico.com.br/img?imageId=2930,httpwwwatlasdermatologicocombrimgimageId2930.jpg
e494113d50517f94f1b832bbfb1b516a,4,4,neurofibromatosis,genodermatoses,non-neoplastic,,http://atlasdermatologico.com.br/img?imageId=4835,httpwwwatlasdermatologicocombrimgimageId4835.jpg
d3d144228183c069423b58c5d7f82a82,4,4,pityriasis rubra pilaris,inflammatory,non-neoplastic,,http://atlasdermatologico.com.br/img?imageId=5674,httpwwwatlasdermatologicocombrimgimageId5674.jpg
8bb5ab60aeea189cadd2ef00fdc54d47,4,4,lichen planus,inflammatory,non-neoplastic,,http://atlasdermatologico.com.br/img?imageId=3763,httpwwwatlasdermatologicocombrimgimageId3763.jpg
31101499ce05d4685f06fe3267e50c20,4,4,porokeratosis actinic,benign epidermal,benign,,http://atlasdermatologico.com.br/img?imageId=5904,httpwwwatlasdermatologicocombrimgimageId5904.jpg
24541df12ac58db17a35401ee7e427f9,4,4,porokeratosis actinic,benign epidermal,benign,,http://atlasdermatologico.com.br/img?imageId=5934,httpwwwatlasdermatologicocombrimgimageId5934.jpg
d47ac8bcb52cc8b95d78775facbfc336,4,4,pityriasis rubra pilaris,inflammatory,non-neoplastic,,http://atlasdermatologico.com.br/img?imageId=5656,httpwwwatlasdermatologicocombrimgimageId5656.jpg
d5ecee92dd62521055328614523535ac,4,4,porokeratosis actinic,benign epidermal,benign,,http://atlasdermatologico.com.br/img?imageId=5924,httpwwwatlasdermatologicocombrimgimageId5924.jpg
c45bd584bcc04b88431a434428e9ae3e,4,4,neutrophilic dermatoses,inflammatory,non-neoplastic,,http://atlasdermatologico.com.br/img?imageId=6396,httpwwwatlasdermatologicocombrimgimageId6396.jpg
874d512f0b5aa0cfc183b339aabe6dc6,4,4,pityriasis rubra pilaris,inflammatory,non-neoplastic,,http://atlasdermatologico.com.br/img?imageId=5803,httpwwwatlasdermatologicocombrimgimageId5803.jpg
25240cda5c5a576b9bbf092957512804,4,4,porokeratosis actinic,benign epidermal,benign,,http://atlasdermatologico.com.br/img?imageId=5948,httpwwwatlasdermatologicocombrimgimageId5948.jpg
7ca7b4f43008d9d065fd7add8a9daade,4,4,hailey hailey disease,genodermatoses,non-neoplastic,,http://atlasdermatologico.com.br/img?imageId=2439,httpwwwatlasdermatologicocombrimgimageId2439.jpg
7def1372c07348c3f37b044802cff9c4,4,4,allergic contact dermatitis,inflammatory,non-neoplastic,,http://atlasdermatologico.com.br/img?imageId=1146,httpwwwatlasdermatologicocombrimgimageId1146.jpg
56ddef8a71d3d96060711068a401c1d7,4,4,erythema elevatum diutinum,inflammatory,non-neoplastic,,http://atlasdermatologico.com.br/img?imageId=1923,httpwwwatlasdermatologicocombrimgimageId1923.jpg
9e922cb64d7ab857bea138a33e27e6d1,4,4,pityriasis rubra pilaris,inflammatory,non-neoplastic,,http://atlasdermatologico.com.br/img?imageId=5772,httpwwwatlasdermatologicocombrimgimageId5772.jpg
541bb746adf72ccf6adaca181781bb67,4,4,seborrheic dermatitis,inflammatory,non-neoplastic,,http://atlasdermatologico.com.br/img?imageId=6709,httpwwwatlasdermatologicocombrimgimageId6709.jpg
8c2c49b2c62cd5a5757b20d26323a79c,4,4,vitiligo,inflammatory,non-neoplastic,,http://atlasdermatologico.com.br/img?imageId=7924,httpwwwatlasdermatologicocombrimgimageId7924.jpg
b90298329f06c4f0f9a7f6c2d926b993,4,4,granuloma annulare,inflammatory,non-neoplastic,,http://atlasdermatologico.com.br/img?imageId=2277,httpwwwatlasdermatologicocombrimgimageId2277.jpg
b8020da58003030cd80ac467c2b25a1c,4,4,lupus erythematosus,inflammatory,non-neoplastic,,http://atlasdermatologico.com.br/img?imageId=4092,httpwwwatlasdermatologicocombrimgimageId4092.jpg
b066db04c0bc9f6758b93138593cf20c,4,4,granuloma annulare,inflammatory,non-neoplastic,,http://atlasdermatologico.com.br/img?imageId=2268,httpwwwatlasdermatologicocombrimgimageId2268.jpg
8dd1e80db0c096deff2446177c64d5a3,4,4,psoriasis,inflammatory,non-neoplastic,,http://atlasdermatologico.com.br/img?imageId=6323,httpwwwatlasdermatologicocombrimgimageId6323.jpg
7946630c6f364e77cba22fe745d4aca0,4,4,acrodermatitis enteropathica,genodermatoses,non-neoplastic,,http://atlasdermatologico.com.br/img?imageId=122,httpwwwatlasdermatologicocombrimgimageId122.jpg
af1bb4aacc6a61042d668f02b9628db8,4,4,pityriasis rubra pilaris,inflammatory,non-neoplastic,,http://atlasdermatologico.com.br/img?imageId=5787,httpwwwatlasdermatologicocombrimgimageId5787.jpg
54f095524c82ddd0cabb4915755583e0,4,4,striae,inflammatory,non-neoplastic,,http://atlasdermatologico.com.br/img?imageId=6880,httpwwwatlasdermatologicocombrimgimageId6880.jpg
c23326630cac06140bf03363cb334c71,4,4,porokeratosis actinic,benign epidermal,benign,,http://atlasdermatologico.com.br/img?imageId=5936,httpwwwatlasdermatologicocombrimgimageId5936.jpg
eff2e78b99e4445648707b06869071da,4,4,lichen planus,inflammatory,non-neoplastic,,http://atlasdermatologico.com.br/img?imageId=3820,httpwwwatlasdermatologicocombrimgimageId3820.jpg
ae1f6928e3eef6a1fcc69e5b7faa7f97,4,4,pityriasis rubra pilaris,inflammatory,non-neoplastic,,http://atlasdermatologico.com.br/img?imageId=5653,httpwwwatlasdermatologicocombrimgimageId5653.jpg
31bbe7f7a42b08a2914c2249f2925020,4,4,scabies,inflammatory,non-neoplastic,,http://atlasdermatologico.com.br/img?imageId=4917,httpwwwatlasdermatologicocombrimgimageId4917.jpg
30ec1d859acb036e19b03a0c28fce611,4,4,lichen planus,inflammatory,non-neoplastic,,http://atlasdermatologico.com.br/img?imageId=3953,httpwwwatlasdermatologicocombrimgimageId3953.jpg
653b4e751bab947e728c8c09967f4099,4,4,allergic contact dermatitis,inflammatory,non-neoplastic,,http://atlasdermatologico.com.br/img?imageId=1145,httpwwwatlasdermatologicocombrimgimageId1145.jpg
db871411820979160cb098e6453399ce,4,4,basal cell carcinoma,malignant epidermal,malignant,,http://atlasdermatologico.com.br/img?imageId=672,httpwwwatlasdermatologicocombrimgimageId672.jpg
f5b5fc7b1af76ca2db94a3118cffc572,4,4,squamous cell carcinoma,malignant epidermal,malignant,,http://atlasdermatologico.com.br/img?imageId=6842,httpwwwatlasdermatologicocombrimgimageId6842.jpg
456fae3b6780fe417757c9d3cd902245,4,4,lupus erythematosus,inflammatory,non-neoplastic,,http://atlasdermatologico.com.br/img?imageId=4104,httpwwwatlasdermatologicocombrimgimageId4104.jpg
fff56febadeacf46b326b2543da5cafa,4,4,photodermatoses,inflammatory,non-neoplastic,,http://atlasdermatologico.com.br/img?imageId=5435,httpwwwatlasdermatologicocombrimgimageId5435.jpg
570aabc5c2a5d81cd9eb470fee156cd3,4,4,psoriasis,inflammatory,non-neoplastic,,http://atlasdermatologico.com.br/img?imageId=6269,httpwwwatlasdermatologicocombrimgimageId6269.jpg
76a410bec7b2e3644a4b141d8bb0d2c2,4,4,squamous cell carcinoma,malignant epidermal,malignant,,http://atlasdermatologico.com.br/img?imageId=3025,httpwwwatlasdermatologicocombrimgimageId3025.jpg
b6c5b555534259b0313b7af1e066daaf,4,4,fixed eruptions,inflammatory,non-neoplastic,,http://atlasdermatologico.com.br/img?imageId=2100,httpwwwatlasdermatologicocombrimgimageId2100.jpg
9c59a26373a06154e47d22a5537d23fb,4,4,pityriasis rosea,inflammatory,non-neoplastic,,http://atlasdermatologico.com.br/img?imageId=5546,httpwwwatlasdermatologicocombrimgimageId5546.jpg
91d9bacd7c1bd47d5d52079842dbbc43,4,4,porokeratosis actinic,benign epidermal,benign,,http://atlasdermatologico.com.br/img?imageId=5935,httpwwwatlasdermatologicocombrimgimageId5935.jpg
99aa381ecbeeabd3bd6afc1d1d1f4adb,4,4,ehlers danlos syndrome,genodermatoses,non-neoplastic,,http://atlasdermatologico.com.br/img?imageId=1631,httpwwwatlasdermatologicocombrimgimageId1631.jpg
4a6b06040b5cb31a674dbb0617327ccb,4,4,erythema multiforme,inflammatory,non-neoplastic,,http://atlasdermatologico.com.br/img?imageId=1964,httpwwwatlasdermatologicocombrimgimageId1964.jpg
ef5015d142b05e31d3c76a492bfa43af,4,4,porphyria,inflammatory,non-neoplastic,,http://atlasdermatologico.com.br/img?imageId=6031,httpwwwatlasdermatologicocombrimgimageId6031.jpg
6a42b572581dc870a1cfe3f15e7d5da8,4,4,prurigo nodularis,benign epidermal,benign,,http://atlasdermatologico.com.br/img?imageId=6129,httpwwwatlasdermatologicocombrimgimageId6129.jpg
d582f762b7c06555cec86028f3021903,4,4,scleromyxedema,inflammatory,non-neoplastic,,http://atlasdermatologico.com.br/img?imageId=6650,httpwwwatlasdermatologicocombrimgimageId6650.jpg
e664e4221da845a0d5ad3b34f479d868,4,4,erythema multiforme,inflammatory,non-neoplastic,,http://atlasdermatologico.com.br/img?imageId=1937,httpwwwatlasdermatologicocombrimgimageId1937.jpg
92ce6a2e6496f03b4b9106dad20c7774,4,4,lichen planus,inflammatory,non-neoplastic,,http://atlasdermatologico.com.br/img?imageId=3867,httpwwwatlasdermatologicocombrimgimageId3867.jpg
674c54b5dcffaf329bbc004769193276,4,4,pityriasis rosea,inflammatory,non-neoplastic,,http://atlasdermatologico.com.br/img?imageId=5549,httpwwwatlasdermatologicocombrimgimageId5549.jpg
8cb3945cf58f8e5540208408a50b5827,4,4,basal cell carcinoma,malignant epidermal,malignant,,http://atlasdermatologico.com.br/img?imageId=718,httpwwwatlasdermatologicocombrimgimageId718.jpg
6f197431cd2d540ed3c5c8c6a5296d54,4,4,squamous cell carcinoma,malignant epidermal,malignant,,http://atlasdermatologico.com.br/img?imageId=6840,httpwwwatlasdermatologicocombrimgimageId6840.jpg
a333317ec6837739447555f0390af7f4,4,4,lichen planus,inflammatory,non-neoplastic,,http://atlasdermatologico.com.br/img?imageId=3909,httpwwwatlasdermatologicocombrimgimageId3909.jpg
c7aac9b9850c541b1cf2619c7cec8d06,4,4,basal cell carcinoma,malignant epidermal,malignant,,http://atlasdermatologico.com.br/img?imageId=680,httpwwwatlasdermatologicocombrimgimageId680.jpg
ff1faa79556060a62c6f06fac4d78e12,4,4,papilomatosis confluentes and reticulate,inflammatory,non-neoplastic,,http://atlasdermatologico.com.br/img?imageId=5081,httpwwwatlasdermatologicocombrimgimageId5081.jpg
42569ba051062cfe79b6b36eecd42818,4,4,scleromyxedema,inflammatory,non-neoplastic,,http://atlasdermatologico.com.br/img?imageId=6662,httpwwwatlasdermatologicocombrimgimageId6662.jpg
aa8124d2c4f651249c6b77474cdd26fa,4,4,neutrophilic dermatoses,inflammatory,non-neoplastic,,http://atlasdermatologico.com.br/img?imageId=6384,httpwwwatlasdermatologicocombrimgimageId6384.jpg
5f0b80ae8369ac3fbe6317e5335eee0c,4,4,pityriasis rubra pilaris,inflammatory,non-neoplastic,,http://atlasdermatologico.com.br/img?imageId=5699,httpwwwatlasdermatologicocombrimgimageId5699.jpg
fb2f9e162b2bed28be4fc4733b79580e,4,4,neurofibromatosis,genodermatoses,non-neoplastic,,http://atlasdermatologico.com.br/img?imageId=4771,httpwwwatlasdermatologicocombrimgimageId4771.jpg
718523de0f4ffbc36d2088a5b4056ff5,4,4,nematode infection,inflammatory,non-neoplastic,,http://atlasdermatologico.com.br/img?imageId=3140,httpwwwatlasdermatologicocombrimgimageId3140.jpg
0bf6cc45eab476c2cd8e89f246ecb9da,4,4,syringoma,benign dermal,benign,,http://atlasdermatologico.com.br/img?imageId=7097,httpwwwatlasdermatologicocombrimgimageId7097.jpg
9927d63f02238b9e58374e29020121b0,4,4,drug induced pigmentary changes,inflammatory,non-neoplastic,,http://atlasdermatologico.com.br/img?imageId=2746,httpwwwatlasdermatologicocombrimgimageId2746.jpg
9411de04ef7d48bc7b980f72bce52e2a,4,4,scleromyxedema,inflammatory,non-neoplastic,,http://atlasdermatologico.com.br/img?imageId=6643,httpwwwatlasdermatologicocombrimgimageId6643.jpg
6dab8f115db4ece5613a6aae83280ab0,4,4,squamous cell carcinoma,malignant epidermal,malignant,,http://atlasdermatologico.com.br/img?imageId=6773,httpwwwatlasdermatologicocombrimgimageId6773.jpg
11ec5e67228a41fd31638ab87aba7e0b,4,4,pityriasis rubra pilaris,inflammatory,non-neoplastic,,http://atlasdermatologico.com.br/img?imageId=5775,httpwwwatlasdermatologicocombrimgimageId5775.jpg
8a13a1b82407db375e99e76a243a51f5,4,4,photodermatoses,inflammatory,non-neoplastic,,http://atlasdermatologico.com.br/img?imageId=5431,httpwwwatlasdermatologicocombrimgimageId5431.jpg
43aef28863a99a242e879a4a230496b0,4,4,erythema elevatum diutinum,inflammatory,non-neoplastic,,http://atlasdermatologico.com.br/img?imageId=1934,httpwwwatlasdermatologicocombrimgimageId1934.jpg
9a634faa1317a895e6823a534817d441,4,4,lichen planus,inflammatory,non-neoplastic,,http://atlasdermatologico.com.br/img?imageId=3904,httpwwwatlasdermatologicocombrimgimageId3904.jpg
b0b5f5950d2fda0eed8304ea18eef430,4,4,actinic keratosis,malignant epidermal,malignant,,http://atlasdermatologico.com.br/img?imageId=3067,httpwwwatlasdermatologicocombrimgimageId3067.jpg
ec2dee4109da66b218a1e6e807cd6edf,4,4,hailey hailey disease,genodermatoses,non-neoplastic,,http://atlasdermatologico.com.br/img?imageId=2435,httpwwwatlasdermatologicocombrimgimageId2435.jpg
a0d01e2c46e268e2eaa45576115d2c0d,4,4,pityriasis rubra pilaris,inflammatory,non-neoplastic,,http://atlasdermatologico.com.br/img?imageId=5802,httpwwwatlasdermatologicocombrimgimageId5802.jpg
c0d06676d4d7c392e4b74c7f6a7631f1,4,4,lichen planus,inflammatory,non-neoplastic,,http://atlasdermatologico.com.br/img?imageId=3787,httpwwwatlasdermatologicocombrimgimageId3787.jpg
0ceef1530a2d3c2237d8a49c84413a6c,4,4,pityriasis rubra pilaris,inflammatory,non-neoplastic,,http://atlasdermatologico.com.br/img?imageId=5643,httpwwwatlasdermatologicocombrimgimageId5643.jpg
f7d3995552afe7ba850f32a3d6b997e3,4,4,fixed eruptions,inflammatory,non-neoplastic,,http://atlasdermatologico.com.br/img?imageId=8781,httpwwwatlasdermatologicocombrimgimageId8781.jpg
3f3e70feb23464150551836dfe3d4f7c,4,4,psoriasis,inflammatory,non-neoplastic,,http://atlasdermatologico.com.br/img?imageId=6245,httpwwwatlasdermatologicocombrimgimageId6245.jpg
0b509e4af2d8bd0d07724e68dc0114b1,4,4,pityriasis rosea,inflammatory,non-neoplastic,,http://atlasdermatologico.com.br/img?imageId=5636,httpwwwatlasdermatologicocombrimgimageId5636.jpg
cd2a8bb610445ea23c665d75bf1adf31,4,4,lichen planus,inflammatory,non-neoplastic,,http://atlasdermatologico.com.br/img?imageId=3901,httpwwwatlasdermatologicocombrimgimageId3901.jpg
9ed2f9f8b8e8ef7dce95d40937b9fe37,4,4,syringoma,benign dermal,benign,,http://atlasdermatologico.com.br/img?imageId=7129,httpwwwatlasdermatologicocombrimgimageId7129.jpg
c4b436c20c971661c945867ea0b5dbda,4,4,papilomatosis confluentes and reticulate,inflammatory,non-neoplastic,,http://atlasdermatologico.com.br/img?imageId=5077,httpwwwatlasdermatologicocombrimgimageId5077.jpg
ccfbfe74ca5f813c0219ee487ba3b7b0,4,4,neurotic excoriations,inflammatory,non-neoplastic,,http://atlasdermatologico.com.br/img?imageId=4864,httpwwwatlasdermatologicocombrimgimageId4864.jpg
470f02cae19495aeb5354e41720cc311,4,4,squamous cell carcinoma,malignant epidermal,malignant,,http://atlasdermatologico.com.br/img?imageId=3001,httpwwwatlasdermatologicocombrimgimageId3001.jpg
eff97945f1197b87aed23d64f2772591,4,4,kaposi sarcoma,malignant dermal,malignant,,http://atlasdermatologico.com.br/img?imageId=2920,httpwwwatlasdermatologicocombrimgimageId2920.jpg
06a115489fe38fb1549115b8aa5b96d4,4,4,granuloma annulare,inflammatory,non-neoplastic,,http://atlasdermatologico.com.br/img?imageId=2279,httpwwwatlasdermatologicocombrimgimageId2279.jpg
56e31d688f5bff6b11905349b162c162,4,4,pityriasis rosea,inflammatory,non-neoplastic,,http://atlasdermatologico.com.br/img?imageId=5563,httpwwwatlasdermatologicocombrimgimageId5563.jpg
5b7be5df2002386c3a2f8f07666a6068,4,4,papilomatosis confluentes and reticulate,inflammatory,non-neoplastic,,http://atlasdermatologico.com.br/img?imageId=5054,httpwwwatlasdermatologicocombrimgimageId5054.jpg
ef83ef20359255fff56ca58d9e8b9797,4,4,porokeratosis actinic,benign epidermal,benign,,http://atlasdermatologico.com.br/img?imageId=5943,httpwwwatlasdermatologicocombrimgimageId5943.jpg
5832419baf0cbfefcac35578a40fa5a5,4,4,basal cell carcinoma,malignant epidermal,malignant,,http://atlasdermatologico.com.br/img?imageId=715,httpwwwatlasdermatologicocombrimgimageId715.jpg
63640be7785a78161109aa64f0a74879,4,4,lupus erythematosus,inflammatory,non-neoplastic,,http://atlasdermatologico.com.br/img?imageId=4077,httpwwwatlasdermatologicocombrimgimageId4077.jpg
dfdf97f163cb5f16f9828b6f650d71b6,4,4,naevus comedonicus,benign epidermal,benign,,http://atlasdermatologico.com.br/img?imageId=4668,httpwwwatlasdermatologicocombrimgimageId4668.jpg
7161d5ddde764b0e1fadf397a2e85c0d,4,4,tuberous sclerosis,genodermatoses,non-neoplastic,,http://atlasdermatologico.com.br/img?imageId=7608,httpwwwatlasdermatologicocombrimgimageId7608.jpg
aa1d9c05c68d2b87378ceb39c9c83edd,4,4,keratosis pilaris,inflammatory,non-neoplastic,,http://atlasdermatologico.com.br/img?imageId=3045,httpwwwatlasdermatologicocombrimgimageId3045.jpg
46ec8b55f260a816350c83fffe36d2c5,4,4,porokeratosis actinic,benign epidermal,benign,,http://atlasdermatologico.com.br/img?imageId=5926,httpwwwatlasdermatologicocombrimgimageId5926.jpg
f5f280a94bc4b253a6dc3568f388c6a3,4,4,syringoma,benign dermal,benign,,http://atlasdermatologico.com.br/img?imageId=7128,httpwwwatlasdermatologicocombrimgimageId7128.jpg
0e1de076ebb93acb51335111eae6e71f,4,4,urticaria,inflammatory,non-neoplastic,,http://atlasdermatologico.com.br/img?imageId=7784,httpwwwatlasdermatologicocombrimgimageId7784.jpg
af64774e30b2dc701e3f2a88348a78dc,4,4,basal cell carcinoma,malignant epidermal,malignant,,http://atlasdermatologico.com.br/img?imageId=717,httpwwwatlasdermatologicocombrimgimageId717.jpg
16b8bc3e9b110be6a2a9fd20ae126dc3,4,4,erythema multiforme,inflammatory,non-neoplastic,,http://atlasdermatologico.com.br/img?imageId=1947,httpwwwatlasdermatologicocombrimgimageId1947.jpg
f9bddb7ca61918b457111494fbb48d4f,4,4,kaposi sarcoma,malignant dermal,malignant,,http://atlasdermatologico.com.br/img?imageId=2919,httpwwwatlasdermatologicocombrimgimageId2919.jpg
b72ecde37774690b0e8996ff5b352a60,4,4,urticaria,inflammatory,non-neoplastic,,http://atlasdermatologico.com.br/img?imageId=7786,httpwwwatlasdermatologicocombrimgimageId7786.jpg
42f4d9284e95b446519f3615b07829f8,4,4,lichen amyloidosis,inflammatory,non-neoplastic,,http://atlasdermatologico.com.br/img?imageId=3696,httpwwwatlasdermatologicocombrimgimageId3696.jpg
991a40ed0f44c6d66e2d432136b56e68,4,4,pityriasis rubra pilaris,inflammatory,non-neoplastic,,http://atlasdermatologico.com.br/img?imageId=5703,httpwwwatlasdermatologicocombrimgimageId5703.jpg
940daf07e98d3abdbc70fe2928f5bee1,4,4,erythema nodosum,inflammatory,non-neoplastic,,http://atlasdermatologico.com.br/img?imageId=1983,httpwwwatlasdermatologicocombrimgimageId1983.jpg
2f608d8154670ebceff4a1291d64ddfc,4,4,lichen planus,inflammatory,non-neoplastic,,http://atlasdermatologico.com.br/img?imageId=3760,httpwwwatlasdermatologicocombrimgimageId3760.jpg
11c1d302c3b9705a675a4cfd246f1835,4,4,dariers disease,genodermatoses,non-neoplastic,,http://atlasdermatologico.com.br/img?imageId=1310,httpwwwatlasdermatologicocombrimgimageId1310.jpg
f27f2aff07f470c5281c5f0beae28808,4,4,psoriasis,inflammatory,non-neoplastic,,http://atlasdermatologico.com.br/img?imageId=6288,httpwwwatlasdermatologicocombrimgimageId6288.jpg
64c12708884b08eea63b247bcd47228c,4,4,xeroderma pigmentosum,genodermatoses,non-neoplastic,,http://atlasdermatologico.com.br/img?imageId=8143,httpwwwatlasdermatologicocombrimgimageId8143.jpg
71201a8825c32a8ba3f1953737f3aa10,4,4,lichen planus,inflammatory,non-neoplastic,,http://atlasdermatologico.com.br/img?imageId=3887,httpwwwatlasdermatologicocombrimgimageId3887.jpg
3c5d787717c16f2982da3d2895219756,4,4,syringoma,benign dermal,benign,,http://atlasdermatologico.com.br/img?imageId=7141,httpwwwatlasdermatologicocombrimgimageId7141.jpg
f58c2f753d5d714a72eecf431a4aa443,4,4,keratosis pilaris,inflammatory,non-neoplastic,,http://atlasdermatologico.com.br/img?imageId=3048,httpwwwatlasdermatologicocombrimgimageId3048.jpg
2e2a1b22b610f66d4bdbc49295ee5e95,4,4,erythema annulare centrifigum,inflammatory,non-neoplastic,,http://atlasdermatologico.com.br/img?imageId=1897,httpwwwatlasdermatologicocombrimgimageId1897.jpg
f347366ab65188676f45c3c79fe73b73,4,4,pityriasis rubra pilaris,inflammatory,non-neoplastic,,http://atlasdermatologico.com.br/img?imageId=5738,httpwwwatlasdermatologicocombrimgimageId5738.jpg
854a56f48cd7fba0d367ecb271ae57b6,4,4,neurotic excoriations,inflammatory,non-neoplastic,,http://atlasdermatologico.com.br/img?imageId=4860,httpwwwatlasdermatologicocombrimgimageId4860.jpg
1cf03a11f75aa19ba70be7132b7c4fe9,4,4,xeroderma pigmentosum,genodermatoses,non-neoplastic,,http://atlasdermatologico.com.br/img?imageId=8144,httpwwwatlasdermatologicocombrimgimageId8144.jpg
50f1cfeac7aa0451b237df0e10da3682,4,4,xeroderma pigmentosum,genodermatoses,non-neoplastic,,http://atlasdermatologico.com.br/img?imageId=8142,httpwwwatlasdermatologicocombrimgimageId8142.jpg
e7b64e348cdf955f7910cbd044ddaf31,4,4,porokeratosis actinic,benign epidermal,benign,,http://atlasdermatologico.com.br/img?imageId=8986,httpwwwatlasdermatologicocombrimgimageId8986.jpg
ddb15beb69fc4276b74a948a00eed2c8,4,4,melanoma,malignant melanoma,malignant,,http://atlasdermatologico.com.br/img?imageId=4278,httpwwwatlasdermatologicocombrimgimageId4278.jpg
8ed8e9b38e5eac0778d8c3d55ac14217,4,4,photodermatoses,inflammatory,non-neoplastic,,http://atlasdermatologico.com.br/img?imageId=172,httpwwwatlasdermatologicocombrimgimageId172.jpg
bd6f027a076daffcef1dc930291fd713,4,4,pityriasis rubra pilaris,inflammatory,non-neoplastic,,http://atlasdermatologico.com.br/img?imageId=5777,httpwwwatlasdermatologicocombrimgimageId5777.jpg
5478f8cd73550540ee5bea104283b127,4,4,prurigo nodularis,benign epidermal,benign,,http://atlasdermatologico.com.br/img?imageId=6109,httpwwwatlasdermatologicocombrimgimageId6109.jpg
7276ad1460600646eba8aa1eae74e1d3,4,4,pityriasis rosea,inflammatory,non-neoplastic,,http://atlasdermatologico.com.br/img?imageId=5576,httpwwwatlasdermatologicocombrimgimageId5576.jpg
7ec06889fee85f7445c92b59017170fe,4,4,neutrophilic dermatoses,inflammatory,non-neoplastic,,http://atlasdermatologico.com.br/img?imageId=6885,httpwwwatlasdermatologicocombrimgimageId6885.jpg
abb05c772a7fc0167d68421b07b179fa,4,4,sarcoidosis,inflammatory,non-neoplastic,,http://atlasdermatologico.com.br/img?imageId=6524,httpwwwatlasdermatologicocombrimgimageId6524.jpg
562f549aece42e6f4cfbd50773f46865,4,4,ehlers danlos syndrome,genodermatoses,non-neoplastic,,http://atlasdermatologico.com.br/img?imageId=1630,httpwwwatlasdermatologicocombrimgimageId1630.jpg
bf92420e586d646d6a2c129d5d607426,4,4,sarcoidosis,inflammatory,non-neoplastic,,http://atlasdermatologico.com.br/img?imageId=6537,httpwwwatlasdermatologicocombrimgimageId6537.jpg
835e73c23f7c255e3ed5b8b34d93380e,4,4,erythema nodosum,inflammatory,non-neoplastic,,http://atlasdermatologico.com.br/img?imageId=1980,httpwwwatlasdermatologicocombrimgimageId1980.jpg
f8735e2e706d38e9ca3720c98708644e,4,4,lichen planus,inflammatory,non-neoplastic,,http://atlasdermatologico.com.br/img?imageId=3733,httpwwwatlasdermatologicocombrimgimageId3733.jpg
b7f68eb0f4201efb9f8bb068d3a430dd,4,4,papilomatosis confluentes and reticulate,inflammatory,non-neoplastic,,http://atlasdermatologico.com.br/img?imageId=5073,httpwwwatlasdermatologicocombrimgimageId5073.jpg
1599f93730e3fcdff0698a0f118b1c35,4,4,pityriasis rubra pilaris,inflammatory,non-neoplastic,,http://atlasdermatologico.com.br/img?imageId=5685,httpwwwatlasdermatologicocombrimgimageId5685.jpg
e471b0757f65330d6d13e4c8de087873,4,4,lupus erythematosus,inflammatory,non-neoplastic,,http://atlasdermatologico.com.br/img?imageId=4074,httpwwwatlasdermatologicocombrimgimageId4074.jpg
3b6634a5553c4b5e882fec637d07ac05,4,4,hailey hailey disease,genodermatoses,non-neoplastic,,http://atlasdermatologico.com.br/img?imageId=2422,httpwwwatlasdermatologicocombrimgimageId2422.jpg
f1cc7d0eae975c0c16d9d1bca1358c48,4,4,erythema elevatum diutinum,inflammatory,non-neoplastic,,http://atlasdermatologico.com.br/img?imageId=1930,httpwwwatlasdermatologicocombrimgimageId1930.jpg
44e63f6f9c0209d7e976eb6eed0d79b3,4,4,photodermatoses,inflammatory,non-neoplastic,,http://atlasdermatologico.com.br/img?imageId=5440,httpwwwatlasdermatologicocombrimgimageId5440.jpg
a741bce58cf478035b530343f1bd0646,4,4,porokeratosis actinic,benign epidermal,benign,,http://atlasdermatologico.com.br/img?imageId=5939,httpwwwatlasdermatologicocombrimgimageId5939.jpg
3af61e91fe5a6900195c6879f26bed7e,4,4,dariers disease,genodermatoses,non-neoplastic,,http://atlasdermatologico.com.br/img?imageId=1317,httpwwwatlasdermatologicocombrimgimageId1317.jpg
4358c4f50f7c2101213335d8008aea4a,4,4,lichen planus,inflammatory,non-neoplastic,,http://atlasdermatologico.com.br/img?imageId=3807,httpwwwatlasdermatologicocombrimgimageId3807.jpg
b203c40fd7091efe2664603b7bf3a5a1,4,4,neutrophilic dermatoses,inflammatory,non-neoplastic,,http://atlasdermatologico.com.br/img?imageId=6898,httpwwwatlasdermatologicocombrimgimageId6898.jpg
21b0a2a4955d4bd170c70b35027d41b7,4,4,pityriasis rubra pilaris,inflammatory,non-neoplastic,,http://atlasdermatologico.com.br/img?imageId=5721,httpwwwatlasdermatologicocombrimgimageId5721.jpg
82f3238e5f8ffd2e01ff93a7f5f50442,4,4,porokeratosis actinic,benign epidermal,benign,,http://atlasdermatologico.com.br/img?imageId=5985,httpwwwatlasdermatologicocombrimgimageId5985.jpg
0280c36d42439a899d0db8ccab4e72e1,4,4,papilomatosis confluentes and reticulate,inflammatory,non-neoplastic,,http://atlasdermatologico.com.br/img?imageId=5082,httpwwwatlasdermatologicocombrimgimageId5082.jpg
47fdee8c6edf33214c50371b27554356,4,4,kaposi sarcoma,malignant dermal,malignant,,http://atlasdermatologico.com.br/img?imageId=2928,httpwwwatlasdermatologicocombrimgimageId2928.jpg
a5aa4c6e2727e9b49bd3fd3fd27543e6,4,4,pityriasis rosea,inflammatory,non-neoplastic,,http://atlasdermatologico.com.br/img?imageId=5548,httpwwwatlasdermatologicocombrimgimageId5548.jpg
de608b752927ceeabb7bac264a52942d,4,4,squamous cell carcinoma,malignant epidermal,malignant,,http://atlasdermatologico.com.br/img?imageId=8599,httpwwwatlasdermatologicocombrimgimageId8599.jpg
539151cf5ecf3d13d407077ad5d5edbe,4,4,papilomatosis confluentes and reticulate,inflammatory,non-neoplastic,,http://atlasdermatologico.com.br/img?imageId=5055,httpwwwatlasdermatologicocombrimgimageId5055.jpg
574d0e09b58cae7c6f61d417e63fcd25,4,4,scleroderma,inflammatory,non-neoplastic,,http://atlasdermatologico.com.br/img?imageId=4532,httpwwwatlasdermatologicocombrimgimageId4532.jpg
d7f6dc21754f6f3c6cc9d4ae7a1418a9,4,4,lichen planus,inflammatory,non-neoplastic,,http://atlasdermatologico.com.br/img?imageId=3765,httpwwwatlasdermatologicocombrimgimageId3765.jpg
331c09538efd0f63138152a5de9c1bbc,4,4,fixed eruptions,inflammatory,non-neoplastic,,http://atlasdermatologico.com.br/img?imageId=2080,httpwwwatlasdermatologicocombrimgimageId2080.jpg
40c298a68522a302b8a22ebf3395194e,4,4,psoriasis,inflammatory,non-neoplastic,,http://atlasdermatologico.com.br/img?imageId=6265,httpwwwatlasdermatologicocombrimgimageId6265.jpg
523b2be73e6902a39f0f44996e8cc60f,4,4,squamous cell carcinoma,malignant epidermal,malignant,,http://atlasdermatologico.com.br/img?imageId=814,httpwwwatlasdermatologicocombrimgimageId814.jpg
5ed7be92a8cf828646e34967b1ea901a,4,4,lichen planus,inflammatory,non-neoplastic,,http://atlasdermatologico.com.br/img?imageId=3835,httpwwwatlasdermatologicocombrimgimageId3835.jpg
5ca94c02d89651613468462514c5d23b,4,4,porokeratosis actinic,benign epidermal,benign,,http://atlasdermatologico.com.br/img?imageId=5903,httpwwwatlasdermatologicocombrimgimageId5903.jpg
e6e032d6a4bd503f844ed852b5ea16a2,4,4,granuloma annulare,inflammatory,non-neoplastic,,http://atlasdermatologico.com.br/img?imageId=2269,httpwwwatlasdermatologicocombrimgimageId2269.jpg
bdfcc02ca14c35a728b619018afbe816,4,4,ehlers danlos syndrome,genodermatoses,non-neoplastic,,http://atlasdermatologico.com.br/img?imageId=1619,httpwwwatlasdermatologicocombrimgimageId1619.jpg
055588dd31ede35b688a8f03fdf07ac1,4,4,hailey hailey disease,genodermatoses,non-neoplastic,,http://atlasdermatologico.com.br/img?imageId=2443,httpwwwatlasdermatologicocombrimgimageId2443.jpg
e668f37499adaead040d7d893e778cc7,4,4,melanoma,malignant melanoma,malignant,,http://atlasdermatologico.com.br/img?imageId=4247,httpwwwatlasdermatologicocombrimgimageId4247.jpg
e901fe839ca788946f4ee9acb4383e64,4,4,acrodermatitis enteropathica,genodermatoses,non-neoplastic,,http://atlasdermatologico.com.br/img?imageId=123,httpwwwatlasdermatologicocombrimgimageId123.jpg
d16b42ab9cb50d8934f152d3e90f6716,4,4,papilomatosis confluentes and reticulate,inflammatory,non-neoplastic,,http://atlasdermatologico.com.br/img?imageId=5085,httpwwwatlasdermatologicocombrimgimageId5085.jpg
13294b27594382e344166bbe8890b7f7,4,4,erythema multiforme,inflammatory,non-neoplastic,,http://atlasdermatologico.com.br/img?imageId=1962,httpwwwatlasdermatologicocombrimgimageId1962.jpg
794572175ce2487d073bcbd2d62f2743,4,4,basal cell carcinoma,malignant epidermal,malignant,,http://atlasdermatologico.com.br/img?imageId=634,httpwwwatlasdermatologicocombrimgimageId634.jpg
1f3d0a00183c91d014be1a7bdfe32af5,4,4,papilomatosis confluentes and reticulate,inflammatory,non-neoplastic,,http://atlasdermatologico.com.br/img?imageId=5037,httpwwwatlasdermatologicocombrimgimageId5037.jpg
de24cc0b5dc20eccdd67e7a60c8a1fa9,4,4,basal cell carcinoma,malignant epidermal,malignant,,http://atlasdermatologico.com.br/img?imageId=679,httpwwwatlasdermatologicocombrimgimageId679.jpg
733abca1c387c093993edddcad59e013,4,4,aplasia cutis,inflammatory,non-neoplastic,,http://atlasdermatologico.com.br/img?imageId=402,httpwwwatlasdermatologicocombrimgimageId402.jpg
d1db98745de4a649563a2cc8a928f9b1,4,4,acanthosis nigricans,inflammatory,non-neoplastic,,http://atlasdermatologico.com.br/img?imageId=1483,httpwwwatlasdermatologicocombrimgimageId1483.jpg
a8ed8c9d35f6fac6ec0b697b7cb5b072,4,4,vitiligo,inflammatory,non-neoplastic,,http://atlasdermatologico.com.br/img?imageId=7923,httpwwwatlasdermatologicocombrimgimageId7923.jpg
1d78d91cb196cb45b40c615cbf7a94ff,4,4,melanoma,malignant melanoma,malignant,,http://atlasdermatologico.com.br/img?imageId=4316,httpwwwatlasdermatologicocombrimgimageId4316.jpg
0a2a606ba17ea3d4f10e4615f4664e6a,4,4,papilomatosis confluentes and reticulate,inflammatory,non-neoplastic,,http://atlasdermatologico.com.br/img?imageId=5086,httpwwwatlasdermatologicocombrimgimageId5086.jpg
6ed58ed2e4c8b378493cd5766f7bad56,4,4,basal cell carcinoma,malignant epidermal,malignant,,http://atlasdermatologico.com.br/img?imageId=658,httpwwwatlasdermatologicocombrimgimageId658.jpg
06e4ac87a74875f48981ee83302f64b5,4,4,syringoma,benign dermal,benign,,http://atlasdermatologico.com.br/img?imageId=7109,httpwwwatlasdermatologicocombrimgimageId7109.jpg
c4ed0b364654568b858a30eec090f61b,4,4,psoriasis,inflammatory,non-neoplastic,,http://atlasdermatologico.com.br/img?imageId=6266,httpwwwatlasdermatologicocombrimgimageId6266.jpg
98280785c17860f879d21525a92af31f,4,4,basal cell carcinoma,malignant epidermal,malignant,,http://atlasdermatologico.com.br/img?imageId=738,httpwwwatlasdermatologicocombrimgimageId738.jpg
670e2d45784467ce1ef243cd62bde464,4,4,nematode infection,inflammatory,non-neoplastic,,http://atlasdermatologico.com.br/img?imageId=3178,httpwwwatlasdermatologicocombrimgimageId3178.jpg
cad0529f4242633772f92d9498a8e892,4,4,hailey hailey disease,genodermatoses,non-neoplastic,,http://atlasdermatologico.com.br/img?imageId=2428,httpwwwatlasdermatologicocombrimgimageId2428.jpg
45310e88ea83bc2b728595b84abab12b,4,4,lichen amyloidosis,inflammatory,non-neoplastic,,http://atlasdermatologico.com.br/img?imageId=3691,httpwwwatlasdermatologicocombrimgimageId3691.jpg
688ac2ba9aff76f589c14be2813f9d5f,4,4,basal cell carcinoma,malignant epidermal,malignant,,http://atlasdermatologico.com.br/img?imageId=730,httpwwwatlasdermatologicocombrimgimageId730.jpg
667c4a38bfec746a97da25d5d35aaf29,4,4,fixed eruptions,inflammatory,non-neoplastic,,http://atlasdermatologico.com.br/img?imageId=2103,httpwwwatlasdermatologicocombrimgimageId2103.jpg
d6a87758ca1e4e76980e93cc9835a949,4,4,lichen planus,inflammatory,non-neoplastic,,http://atlasdermatologico.com.br/img?imageId=3764,httpwwwatlasdermatologicocombrimgimageId3764.jpg
db23f9569e48847986a56b9f015cab17,4,4,porokeratosis actinic,benign epidermal,benign,,http://atlasdermatologico.com.br/img?imageId=5905,httpwwwatlasdermatologicocombrimgimageId5905.jpg
1d0b82d28a80a08d7b1d7c5239576f50,4,4,sarcoidosis,inflammatory,non-neoplastic,,http://atlasdermatologico.com.br/img?imageId=6519,httpwwwatlasdermatologicocombrimgimageId6519.jpg
b1ebc842dc008ab6c4a2039af1044a15,4,4,lichen amyloidosis,inflammatory,non-neoplastic,,http://atlasdermatologico.com.br/img?imageId=3693,httpwwwatlasdermatologicocombrimgimageId3693.jpg
4abcc083990e6408c7936f204a913a81,4,4,basal cell carcinoma,malignant epidermal,malignant,,http://atlasdermatologico.com.br/img?imageId=742,httpwwwatlasdermatologicocombrimgimageId742.jpg
5a3a80d8a94389527e63ac165c94d636,4,4,lichen planus,inflammatory,non-neoplastic,,http://atlasdermatologico.com.br/img?imageId=3759,httpwwwatlasdermatologicocombrimgimageId3759.jpg
2edb9f6c4bd9f045320806d7c18f68a7,4,4,folliculitis,inflammatory,non-neoplastic,,http://atlasdermatologico.com.br/img?imageId=6187,httpwwwatlasdermatologicocombrimgimageId6187.jpg
5e7d0cf1d8901eea8361b2be45a6fec2,4,4,basal cell carcinoma,malignant epidermal,malignant,,http://atlasdermatologico.com.br/img?imageId=562,httpwwwatlasdermatologicocombrimgimageId562.jpg
11192bb0867db84d2a2ab4a8cf99a230,4,4,kaposi sarcoma,malignant dermal,malignant,,http://atlasdermatologico.com.br/img?imageId=2936,httpwwwatlasdermatologicocombrimgimageId2936.jpg
d20c3fdf9a89dcc7e989ff37d98d5aa2,4,4,nematode infection,inflammatory,non-neoplastic,,http://atlasdermatologico.com.br/img?imageId=3197,httpwwwatlasdermatologicocombrimgimageId3197.jpg
b7baeb55d5be5b14b53ada6fbce55176,4,4,neutrophilic dermatoses,inflammatory,non-neoplastic,,http://atlasdermatologico.com.br/img?imageId=6904,httpwwwatlasdermatologicocombrimgimageId6904.jpg
09fc1ad92c1a3dcbfc69108f3bb99f04,4,4,nematode infection,inflammatory,non-neoplastic,,http://atlasdermatologico.com.br/img?imageId=8621,httpwwwatlasdermatologicocombrimgimageId8621.jpg
45704767476fd9766ac058d4cb2887d8,4,4,pityriasis rubra pilaris,inflammatory,non-neoplastic,,http://atlasdermatologico.com.br/img?imageId=5690,httpwwwatlasdermatologicocombrimgimageId5690.jpg
fd49966a63f1e3315d76a611ab088d04,4,4,acne,inflammatory,non-neoplastic,,http://atlasdermatologico.com.br/img?imageId=30,httpwwwatlasdermatologicocombrimgimageId30.jpg
3498b7e0c757a4a1db290f2d93edc0c1,4,4,keratosis pilaris,inflammatory,non-neoplastic,,http://atlasdermatologico.com.br/img?imageId=3041,httpwwwatlasdermatologicocombrimgimageId3041.jpg
c1ea42211facd9a8878a8c8a28038335,4,4,lichen planus,inflammatory,non-neoplastic,,http://atlasdermatologico.com.br/img?imageId=3766,httpwwwatlasdermatologicocombrimgimageId3766.jpg
170c87c679d5e29b4040d544d8887fa3,4,4,kaposi sarcoma,malignant dermal,malignant,,http://atlasdermatologico.com.br/img?imageId=2925,httpwwwatlasdermatologicocombrimgimageId2925.jpg
fd1fa18a3033459631670d50b9b5bfc9,4,4,melanoma,malignant melanoma,malignant,,http://atlasdermatologico.com.br/img?imageId=4248,httpwwwatlasdermatologicocombrimgimageId4248.jpg
8835b898804389e8f7d675d219b18736,4,4,pityriasis rubra pilaris,inflammatory,non-neoplastic,,http://atlasdermatologico.com.br/img?imageId=5701,httpwwwatlasdermatologicocombrimgimageId5701.jpg
675abb915f8549449ff6e68bb7d44879,4,4,kaposi sarcoma,malignant dermal,malignant,,http://atlasdermatologico.com.br/img?imageId=2927,httpwwwatlasdermatologicocombrimgimageId2927.jpg
91865b45a367c49a4ee9d990322d4947,4,4,basal cell carcinoma,malignant epidermal,malignant,,http://atlasdermatologico.com.br/img?imageId=709,httpwwwatlasdermatologicocombrimgimageId709.jpg
3b52518f5d299b9d5e10a5008405618d,4,4,juvenile xanthogranuloma,inflammatory,non-neoplastic,,http://atlasdermatologico.com.br/img?imageId=8067,httpwwwatlasdermatologicocombrimgimageId8067.jpg
364d65481f6c52fc7b58f65cd56b8de3,4,4,pityriasis rubra pilaris,inflammatory,non-neoplastic,,http://atlasdermatologico.com.br/img?imageId=5681,httpwwwatlasdermatologicocombrimgimageId5681.jpg
1092acf28a8180d8dad85e634a9bddca,4,4,porokeratosis actinic,benign epidermal,benign,,http://atlasdermatologico.com.br/img?imageId=5941,httpwwwatlasdermatologicocombrimgimageId5941.jpg
459d3ae75bed95e0674c8b2769036eaf,4,4,pityriasis rosea,inflammatory,non-neoplastic,,http://atlasdermatologico.com.br/img?imageId=5634,httpwwwatlasdermatologicocombrimgimageId5634.jpg
90606b9f69738c8a03151403d200b8f6,4,4,squamous cell carcinoma,malignant epidermal,malignant,,http://atlasdermatologico.com.br/img?imageId=8516,httpwwwatlasdermatologicocombrimgimageId8516.jpg
aca1fbd92a37badbce31c775eef224aa,4,4,neutrophilic dermatoses,inflammatory,non-neoplastic,,http://atlasdermatologico.com.br/img?imageId=6405,httpwwwatlasdermatologicocombrimgimageId6405.jpg
39f227f4c069feb4305e864f1a778d42,4,4,erythema elevatum diutinum,inflammatory,non-neoplastic,,http://atlasdermatologico.com.br/img?imageId=1932,httpwwwatlasdermatologicocombrimgimageId1932.jpg
e9c7fd301a9f56325e0ac743bd138021,4,4,dariers disease,genodermatoses,non-neoplastic,,http://atlasdermatologico.com.br/img?imageId=1308,httpwwwatlasdermatologicocombrimgimageId1308.jpg
a8f9762b6db1471fb8afc442b9511ffb,4,4,mycosis fungoides,malignant cutaneous lymphoma,malignant,,http://atlasdermatologico.com.br/img?imageId=8699,httpwwwatlasdermatologicocombrimgimageId8699.jpg
eec97c595f47aff4afa4ebe7bf2049f9,4,4,mucinosis,inflammatory,non-neoplastic,,http://atlasdermatologico.com.br/img?imageId=8265,httpwwwatlasdermatologicocombrimgimageId8265.jpg
d8bb18e10e19e64a4ff854c1ba8eed5c,4,4,keratosis pilaris,inflammatory,non-neoplastic,,http://atlasdermatologico.com.br/img?imageId=3047,httpwwwatlasdermatologicocombrimgimageId3047.jpg
c8f5461efdcdc1bacbd60e046cec02d1,4,4,pityriasis rosea,inflammatory,non-neoplastic,,http://atlasdermatologico.com.br/img?imageId=5620,httpwwwatlasdermatologicocombrimgimageId5620.jpg
c37aeb82dab6da6a3b35b0fc509fce7f,4,4,seborrheic dermatitis,inflammatory,non-neoplastic,,http://atlasdermatologico.com.br/img?imageId=6720,httpwwwatlasdermatologicocombrimgimageId6720.jpg
c68fcf0d146dda9446fc7e9a2323f7f5,4,4,sarcoidosis,inflammatory,non-neoplastic,,http://atlasdermatologico.com.br/img?imageId=6542,httpwwwatlasdermatologicocombrimgimageId6542.jpg
cff57f580c3e942c1d4fe32771503888,4,4,acne,inflammatory,non-neoplastic,,http://atlasdermatologico.com.br/img?imageId=23,httpwwwatlasdermatologicocombrimgimageId23.jpg
e152ce17bc97d03bdd4a9edc546afba1,4,4,lupus erythematosus,inflammatory,non-neoplastic,,http://atlasdermatologico.com.br/img?imageId=4126,httpwwwatlasdermatologicocombrimgimageId4126.jpg
922c6e400e802606b03a7b9fc4731508,4,4,pityriasis rubra pilaris,inflammatory,non-neoplastic,,http://atlasdermatologico.com.br/img?imageId=5665,httpwwwatlasdermatologicocombrimgimageId5665.jpg
998ab155036c1e9bee491e7f41eb629b,4,4,basal cell carcinoma,malignant epidermal,malignant,,http://atlasdermatologico.com.br/img?imageId=572,httpwwwatlasdermatologicocombrimgimageId572.jpg
1fc4d8bc1dd9e083a3173e7fcabc54c3,4,4,pityriasis rosea,inflammatory,non-neoplastic,,http://atlasdermatologico.com.br/img?imageId=5547,httpwwwatlasdermatologicocombrimgimageId5547.jpg
adffd0c07a752c4b7e33578c543ecd4c,4,4,photodermatoses,inflammatory,non-neoplastic,,http://atlasdermatologico.com.br/img?imageId=8765,httpwwwatlasdermatologicocombrimgimageId8765.jpg
1a848ff1c42090d168810523536413ca,4,4,tuberous sclerosis,genodermatoses,non-neoplastic,,http://atlasdermatologico.com.br/img?imageId=7627,httpwwwatlasdermatologicocombrimgimageId7627.jpg
207629e7239ec6e96b0c163094d10623,4,4,erythema multiforme,inflammatory,non-neoplastic,,http://atlasdermatologico.com.br/img?imageId=1946,httpwwwatlasdermatologicocombrimgimageId1946.jpg
33f9290032b82d6b8dfdf98eb19dde22,4,4,nematode infection,inflammatory,non-neoplastic,,http://atlasdermatologico.com.br/img?imageId=3191,httpwwwatlasdermatologicocombrimgimageId3191.jpg
064f39810e82e6097f9c187f003ede0a,4,4,basal cell carcinoma,malignant epidermal,malignant,,http://atlasdermatologico.com.br/img?imageId=556,httpwwwatlasdermatologicocombrimgimageId556.jpg
aa430d679ffc4c88fca562a809ef5075,4,4,lichen planus,inflammatory,non-neoplastic,,http://atlasdermatologico.com.br/img?imageId=3908,httpwwwatlasdermatologicocombrimgimageId3908.jpg
f16828413ddfdf358bc7d6ec828957fc,4,4,porphyria,inflammatory,non-neoplastic,,http://atlasdermatologico.com.br/img?imageId=6037,httpwwwatlasdermatologicocombrimgimageId6037.jpg
bd8e7302d9c9d1d0e42d38aad877158c,4,4,papilomatosis confluentes and reticulate,inflammatory,non-neoplastic,,http://atlasdermatologico.com.br/img?imageId=5088,httpwwwatlasdermatologicocombrimgimageId5088.jpg
a18693f7fc1cf91848857da05da1efb6,4,4,basal cell carcinoma,malignant epidermal,malignant,,http://atlasdermatologico.com.br/img?imageId=729,httpwwwatlasdermatologicocombrimgimageId729.jpg
e825825075ce97b6fd83f388499949d8,4,4,erythema multiforme,inflammatory,non-neoplastic,,http://atlasdermatologico.com.br/img?imageId=1956,httpwwwatlasdermatologicocombrimgimageId1956.jpg
7de9a7402b0a7a94c6c9a7c8a7edf05a,4,4,dariers disease,genodermatoses,non-neoplastic,,http://atlasdermatologico.com.br/img?imageId=1309,httpwwwatlasdermatologicocombrimgimageId1309.jpg
76390ef6746eb89650c92d0c19ba42dd,4,4,photodermatoses,inflammatory,non-neoplastic,,http://atlasdermatologico.com.br/img?imageId=168,httpwwwatlasdermatologicocombrimgimageId168.jpg
c5629d262dd29c4ac227d34071e0f103,4,4,rhinophyma,inflammatory,non-neoplastic,,http://atlasdermatologico.com.br/img?imageId=6481,httpwwwatlasdermatologicocombrimgimageId6481.jpg
d0a129b14a662af0baf5d5c767d9c28f,4,4,scabies,inflammatory,non-neoplastic,,http://atlasdermatologico.com.br/img?imageId=6558,httpwwwatlasdermatologicocombrimgimageId6558.jpg
56360bf0ef6425c00d369b503a9808e2,4,4,prurigo nodularis,benign epidermal,benign,,http://atlasdermatologico.com.br/img?imageId=6085,httpwwwatlasdermatologicocombrimgimageId6085.jpg
ec640f145013a981dedb5421557ef86f,4,4,scleroderma,inflammatory,non-neoplastic,,http://atlasdermatologico.com.br/img?imageId=4535,httpwwwatlasdermatologicocombrimgimageId4535.jpg
8f34985ca4d33101375cca24b2ff7d3c,4,4,scleromyxedema,inflammatory,non-neoplastic,,http://atlasdermatologico.com.br/img?imageId=6659,httpwwwatlasdermatologicocombrimgimageId6659.jpg
473f3594b1a24ac3109f2ace980b2953,4,4,mycosis fungoides,malignant cutaneous lymphoma,malignant,,http://atlasdermatologico.com.br/img?imageId=8402,httpwwwatlasdermatologicocombrimgimageId8402.jpg
00a5349478ef54f5445117b6c3221038,4,4,neutrophilic dermatoses,inflammatory,non-neoplastic,,http://atlasdermatologico.com.br/img?imageId=6380,httpwwwatlasdermatologicocombrimgimageId6380.jpg
061a12327eca694c0ea61fe1d72a8a80,4,4,vitiligo,inflammatory,non-neoplastic,,http://atlasdermatologico.com.br/img?imageId=7931,httpwwwatlasdermatologicocombrimgimageId7931.jpg
1ee254c23a3124c9fabc7e5a0103e113,4,4,neurofibromatosis,genodermatoses,non-neoplastic,,http://atlasdermatologico.com.br/img?imageId=4834,httpwwwatlasdermatologicocombrimgimageId4834.jpg
52514f7abd18bb524279c10943916512,4,4,basal cell carcinoma,malignant epidermal,malignant,,http://atlasdermatologico.com.br/img?imageId=559,httpwwwatlasdermatologicocombrimgimageId559.jpg
e06e72512cc677cef145e75edc158502,4,4,urticaria,inflammatory,non-neoplastic,,http://atlasdermatologico.com.br/img?imageId=7797,httpwwwatlasdermatologicocombrimgimageId7797.jpg
b78a7ebf536a8ed5385f7f8c16e721cb,4,4,allergic contact dermatitis,inflammatory,non-neoplastic,,http://atlasdermatologico.com.br/img?imageId=1172,httpwwwatlasdermatologicocombrimgimageId1172.jpg
79369b4a8ade44b109d1756ab645d301,4,4,papilomatosis confluentes and reticulate,inflammatory,non-neoplastic,,http://atlasdermatologico.com.br/img?imageId=5101,httpwwwatlasdermatologicocombrimgimageId5101.jpg
367ce66759a68a87fca6240f8fc324ce,4,4,porokeratosis of mibelli,benign epidermal,benign,,http://atlasdermatologico.com.br/img?imageId=6013,httpwwwatlasdermatologicocombrimgimageId6013.jpg
386191ddd4351daff18222d105372272,4,4,sarcoidosis,inflammatory,non-neoplastic,,http://atlasdermatologico.com.br/img?imageId=6539,httpwwwatlasdermatologicocombrimgimageId6539.jpg
a876c7c12f4670679892e018a430368f,4,4,hailey hailey disease,genodermatoses,non-neoplastic,,http://atlasdermatologico.com.br/img?imageId=2427,httpwwwatlasdermatologicocombrimgimageId2427.jpg
89127ec79892859f64bab57ac7cddb27,4,4,lymphangioma,benign dermal,benign,,http://atlasdermatologico.com.br/img?imageId=4155,httpwwwatlasdermatologicocombrimgimageId4155.jpg
5372f13116afbfc1f8e7a7e8c93986b1,4,4,allergic contact dermatitis,inflammatory,non-neoplastic,,http://atlasdermatologico.com.br/img?imageId=1176,httpwwwatlasdermatologicocombrimgimageId1176.jpg
cf6f02ca7236463f39ea875f470fd6b0,4,4,acanthosis nigricans,inflammatory,non-neoplastic,,http://atlasdermatologico.com.br/img?imageId=1478,httpwwwatlasdermatologicocombrimgimageId1478.jpg
a692f9e50332fee030b43b9f03d854d0,4,4,porokeratosis actinic,benign epidermal,benign,,http://atlasdermatologico.com.br/img?imageId=5910,httpwwwatlasdermatologicocombrimgimageId5910.jpg
c194978ce025c8b827df395ea10ae20e,4,4,squamous cell carcinoma,malignant epidermal,malignant,,http://atlasdermatologico.com.br/img?imageId=6764,httpwwwatlasdermatologicocombrimgimageId6764.jpg
3a539f3e65c66426f8376fd8241393c4,4,4,granuloma annulare,inflammatory,non-neoplastic,,http://atlasdermatologico.com.br/img?imageId=2278,httpwwwatlasdermatologicocombrimgimageId2278.jpg
0ad6c819e9c079b8d27ad970510c92e1,4,4,nematode infection,inflammatory,non-neoplastic,,http://atlasdermatologico.com.br/img?imageId=3228,httpwwwatlasdermatologicocombrimgimageId3228.jpg
493d6518592445ddc8d705ac1a9a67a4,4,4,erythema multiforme,inflammatory,non-neoplastic,,http://atlasdermatologico.com.br/img?imageId=1955,httpwwwatlasdermatologicocombrimgimageId1955.jpg
a5b50849f0cf2c01a8c4d9783915ac66,4,4,porokeratosis actinic,benign epidermal,benign,,http://atlasdermatologico.com.br/img?imageId=5949,httpwwwatlasdermatologicocombrimgimageId5949.jpg
1584ab4f6000dc2e35a14268de21e137,4,4,sarcoidosis,inflammatory,non-neoplastic,,http://atlasdermatologico.com.br/img?imageId=6536,httpwwwatlasdermatologicocombrimgimageId6536.jpg
5348d2e6f53d85795a66dce782a34187,4,4,lupus erythematosus,inflammatory,non-neoplastic,,http://atlasdermatologico.com.br/img?imageId=4123,httpwwwatlasdermatologicocombrimgimageId4123.jpg
0924fe46ecc98c33c187ad738af4c352,4,4,erythema multiforme,inflammatory,non-neoplastic,,http://atlasdermatologico.com.br/img?imageId=1945,httpwwwatlasdermatologicocombrimgimageId1945.jpg
e4becce822e1a9f447819f09690ffb38,4,4,papilomatosis confluentes and reticulate,inflammatory,non-neoplastic,,http://atlasdermatologico.com.br/img?imageId=5079,httpwwwatlasdermatologicocombrimgimageId5079.jpg
4f41f884ef6c2cddf363d3fabcb329a2,4,4,lichen planus,inflammatory,non-neoplastic,,http://atlasdermatologico.com.br/img?imageId=3770,httpwwwatlasdermatologicocombrimgimageId3770.jpg
33c1292c286ead3f51d232a933c2701b,4,4,pityriasis rosea,inflammatory,non-neoplastic,,http://atlasdermatologico.com.br/img?imageId=5562,httpwwwatlasdermatologicocombrimgimageId5562.jpg
7ca13b9c55fe8f722e31ae905400babe,4,4,sarcoidosis,inflammatory,non-neoplastic,,http://atlasdermatologico.com.br/img?imageId=6525,httpwwwatlasdermatologicocombrimgimageId6525.jpg
bd64e4906674b26d4d5e58e36a39a861,4,4,kaposi sarcoma,malignant dermal,malignant,,http://atlasdermatologico.com.br/img?imageId=2921,httpwwwatlasdermatologicocombrimgimageId2921.jpg
c2f561a01d45ee76997f8bc4cb64b6b1,4,4,nematode infection,inflammatory,non-neoplastic,,http://atlasdermatologico.com.br/img?imageId=3220,httpwwwatlasdermatologicocombrimgimageId3220.jpg
1ccb08e821f643e145b41348753f0e95,4,4,prurigo nodularis,benign epidermal,benign,,http://atlasdermatologico.com.br/img?imageId=6093,httpwwwatlasdermatologicocombrimgimageId6093.jpg
e23ca506d1bd5e6b98f28d83a249838e,4,4,pityriasis rubra pilaris,inflammatory,non-neoplastic,,http://atlasdermatologico.com.br/img?imageId=5786,httpwwwatlasdermatologicocombrimgimageId5786.jpg
17564c6ab339aa714e49f600890c5c30,4,4,papilomatosis confluentes and reticulate,inflammatory,non-neoplastic,,http://atlasdermatologico.com.br/img?imageId=5080,httpwwwatlasdermatologicocombrimgimageId5080.jpg
7fee240e593bc169ff92d5ef2247a630,4,4,porokeratosis actinic,benign epidermal,benign,,http://atlasdermatologico.com.br/img?imageId=5922,httpwwwatlasdermatologicocombrimgimageId5922.jpg
c864812d12d3848e41440434661d7cf6,4,4,neutrophilic dermatoses,inflammatory,non-neoplastic,,http://atlasdermatologico.com.br/img?imageId=6903,httpwwwatlasdermatologicocombrimgimageId6903.jpg
5a52c55b89887f64a88ecf994ea1e6dd,4,4,pityriasis rubra pilaris,inflammatory,non-neoplastic,,http://atlasdermatologico.com.br/img?imageId=5789,httpwwwatlasdermatologicocombrimgimageId5789.jpg
b6eb2e5169ba126d16eecc70836f758a,4,4,erythema multiforme,inflammatory,non-neoplastic,,http://atlasdermatologico.com.br/img?imageId=1954,httpwwwatlasdermatologicocombrimgimageId1954.jpg
af39414163dcd25b4eabc1245fc91eb0,4,4,dariers disease,genodermatoses,non-neoplastic,,http://atlasdermatologico.com.br/img?imageId=8591,httpwwwatlasdermatologicocombrimgimageId8591.jpg
cb6706aee1f1d89df0ad9a74a8c07ee8,4,4,papilomatosis confluentes and reticulate,inflammatory,non-neoplastic,,http://atlasdermatologico.com.br/img?imageId=5084,httpwwwatlasdermatologicocombrimgimageId5084.jpg
68daecb39b330760c4faddc47e842c77,4,4,actinic keratosis,malignant epidermal,malignant,,http://atlasdermatologico.com.br/img?imageId=3084,httpwwwatlasdermatologicocombrimgimageId3084.jpg
3f014488acf61087ab152f8dc5fac8b3,4,4,melanoma,malignant melanoma,malignant,,http://atlasdermatologico.com.br/img?imageId=4265,httpwwwatlasdermatologicocombrimgimageId4265.jpg
593c544bf75684c898826405ab9b3971,4,4,basal cell carcinoma,malignant epidermal,malignant,,http://atlasdermatologico.com.br/img?imageId=732,httpwwwatlasdermatologicocombrimgimageId732.jpg
0a568073cdabd5be6601f6b8f1dfb053,4,4,scleromyxedema,inflammatory,non-neoplastic,,http://atlasdermatologico.com.br/img?imageId=6646,httpwwwatlasdermatologicocombrimgimageId6646.jpg
c7b661550831c7f0c147a7255c9d97b9,4,4,lichen planus,inflammatory,non-neoplastic,,http://atlasdermatologico.com.br/img?imageId=3808,httpwwwatlasdermatologicocombrimgimageId3808.jpg
3c207746b0ed674ef025cfef2d41496f,4,4,ichthyosis vulgaris,genodermatoses,non-neoplastic,,http://atlasdermatologico.com.br/img?imageId=2753,httpwwwatlasdermatologicocombrimgimageId2753.jpg
4981320ef16be15730f7fce6207c9f88,4,4,basal cell carcinoma,malignant epidermal,malignant,,http://atlasdermatologico.com.br/img?imageId=740,httpwwwatlasdermatologicocombrimgimageId740.jpg
c3d233696079e886f7468c997ff2337b,4,4,psoriasis,inflammatory,non-neoplastic,,http://atlasdermatologico.com.br/img?imageId=6324,httpwwwatlasdermatologicocombrimgimageId6324.jpg
93d248a9dfe8c181bd7330a52f722e87,4,4,sarcoidosis,inflammatory,non-neoplastic,,http://atlasdermatologico.com.br/img?imageId=6526,httpwwwatlasdermatologicocombrimgimageId6526.jpg
c4019e6a8693ad04c1df4949518aaf2d,4,4,basal cell carcinoma,malignant epidermal,malignant,,http://atlasdermatologico.com.br/img?imageId=657,httpwwwatlasdermatologicocombrimgimageId657.jpg
76a5da87f72f5712243ff4bcf52337b6,4,4,basal cell carcinoma,malignant epidermal,malignant,,http://atlasdermatologico.com.br/img?imageId=737,httpwwwatlasdermatologicocombrimgimageId737.jpg
bc0da2c3d8c2504c33cee7c968be2112,4,4,lichen planus,inflammatory,non-neoplastic,,http://atlasdermatologico.com.br/img?imageId=4171,httpwwwatlasdermatologicocombrimgimageId4171.jpg
ac92fe145c794a1ac751ffcf0bc1d2d0,4,4,pityriasis rosea,inflammatory,non-neoplastic,,http://atlasdermatologico.com.br/img?imageId=5631,httpwwwatlasdermatologicocombrimgimageId5631.jpg
d6e48782569b4e90540e280e4b288562,4,4,psoriasis,inflammatory,non-neoplastic,,http://atlasdermatologico.com.br/img?imageId=6278,httpwwwatlasdermatologicocombrimgimageId6278.jpg
558b6378ac18ecc0c35d6b33e073d1d2,4,4,mycosis fungoides,malignant cutaneous lymphoma,malignant,,http://atlasdermatologico.com.br/img?imageId=4569,httpwwwatlasdermatologicocombrimgimageId4569.jpg
93f102c65b21b9f259b247d1b10feda4,4,4,porokeratosis actinic,benign epidermal,benign,,http://atlasdermatologico.com.br/img?imageId=5933,httpwwwatlasdermatologicocombrimgimageId5933.jpg
fd387bbfb5cf71602a2fd61c3b7460f1,4,4,allergic contact dermatitis,inflammatory,non-neoplastic,,http://atlasdermatologico.com.br/img?imageId=1147,httpwwwatlasdermatologicocombrimgimageId1147.jpg
c78aa701a97a9aff9d4c19f458df77f2,4,4,neurofibromatosis,genodermatoses,non-neoplastic,,http://atlasdermatologico.com.br/img?imageId=4832,httpwwwatlasdermatologicocombrimgimageId4832.jpg
046453c35b45f84f1e6a15cd95171969,4,4,scabies,inflammatory,non-neoplastic,,http://atlasdermatologico.com.br/img?imageId=4944,httpwwwatlasdermatologicocombrimgimageId4944.jpg
9faf6f4f2c3b97ca408c3e98891bfbed,4,4,pityriasis rosea,inflammatory,non-neoplastic,,http://atlasdermatologico.com.br/img?imageId=5635,httpwwwatlasdermatologicocombrimgimageId5635.jpg
30559e9ff81800fcc4e2819d89988b88,4,4,melanoma,malignant melanoma,malignant,,http://atlasdermatologico.com.br/img?imageId=4246,httpwwwatlasdermatologicocombrimgimageId4246.jpg
ddfc3d27fa22f12077a3d77839069292,4,4,pityriasis rubra pilaris,inflammatory,non-neoplastic,,http://atlasdermatologico.com.br/img?imageId=5773,httpwwwatlasdermatologicocombrimgimageId5773.jpg
f15828472c1db5b19e679f72db29d8d9,4,4,lichen planus,inflammatory,non-neoplastic,,http://atlasdermatologico.com.br/img?imageId=3774,httpwwwatlasdermatologicocombrimgimageId3774.jpg
4f41874dfddce44f255b0a1398a68a6c,4,4,lichen planus,inflammatory,non-neoplastic,,http://atlasdermatologico.com.br/img?imageId=3756,httpwwwatlasdermatologicocombrimgimageId3756.jpg
abbef2a4e4676a29c901b1bb484f0973,4,4,dyshidrotic eczema,inflammatory,non-neoplastic,,http://atlasdermatologico.com.br/img?imageId=395,httpwwwatlasdermatologicocombrimgimageId395.jpg
b8add29173fdf4a6ce15cd2c9970ed7a,4,4,seborrheic dermatitis,inflammatory,non-neoplastic,,http://atlasdermatologico.com.br/img?imageId=6714,httpwwwatlasdermatologicocombrimgimageId6714.jpg
1b319e7a4cdaa33e590fa7ab8ff4c554,4,4,scabies,inflammatory,non-neoplastic,,http://atlasdermatologico.com.br/img?imageId=6614,httpwwwatlasdermatologicocombrimgimageId6614.jpg
23b55a045c5f88159ce54f69df645c5f,4,4,basal cell carcinoma,malignant epidermal,malignant,,http://atlasdermatologico.com.br/img?imageId=571,httpwwwatlasdermatologicocombrimgimageId571.jpg
9401a1beeb222b51fb77d35d9b6b57e4,4,4,urticaria,inflammatory,non-neoplastic,,http://atlasdermatologico.com.br/img?imageId=7791,httpwwwatlasdermatologicocombrimgimageId7791.jpg
0b6a4bf76512e16e8284cf12f2371d27,4,4,allergic contact dermatitis,inflammatory,non-neoplastic,,http://atlasdermatologico.com.br/img?imageId=1173,httpwwwatlasdermatologicocombrimgimageId1173.jpg
b015f1668e1d9c910202087d32422122,4,4,myiasis,inflammatory,non-neoplastic,,http://atlasdermatologico.com.br/img?imageId=4620,httpwwwatlasdermatologicocombrimgimageId4620.jpg
da967a336c8f7a8a8f0ee71ecc61a7cb,4,4,squamous cell carcinoma,malignant epidermal,malignant,,http://atlasdermatologico.com.br/img?imageId=7148,httpwwwatlasdermatologicocombrimgimageId7148.jpg
b1bf4a41a216add7bbfadaeefd3766a9,4,4,hidradenitis,inflammatory,non-neoplastic,,http://atlasdermatologico.com.br/img?imageId=2666,httpwwwatlasdermatologicocombrimgimageId2666.jpg
51214ce47ca589361928bb6c24b897d1,4,4,lichen planus,inflammatory,non-neoplastic,,http://atlasdermatologico.com.br/img?imageId=8387,httpwwwatlasdermatologicocombrimgimageId8387.jpg
5e6a8a61f3efc13e82e8eea5c06cf072,4,4,scleromyxedema,inflammatory,non-neoplastic,,http://atlasdermatologico.com.br/img?imageId=6658,httpwwwatlasdermatologicocombrimgimageId6658.jpg
fc0672d13c13674662bccce1e36b4bba,4,4,rosacea,inflammatory,non-neoplastic,,http://atlasdermatologico.com.br/img?imageId=6493,httpwwwatlasdermatologicocombrimgimageId6493.jpg
2f547af78c165d1424a9daa9b3df1b06,4,4,nematode infection,inflammatory,non-neoplastic,,http://atlasdermatologico.com.br/img?imageId=3247,httpwwwatlasdermatologicocombrimgimageId3247.jpg
80602e43414e592443aee9e67fcca5c7,4,4,melanoma,malignant melanoma,malignant,,http://atlasdermatologico.com.br/img?imageId=4299,httpwwwatlasdermatologicocombrimgimageId4299.jpg
4da4782f403053c8e5c4df44e21101a8,4,4,erythema nodosum,inflammatory,non-neoplastic,,http://atlasdermatologico.com.br/img?imageId=1985,httpwwwatlasdermatologicocombrimgimageId1985.jpg
17c290299434e622f74e798a2a8fb434,4,4,papilomatosis confluentes and reticulate,inflammatory,non-neoplastic,,http://atlasdermatologico.com.br/img?imageId=5100,httpwwwatlasdermatologicocombrimgimageId5100.jpg
860772a42839cde426498816c99c8671,4,4,seborrheic dermatitis,inflammatory,non-neoplastic,,http://atlasdermatologico.com.br/img?imageId=6721,httpwwwatlasdermatologicocombrimgimageId6721.jpg
06e61e194c85bfec487f98c8b4833376,4,4,pityriasis rubra pilaris,inflammatory,non-neoplastic,,http://atlasdermatologico.com.br/img?imageId=5654,httpwwwatlasdermatologicocombrimgimageId5654.jpg
543017d891174b7fe9443a4dfa537410,4,4,basal cell carcinoma,malignant epidermal,malignant,,http://atlasdermatologico.com.br/img?imageId=726,httpwwwatlasdermatologicocombrimgimageId726.jpg
1997f41adb38d92f1f3c60a0f75dbd11,4,4,kaposi sarcoma,malignant dermal,malignant,,http://atlasdermatologico.com.br/img?imageId=2935,httpwwwatlasdermatologicocombrimgimageId2935.jpg
e9a5dd61b8e94cf023241b2067c8a723,4,4,lupus erythematosus,inflammatory,non-neoplastic,,http://atlasdermatologico.com.br/img?imageId=4048,httpwwwatlasdermatologicocombrimgimageId4048.jpg
30b3bb79b3d16b45ec095a91cd9c32ee,4,4,melanoma,malignant melanoma,malignant,,http://atlasdermatologico.com.br/img?imageId=4255,httpwwwatlasdermatologicocombrimgimageId4255.jpg
10cbd07a7f2e658a27f31eac2ae17269,4,4,basal cell carcinoma,malignant epidermal,malignant,,http://atlasdermatologico.com.br/img?imageId=669,httpwwwatlasdermatologicocombrimgimageId669.jpg
2bceb0364ef64fe3ef5236db2cfbe02a,4,4,basal cell carcinoma,malignant epidermal,malignant,,http://atlasdermatologico.com.br/img?imageId=677,httpwwwatlasdermatologicocombrimgimageId677.jpg
6040090b0111ad5131823e1ee66fe435,4,4,pityriasis rosea,inflammatory,non-neoplastic,,http://atlasdermatologico.com.br/img?imageId=5632,httpwwwatlasdermatologicocombrimgimageId5632.jpg
9e04114cdc878efb72211714ec160c37,4,4,prurigo nodularis,benign epidermal,benign,,http://atlasdermatologico.com.br/img?imageId=6113,httpwwwatlasdermatologicocombrimgimageId6113.jpg
02ef834259643e111eb608c129584ceb,4,4,vitiligo,inflammatory,non-neoplastic,,http://atlasdermatologico.com.br/img?imageId=7936,httpwwwatlasdermatologicocombrimgimageId7936.jpg
b5fa137ead5d2d13313ff126e3e255c2,4,4,kaposi sarcoma,malignant dermal,malignant,,http://atlasdermatologico.com.br/img?imageId=2934,httpwwwatlasdermatologicocombrimgimageId2934.jpg
7c6ca344917c2a45ad2546ba234c3666,4,4,mucinosis,inflammatory,non-neoplastic,,http://atlasdermatologico.com.br/img?imageId=4538,httpwwwatlasdermatologicocombrimgimageId4538.jpg
73f55e129ba72bd586227ee3d613416a,4,4,granuloma annulare,inflammatory,non-neoplastic,,http://atlasdermatologico.com.br/img?imageId=2266,httpwwwatlasdermatologicocombrimgimageId2266.jpg
7d94c27d3a8228408dbe8d845fd627b5,4,4,lupus erythematosus,inflammatory,non-neoplastic,,http://atlasdermatologico.com.br/img?imageId=4139,httpwwwatlasdermatologicocombrimgimageId4139.jpg
3a04b134ddb4277d45430b7dff14d1fc,4,4,papilomatosis confluentes and reticulate,inflammatory,non-neoplastic,,http://atlasdermatologico.com.br/img?imageId=5063,httpwwwatlasdermatologicocombrimgimageId5063.jpg
ef1da62fb0edf0d5e0bd205152a3de80,4,4,scleromyxedema,inflammatory,non-neoplastic,,http://atlasdermatologico.com.br/img?imageId=6660,httpwwwatlasdermatologicocombrimgimageId6660.jpg
ddcad677b7b1e9084f3f51a8e026aa8d,5,5,hidradenitis,inflammatory,non-neoplastic,,https://www.dermaamin.com/site/images/clinical-pic/h/hidradenitis_suppurativa/hidradenitis_suppurativa50.jpg,httpwwwdermaamincomsiteimagesclinicalpichhidradenitissuppurativahidradenitissuppurativa50jpg.jpg
e0c8193753f60351382d60934d4dbf1e,5,5,pityriasis rubra pilaris,inflammatory,non-neoplastic,,https://www.dermaamin.com/site/images/clinical-pic/p/pityriasis_rubra_pilaris/pityriasis_rubra_pilaris62.jpg,httpwwwdermaamincomsiteimagesclinicalpicppityriasisrubrapilarispityriasisrubrapilaris62jpg.jpg
970a43f132f9e171642f44f85112ea13,5,5,necrobiosis lipoidica,inflammatory,non-neoplastic,,https://www.dermaamin.com/site/images/clinical-pic/n/necrobiois-lipoidica-diabeticorum/necrobiois-lipoidica-diabeticorum30.jpg,httpwwwdermaamincomsiteimagesclinicalpicnnecrobioislipoidicadiabeticorumnecrobioislipoidicadiabeticorum30jpg.jpg
23e9d3d002a88c0b3c5b9c5c95876d38,5,5,xeroderma pigmentosum,genodermatoses,non-neoplastic,,https://www.dermaamin.com/site/images/clinical-pic/X/xeroderma-pigmentosum/xeroderma-pigmentosum14.jpg,httpwwwdermaamincomsiteimagesclinicalpicXxerodermapigmentosumxerodermapigmentosum14jpg.jpg
ade51126ebbb69e4e54a0bd325bd4086,5,5,xeroderma pigmentosum,genodermatoses,non-neoplastic,,https://www.dermaamin.com/site/images/clinical-pic/X/xeroderma-pigmentosum/xeroderma-pigmentosum37.jpg,httpwwwdermaamincomsiteimagesclinicalpicXxerodermapigmentosumxerodermapigmentosum37jpg.jpg
e39141991c0c03a7181d1842009ac951,5,5,stasis edema,inflammatory,non-neoplastic,,https://www.dermaamin.com/site/images/clinical-pic/s/stasis-ulcer/stasis-ulcer6.jpg,httpwwwdermaamincomsiteimagesclinicalpicsstasisulcerstasisulcer6jpg.jpg
4e3fa37ac5747130c2afdf3437d639e0,5,5,psoriasis,inflammatory,non-neoplastic,,https://www.dermaamin.com/site/images/clinical-pic/p/psoriasis/psoriasis78.jpg,httpwwwdermaamincomsiteimagesclinicalpicppsoriasispsoriasis78jpg.jpg
5de18144953b0dcf774605ae4a9c65c3,5,5,squamous cell carcinoma,malignant epidermal,malignant,,https://www.dermaamin.com/site/images/clinical-pic/k/keratoacanthoma/keratoacanthoma93.jpg,httpwwwdermaamincomsiteimagesclinicalpickkeratoacanthomakeratoacanthoma93jpg.jpg
d4e6307697e22eed8376fb2e2c54ab1f,5,5,halo nevus,benign melanocyte,benign,,https://www.dermaamin.com/site/images/clinical-pic/o/ota-nevus/ota-nevus14.jpg,httpwwwdermaamincomsiteimagesclinicalpicootanevusotanevus14jpg.jpg
e1d0ad6f32c21567e0da766912bd95c9,5,5,factitial dermatitis,inflammatory,non-neoplastic,,https://www.dermaamin.com/site/images/clinical-pic/f/factitial_dermatitis/factitial_dermatitis24.jpg,httpwwwdermaamincomsiteimagesclinicalpicffactitialdermatitisfactitialdermatitis24jpg.jpg
2042ae11fac08fba6e15177fbafeb8c4,5,5,sarcoidosis,inflammatory,non-neoplastic,,https://www.dermaamin.com/site/images/clinical-pic/s/sarcoidosis/sarcoidosis133.jpg,httpwwwdermaamincomsiteimagesclinicalpicssarcoidosissarcoidosis133jpg.jpg
e663583fbaa66804ac85b1a6cca8c549,5,5,pityriasis rubra pilaris,inflammatory,non-neoplastic,,https://www.dermaamin.com/site/images/clinical-pic/p/pityriasis_rubra_pilaris/pityriasis_rubra_pilaris14.jpg,httpwwwdermaamincomsiteimagesclinicalpicppityriasisrubrapilarispityriasisrubrapilaris14jpg.jpg
b53a5cc389f78ded1e73df82aeae505c,5,5,syringoma,benign dermal,benign,,https://www.dermaamin.com/site/images/clinical-pic/s/syringoma/syringoma16.jpg,httpwwwdermaamincomsiteimagesclinicalpicssyringomasyringoma16jpg.jpg
5d6ee647218c4ed35263ce4bce80276a,5,5,lichen planus,inflammatory,non-neoplastic,,https://www.dermaamin.com/site/images/clinical-pic/L/lichen_planus_actinic/lichen_planus_actinic3.jpg,httpwwwdermaamincomsiteimagesclinicalpicLlichenplanusactiniclichenplanusactinic3jpg.jpg
57345aa31d61a9f1a2950450397b9ecf,5,5,lichen planus,inflammatory,non-neoplastic,,https://www.dermaamin.com/site/images/clinical-pic/e/eruptive_lichen_planus/eruptive_lichen_planus3.jpg,httpwwwdermaamincomsiteimagesclinicalpiceeruptivelichenplanuseruptivelichenplanus3jpg.jpg
b97af3aa4d9a5eaa7c1c9896448052ae,5,5,neutrophilic dermatoses,inflammatory,non-neoplastic,,https://www.dermaamin.com/site/images/clinical-pic/p/pyoderma-gangrenosum/pyoderma-gangrenosum22.jpg,httpwwwdermaamincomsiteimagesclinicalpicppyodermagangrenosumpyodermagangrenosum22jpg.jpg
648adc09de37624a92674d2b90d96188,5,5,kaposi sarcoma,malignant dermal,malignant,,https://www.dermaamin.com/site/images/clinical-pic/k/kaposis-sarcoma/kaposis-sarcoma47.jpg,httpwwwdermaamincomsiteimagesclinicalpickkaposissarcomakaposissarcoma47jpg.jpg
83f5062329b028a8c66a3e466eac6747,5,5,keloid,inflammatory,non-neoplastic,,https://www.dermaamin.com/site/images/clinical-pic/k/kekoid/kekoid101.jpg,httpwwwdermaamincomsiteimagesclinicalpickkekoidkekoid101jpg.jpg
8390f737db746285c7fc204e514dc08e,5,5,epidermal nevus,benign epidermal,benign,,https://www.dermaamin.com/site/images/clinical-pic/e/epidermal_naevus/epidermal_naevus14.jpg,httpwwwdermaamincomsiteimagesclinicalpiceepidermalnaevusepidermalnaevus14jpg.jpg
df0ee147bf0ab824d092d1188f130804,5,5,neutrophilic dermatoses,inflammatory,non-neoplastic,,https://www.dermaamin.com/site/images/clinical-pic/p/pyoderma-gangrenosum/pyoderma-gangrenosum36.jpg,httpwwwdermaamincomsiteimagesclinicalpicppyodermagangrenosumpyodermagangrenosum36jpg.jpg
f76cddb37265f97508f159078dcc7e7c,5,5,folliculitis,inflammatory,non-neoplastic,,https://www.dermaamin.com/site/images/clinical-pic/e/eosinophilic_pustula_folliculitis/eosinophilic_pustula_folliculitis48.jpg,httpwwwdermaamincomsiteimagesclinicalpiceeosinophilicpustulafolliculitiseosinophilicpustulafolliculitis48jpg.jpg
a486ff2f58948d657a2d21828c26e878,5,5,pityriasis rubra pilaris,inflammatory,non-neoplastic,,https://www.dermaamin.com/site/images/clinical-pic/p/pityriasis_rubra_pilaris/pityriasis_rubra_pilaris41.jpg,httpwwwdermaamincomsiteimagesclinicalpicppityriasisrubrapilarispityriasisrubrapilaris41jpg.jpg
07408f8fcb4c2de238011a59d3bba8da,5,5,pityriasis rubra pilaris,inflammatory,non-neoplastic,,https://www.dermaamin.com/site/images/clinical-pic/p/pityriasis_rubra_pilaris/pityriasis_rubra_pilaris79.jpg,httpwwwdermaamincomsiteimagesclinicalpicppityriasisrubrapilarispityriasisrubrapilaris79jpg.jpg
061a37730f640a67c19b2ec77ecf1a93,5,5,factitial dermatitis,inflammatory,non-neoplastic,,https://www.dermaamin.com/site/images/clinical-pic/f/factitial_dermatitis/factitial_dermatitis31.jpg,httpwwwdermaamincomsiteimagesclinicalpicffactitialdermatitisfactitialdermatitis31jpg.jpg
238ade66921ce82f2fc2b6ac4862329c,5,5,prurigo nodularis,benign epidermal,benign,,https://www.dermaamin.com/site/images/clinical-pic/p/prurigo_nodularis/prurigo_nodularis82.jpg,httpwwwdermaamincomsiteimagesclinicalpicpprurigonodularisprurigonodularis82jpg.jpg
d02017b6616159112bc9b74af849db92,5,5,neurodermatitis,inflammatory,non-neoplastic,,https://www.dermaamin.com/site/images/clinical-pic/n/nummula-dermatitis/nummula-dermatitis4.jpg,httpwwwdermaamincomsiteimagesclinicalpicnnummuladermatitisnummuladermatitis4jpg.jpg
18b9e41bd60d9a52a5a2e113f8641d26,5,5,lichen planus,inflammatory,non-neoplastic,,https://www.dermaamin.com/site/images/clinical-pic/L/lichen_planus_actinic/lichen_planus_actinic23.jpg,httpwwwdermaamincomsiteimagesclinicalpicLlichenplanusactiniclichenplanusactinic23jpg.jpg
32d5ea62a40ae59a3fef3ca07e24439c,5,5,kaposi sarcoma,malignant dermal,malignant,,https://www.dermaamin.com/site/images/clinical-pic/k/kaposis-sarcoma/kaposis-sarcoma66.jpg,httpwwwdermaamincomsiteimagesclinicalpickkaposissarcomakaposissarcoma66jpg.jpg
112b232367766cbb661c931b22c7d4e6,5,5,pyogenic granuloma,benign dermal,benign,,https://www.dermaamin.com/site/images/clinical-pic/p/pyogenic-granuloma/pyogenic-granuloma71.jpg,httpwwwdermaamincomsiteimagesclinicalpicppyogenicgranulomapyogenicgranuloma71jpg.jpg
171cfdbc81b94182e3521e943475e682,5,5,pityriasis rubra pilaris,inflammatory,non-neoplastic,,https://www.dermaamin.com/site/images/clinical-pic/p/pityriasis_rubra_pilaris/pityriasis_rubra_pilaris84.jpg,httpwwwdermaamincomsiteimagesclinicalpicppityriasisrubrapilarispityriasisrubrapilaris84jpg.jpg
3e6be6448744e5c177ead8853aceeb95,5,5,lupus erythematosus,inflammatory,non-neoplastic,,https://www.dermaamin.com/site/images/clinical-pic/s/subacute-cutaneous-lupus-erythematosus/subacute-cutaneous-lupus-erythematosus70.jpg,httpwwwdermaamincomsiteimagesclinicalpicssubacutecutaneouslupuserythematosussubacutecutaneouslupuserythematosus70jpg.jpg
448cd3e21757a4a218b9e85d6fe41479,5,5,nematode infection,inflammatory,non-neoplastic,,https://www.dermaamin.com/site/images/clinical-pic/L/larva-migrans/larva-migrans15.jpg,httpwwwdermaamincomsiteimagesclinicalpicLlarvamigranslarvamigrans15jpg.jpg
97ae91111b8028ee3ce13d6d2bbe2fc5,5,5,actinic keratosis,malignant epidermal,malignant,,https://www.dermaamin.com/site/images/clinical-pic/a/arsenic_keratoses/arsenic_keratoses12.jpg,httpwwwdermaamincomsiteimagesclinicalpicaarsenickeratosesarsenickeratoses12jpg.jpg
2a6e8c5e2bb67d8408ebcda9fd5fb728,5,5,lupus erythematosus,inflammatory,non-neoplastic,,https://www.dermaamin.com/site/images/clinical-pic/s/subacute-cutaneous-lupus-erythematosus/subacute-cutaneous-lupus-erythematosus72.jpg,httpwwwdermaamincomsiteimagesclinicalpicssubacutecutaneouslupuserythematosussubacutecutaneouslupuserythematosus72jpg.jpg
56333c83e0159215781bf9613a93b1bf,5,5,lichen amyloidosis,inflammatory,non-neoplastic,,https://www.dermaamin.com/site/images/clinical-pic/L/lichen-amyloidosis/lichen-amyloidosis16.jpg,httpwwwdermaamincomsiteimagesclinicalpicLlichenamyloidosislichenamyloidosis16jpg.jpg
a25a7a9bf59167a0098063e06d4a4010,5,5,porphyria,inflammatory,non-neoplastic,,https://www.dermaamin.com/site/images/clinical-pic/p/porphyria-cutanea-tarda/porphyria-cutanea-tarda55.jpg,httpwwwdermaamincomsiteimagesclinicalpicpporphyriacutaneatardaporphyriacutaneatarda55jpg.jpg
3796ac871478fc20b99532cd9f04b6cc,5,5,kaposi sarcoma,malignant dermal,malignant,,https://www.dermaamin.com/site/images/clinical-pic/k/kaposis-sarcoma/kaposis-sarcoma100.jpg,httpwwwdermaamincomsiteimagesclinicalpickkaposissarcomakaposissarcoma100jpg.jpg
5742792430bcbf050b243a0b7539c239,5,5,pityriasis rubra pilaris,inflammatory,non-neoplastic,,https://www.dermaamin.com/site/images/clinical-pic/p/pityriasis_rubra_pilaris/pityriasis_rubra_pilaris68.jpg,httpwwwdermaamincomsiteimagesclinicalpicppityriasisrubrapilarispityriasisrubrapilaris68jpg.jpg
8a2439728872b0b925452394231e7366,5,5,neurofibromatosis,genodermatoses,non-neoplastic,,https://www.dermaamin.com/site/images/clinical-pic/n/neurofibromatosis-von-reckling-hausen-syndrome/neurofibromatosis-von-reckling-hausen-syndrome54.jpg,httpwwwdermaamincomsiteimagesclinicalpicnneurofibromatosisvonrecklinghausensyndromeneurofibromatosisvonrecklinghausensyndrome54jpg.jpg
4bda36c130bc5222cc928bde1ac19cdd,5,5,folliculitis,inflammatory,non-neoplastic,,https://www.dermaamin.com/site/images/clinical-pic/f/folliculitis/folliculitis24.jpg,httpwwwdermaamincomsiteimagesclinicalpicffolliculitisfolliculitis24jpg.jpg
07e40d3f54705899c4092e02c90a346c,5,5,erythema multiforme,inflammatory,non-neoplastic,,https://www.dermaamin.com/site/images/clinical-pic/e/erythema_multiforme/erythema_multiforme5.jpg,httpwwwdermaamincomsiteimagesclinicalpiceerythemamultiformeerythemamultiforme5jpg.jpg
80c3c31eccadc6cdbbac46fcf9de9deb,5,5,sarcoidosis,inflammatory,non-neoplastic,,https://www.dermaamin.com/site/images/clinical-pic/s/sarcoidosis/sarcoidosis28.jpg,httpwwwdermaamincomsiteimagesclinicalpicssarcoidosissarcoidosis28jpg.jpg
055001e58a8e138321c5691cf71e9619,5,5,keloid,inflammatory,non-neoplastic,,https://www.dermaamin.com/site/images/clinical-pic/c/cheloide/cheloide1.jpg,httpwwwdermaamincomsiteimagesclinicalpicccheloidecheloide1jpg.jpg
26769725ccdc21e8a6363910cacf61db,5,5,mucous cyst,benign dermal,benign,,https://www.dermaamin.com/site/images/clinical-pic/c/cdle/cdle1.jpg,httpwwwdermaamincomsiteimagesclinicalpicccdlecdle1jpg.jpg
2fadf772b55f01cb48062fc1f4653bf1,5,5,erythema multiforme,inflammatory,non-neoplastic,,https://www.dermaamin.com/site/images/clinical-pic/e/erythema_multiforme/erythema_multiforme115.jpg,httpwwwdermaamincomsiteimagesclinicalpiceerythemamultiformeerythemamultiforme115jpg.jpg
11031c75a14118ef001a08899c79a21a,5,5,papilomatosis confluentes and reticulate,inflammatory,non-neoplastic,,https://www.dermaamin.com/site/images/clinical-pic/p/papillomatosis_confluent_reticulated/papillomatosis_confluent_reticulated2.jpg,httpwwwdermaamincomsiteimagesclinicalpicppapillomatosisconfluentreticulatedpapillomatosisconfluentreticulated2jpg.jpg
76b89e0c6c537008964a48524ed694bc,5,5,mucous cyst,benign dermal,benign,,https://www.dermaamin.com/site/images/clinical-pic/m/mucocele/mucocele22.jpg,httpwwwdermaamincomsiteimagesclinicalpicmmucocelemucocele22jpg.jpg
23325bf2a20065e09795132fa5259bf0,5,5,lichen simplex,inflammatory,non-neoplastic,,https://www.dermaamin.com/site/images/clinical-pic/L/lichen_simplex/lichen_simplex13.jpg,httpwwwdermaamincomsiteimagesclinicalpicLlichensimplexlichensimplex13jpg.jpg
93cabbbcfbd9ebabfecaff423cfe1c98,5,5,ichthyosis vulgaris,genodermatoses,non-neoplastic,,https://www.dermaamin.com/site/images/clinical-pic/I/ichthyosis_vulgaris/ichthyosis_vulgaris29.jpg,httpwwwdermaamincomsiteimagesclinicalpicIichthyosisvulgarisichthyosisvulgaris29jpg.jpg
126b217f15e89fcb06426c9e61fb7278,5,5,erythema multiforme,inflammatory,non-neoplastic,,https://www.dermaamin.com/site/images/clinical-pic/e/erythema_multiforme/erythema_multiforme7.jpg,httpwwwdermaamincomsiteimagesclinicalpiceerythemamultiformeerythemamultiforme7jpg.jpg
44e2203ce514f1e642515cec9d127551,5,5,lichen planus,inflammatory,non-neoplastic,,https://www.dermaamin.com/site/images/clinical-pic/e/eruptive_lichen_planus/eruptive_lichen_planus11.jpg,httpwwwdermaamincomsiteimagesclinicalpiceeruptivelichenplanuseruptivelichenplanus11jpg.jpg
9f00c30cabcdd7d1b87b7f534ba4d3a8,5,5,stasis edema,inflammatory,non-neoplastic,,https://www.dermaamin.com/site/images/clinical-pic/s/stasis-dermatitis/stasis-dermatitis10.jpg,httpwwwdermaamincomsiteimagesclinicalpicsstasisdermatitisstasisdermatitis10jpg.jpg
2fa39d6416badd073868cec8ad52ecb8,5,5,epidermolysis bullosa,genodermatoses,non-neoplastic,,https://www.dermaamin.com/site/images/clinical-pic/e/epidermolysis_bullosa/epidermolysis_bullosa33.jpg,httpwwwdermaamincomsiteimagesclinicalpiceepidermolysisbullosaepidermolysisbullosa33jpg.jpg
f84344a909fc4da13005a5e762a6de05,5,5,pyogenic granuloma,benign dermal,benign,,https://www.dermaamin.com/site/images/clinical-pic/p/pyogenic-granuloma/pyogenic-granuloma5.jpg,httpwwwdermaamincomsiteimagesclinicalpicppyogenicgranulomapyogenicgranuloma5jpg.jpg
936c707a5cf2588c3b6cb8555d1b8c79,5,5,scabies,inflammatory,non-neoplastic,,https://www.dermaamin.com/site/images/clinical-pic/n/norwegian_scabies/norwegian_scabies33.jpg,httpwwwdermaamincomsiteimagesclinicalpicnnorwegianscabiesnorwegianscabies33jpg.jpg
a0e74d2016641857799c67cbbc6aefbc,5,5,psoriasis,inflammatory,non-neoplastic,,https://www.dermaamin.com/site/images/clinical-pic/p/psoriasis-genital/psoriasis-genital11.jpg,httpwwwdermaamincomsiteimagesclinicalpicppsoriasisgenitalpsoriasisgenital11jpg.jpg
10b131d57a56a2f6c1400570205fc65c,5,5,nematode infection,inflammatory,non-neoplastic,,https://www.dermaamin.com/site/images/clinical-pic/L/larva-migrans/larva-migrans37.jpg,httpwwwdermaamincomsiteimagesclinicalpicLlarvamigranslarvamigrans37jpg.jpg
2ef99469625eb4d9a1ff19f45061b4a6,5,5,papilomatosis confluentes and reticulate,inflammatory,non-neoplastic,,https://www.dermaamin.com/site/images/clinical-pic/p/papillomatosis_confluent_reticulated/papillomatosis_confluent_reticulated30.jpg,httpwwwdermaamincomsiteimagesclinicalpicppapillomatosisconfluentreticulatedpapillomatosisconfluentreticulated30jpg.jpg
14169e23df74815ac1f28d6ceb8dcf86,5,5,sarcoidosis,inflammatory,non-neoplastic,,https://www.dermaamin.com/site/images/clinical-pic/s/sarcoidosis/sarcoidosis27.jpg,httpwwwdermaamincomsiteimagesclinicalpicssarcoidosissarcoidosis27jpg.jpg
f302af80e8257240e21439792d39c41b,5,5,mucous cyst,benign dermal,benign,,https://www.dermaamin.com/site/images/clinical-pic/c/cdle/cdle8.jpg,httpwwwdermaamincomsiteimagesclinicalpicccdlecdle8jpg.jpg
45321a9a4b3fa9f5f4a132f87d63e9df,5,5,lupus erythematosus,inflammatory,non-neoplastic,,https://www.dermaamin.com/site/images/clinical-pic/L/lupus-chronique/lupus-chronique17.jpg,httpwwwdermaamincomsiteimagesclinicalpicLlupuschroniquelupuschronique17jpg.jpg
4e473215a227b46cd34ba4d289dcd70d,5,5,folliculitis,inflammatory,non-neoplastic,,https://www.dermaamin.com/site/images/clinical-pic/f/folliculitis/folliculitis19.jpg,httpwwwdermaamincomsiteimagesclinicalpicffolliculitisfolliculitis19jpg.jpg
28ad7cb7767ed3b37b33fa7c2234eaeb,5,5,prurigo nodularis,benign epidermal,benign,,https://www.dermaamin.com/site/images/clinical-pic/p/prurigo_nodularis/prurigo_nodularis72.jpg,httpwwwdermaamincomsiteimagesclinicalpicpprurigonodularisprurigonodularis72jpg.jpg
557383d07584cde9c1b7e237a0aa9505,5,5,paronychia,inflammatory,non-neoplastic,,https://www.dermaamin.com/site/images/clinical-pic/p/paronychia/paronychia1.jpg,httpwwwdermaamincomsiteimagesclinicalpicpparonychiaparonychia1jpg.jpg
03302d6f879f6a93c9a45bb5e68fd402,5,5,pityriasis rubra pilaris,inflammatory,non-neoplastic,,https://www.dermaamin.com/site/images/clinical-pic/p/pityriasis_rubra_pilaris/pityriasis_rubra_pilaris46.jpg,httpwwwdermaamincomsiteimagesclinicalpicppityriasisrubrapilarispityriasisrubrapilaris46jpg.jpg
59574b9b974c63544253dc1b510642b9,5,5,scleroderma,inflammatory,non-neoplastic,,https://www.dermaamin.com/site/images/clinical-pic/L/linear-scleroderma/linear-scleroderma9.jpg,httpwwwdermaamincomsiteimagesclinicalpicLlinearsclerodermalinearscleroderma9jpg.jpg
c3907cd714d9f6535f0f5ea2fab84362,5,5,porokeratosis actinic,benign epidermal,benign,,https://www.dermaamin.com/site/images/clinical-pic/p/porokeratosis_actinic/porokeratosis_actinic7.jpg,httpwwwdermaamincomsiteimagesclinicalpicpporokeratosisactinicporokeratosisactinic7jpg.jpg
18aa2c8c42e1921fda0c571759b41dd2,5,5,pilar cyst,benign dermal,benign,,https://www.dermaamin.com/site/images/clinical-pic/e/epidermal_cyst/epidermal_cyst34.jpg,httpwwwdermaamincomsiteimagesclinicalpiceepidermalcystepidermalcyst34jpg.jpg
41b0ea8af67eaa5650c8a9606379094d,5,5,striae,inflammatory,non-neoplastic,,https://www.dermaamin.com/site/images/clinical-pic/s/striae-distensae/striae-distensae57.jpg,httpwwwdermaamincomsiteimagesclinicalpicsstriaedistensaestriaedistensae57jpg.jpg
c627087a2f9b4211edb9cc5910547662,5,5,sarcoidosis,inflammatory,non-neoplastic,,https://www.dermaamin.com/site/images/clinical-pic/s/sarcoidosis/sarcoidosis101.jpg,httpwwwdermaamincomsiteimagesclinicalpicssarcoidosissarcoidosis101jpg.jpg
32299461c44fb2c056c700bfe0ba9a20,5,5,scleroderma,inflammatory,non-neoplastic,,https://www.dermaamin.com/site/images/clinical-pic/m/morphea/morphea12.jpg,httpwwwdermaamincomsiteimagesclinicalpicmmorpheamorphea12jpg.jpg
d2bf94754da3228049ba1ebb97e8b496,5,5,nevus sebaceous of jadassohn,benign epidermal,benign,,https://www.dermaamin.com/site/images/clinical-pic/n/nevus-sebaceous-of-jadassohn/nevus-sebaceous-of-jadassohn54.jpg,httpwwwdermaamincomsiteimagesclinicalpicnnevussebaceousofjadassohnnevussebaceousofjadassohn54jpg.jpg
65d5197149a619c5428113a0fd62832b,5,5,xeroderma pigmentosum,genodermatoses,non-neoplastic,,https://www.dermaamin.com/site/images/clinical-pic/X/xeroderma-pigmentosum/xeroderma-pigmentosum38.jpg,httpwwwdermaamincomsiteimagesclinicalpicXxerodermapigmentosumxerodermapigmentosum38jpg.jpg
7d8e777c4f5f297c5193f759694baa67,5,5,scleromyxedema,inflammatory,non-neoplastic,,https://www.dermaamin.com/site/images/clinical-pic/s/scleromyxedema/scleromyxedema51.jpg,httpwwwdermaamincomsiteimagesclinicalpicsscleromyxedemascleromyxedema51jpg.jpg
00c8a06d17cc1ab86d336168767c8278,5,5,neutrophilic dermatoses,inflammatory,non-neoplastic,,https://www.dermaamin.com/site/images/clinical-pic/p/pyodermite_Vegetante/pyodermite_Vegetante1.jpg,httpwwwdermaamincomsiteimagesclinicalpicppyodermiteVegetantepyodermiteVegetante1jpg.jpg
adc6c93af94ded797a871f56875d1677,5,5,lichen planus,inflammatory,non-neoplastic,,https://www.dermaamin.com/site/images/clinical-pic/L/lichen_planus_actinic/lichen_planus_actinic21.jpg,httpwwwdermaamincomsiteimagesclinicalpicLlichenplanusactiniclichenplanusactinic21jpg.jpg
8fd665c5c38c8950d37bcebdef90cfcc,5,5,scabies,inflammatory,non-neoplastic,,https://www.dermaamin.com/site/images/clinical-pic/n/norwegian_scabies/norwegian_scabies30.jpg,httpwwwdermaamincomsiteimagesclinicalpicnnorwegianscabiesnorwegianscabies30jpg.jpg
3429089d464da316dddf3b4addfd9e3d,5,5,mucous cyst,benign dermal,benign,,https://www.dermaamin.com/site/images/clinical-pic/c/cdle/cdle2.jpg,httpwwwdermaamincomsiteimagesclinicalpicccdlecdle2jpg.jpg
25f8a7cac8cb6f7d76782067bc3400c3,5,5,prurigo nodularis,benign epidermal,benign,,https://www.dermaamin.com/site/images/clinical-pic/p/prurigo_nodularis/prurigo_nodularis93.jpg,httpwwwdermaamincomsiteimagesclinicalpicpprurigonodularisprurigonodularis93jpg.jpg
3c31ed63ad8000019cc9821b761ed014,5,5,mucous cyst,benign dermal,benign,,https://www.dermaamin.com/site/images/clinical-pic/c/cdle/cdle4.jpg,httpwwwdermaamincomsiteimagesclinicalpicccdlecdle4jpg.jpg
97c48290e8a4bcbf502fc277ea1b3934,5,5,epidermolysis bullosa,genodermatoses,non-neoplastic,,https://www.dermaamin.com/site/images/clinical-pic/e/epidermolysis_bullosa/epidermolysis_bullosa6.jpg,httpwwwdermaamincomsiteimagesclinicalpiceepidermolysisbullosaepidermolysisbullosa6jpg.jpg
8e94d1e95503c8ba249cfe8840dc2e6d,5,5,hidradenitis,inflammatory,non-neoplastic,,https://www.dermaamin.com/site/images/clinical-pic/h/hidradenitis_suppurativa/hidradenitis_suppurativa48.jpg,httpwwwdermaamincomsiteimagesclinicalpichhidradenitissuppurativahidradenitissuppurativa48jpg.jpg
012faf0c47128a3c153073d541196c49,5,5,striae,inflammatory,non-neoplastic,,https://www.dermaamin.com/site/images/clinical-pic/s/striae-distensae/striae-distensae3.jpg,httpwwwdermaamincomsiteimagesclinicalpicsstriaedistensaestriaedistensae3jpg.jpg
35229f6bd36e4f069d4fa8b951b06fb8,5,5,erythema multiforme,inflammatory,non-neoplastic,,https://www.dermaamin.com/site/images/clinical-pic/e/erythema_multiforme/erythema_multiforme168.jpg,httpwwwdermaamincomsiteimagesclinicalpiceerythemamultiformeerythemamultiforme168jpg.jpg
117064f6a5881e2de37f24edec09ed6a,5,5,xeroderma pigmentosum,genodermatoses,non-neoplastic,,https://www.dermaamin.com/site/images/clinical-pic/X/xeroderma-pigmentosum/xeroderma-pigmentosum72.jpg,httpwwwdermaamincomsiteimagesclinicalpicXxerodermapigmentosumxerodermapigmentosum72jpg.jpg
67de4229e16babfbfd9e8ff1314b468f,5,5,fixed eruptions,inflammatory,non-neoplastic,,https://www.dermaamin.com/site/images/clinical-pic/f/fixed_drug_eruption/fixed_drug_eruption65.jpg,httpwwwdermaamincomsiteimagesclinicalpicffixeddrugeruptionfixeddrugeruption65jpg.jpg
3947353ffccd2462483f9ba8e8f1258a,5,5,granuloma annulare,inflammatory,non-neoplastic,,https://www.dermaamin.com/site/images/clinical-pic/g/granuloma_annulare/granuloma_annulare49.jpg,httpwwwdermaamincomsiteimagesclinicalpicggranulomaannularegranulomaannulare49jpg.jpg
f300026d49011e179941a1312978f669,5,5,urticaria pigmentosa,inflammatory,non-neoplastic,,https://www.dermaamin.com/site/images/clinical-pic/u/urticaria-pigmentosa/urticaria-pigmentosa33.jpg,httpwwwdermaamincomsiteimagesclinicalpicuurticariapigmentosaurticariapigmentosa33jpg.jpg
abebe832d2bfd1b836731dea795c81c4,5,5,sarcoidosis,inflammatory,non-neoplastic,,https://www.dermaamin.com/site/images/clinical-pic/s/sarcoidosis/sarcoidosis67.jpg,httpwwwdermaamincomsiteimagesclinicalpicssarcoidosissarcoidosis67jpg.jpg
e0fedce02782d3e39feb80fd57380226,5,5,actinic keratosis,malignant epidermal,malignant,,https://www.dermaamin.com/site/images/clinical-pic/a/actinic_keratoses/actinic_keratoses57.jpg,httpwwwdermaamincomsiteimagesclinicalpicaactinickeratosesactinickeratoses57jpg.jpg
e83672791ed49733214655c4695bcf28,5,5,pityriasis rosea,inflammatory,non-neoplastic,,https://www.dermaamin.com/site/images/clinical-pic/p/pityriasis_rosea/pityriasis_rosea53.jpg,httpwwwdermaamincomsiteimagesclinicalpicppityriasisroseapityriasisrosea53jpg.jpg
0cae440b941b5a6255e54920f857a61d,5,5,neurofibromatosis,genodermatoses,non-neoplastic,,https://www.dermaamin.com/site/images/clinical-pic/n/neurofibromatosis-von-reckling-hausen-syndrome/neurofibromatosis-von-reckling-hausen-syndrome28.jpg,httpwwwdermaamincomsiteimagesclinicalpicnneurofibromatosisvonrecklinghausensyndromeneurofibromatosisvonrecklinghausensyndrome28jpg.jpg
a95198c469709e61bb5836058d306c10,5,5,sarcoidosis,inflammatory,non-neoplastic,,https://www.dermaamin.com/site/images/clinical-pic/d/discoid_le/discoid_le43.jpg,httpwwwdermaamincomsiteimagesclinicalpicddiscoidlediscoidle43jpg.jpg
91e6a5fa1ba049359a8312df9fbf7fb6,5,5,acne vulgaris,inflammatory,non-neoplastic,,https://www.dermaamin.com/site/images/clinical-pic/a/acne_vulgaris/acne_vulgaris146.jpg,httpwwwdermaamincomsiteimagesclinicalpicaacnevulgarisacnevulgaris146jpg.jpg
c91c2f9dca64b20097276f07cee0f599,5,5,factitial dermatitis,inflammatory,non-neoplastic,,https://www.dermaamin.com/site/images/clinical-pic/f/factitial_dermatitis/factitial_dermatitis32.jpg,httpwwwdermaamincomsiteimagesclinicalpicffactitialdermatitisfactitialdermatitis32jpg.jpg
2b2c04580d3c5f11110785cf328e3e51,5,5,psoriasis,inflammatory,non-neoplastic,,https://www.dermaamin.com/site/images/clinical-pic/p/psoriasis_nail/psoriasis_nail14.jpg,httpwwwdermaamincomsiteimagesclinicalpicppsoriasisnailpsoriasisnail14jpg.jpg
16c8d23a1d658366fc1babc689de2e5d,5,5,neurofibromatosis,genodermatoses,non-neoplastic,,https://www.dermaamin.com/site/images/clinical-pic/n/neurofibromatosis-von-reckling-hausen-syndrome/neurofibromatosis-von-reckling-hausen-syndrome71.jpg,httpwwwdermaamincomsiteimagesclinicalpicnneurofibromatosisvonrecklinghausensyndromeneurofibromatosisvonrecklinghausensyndrome71jpg.jpg
0777330df9f2d84190af3f3b1b83eeac,5,5,xeroderma pigmentosum,genodermatoses,non-neoplastic,,https://www.dermaamin.com/site/images/clinical-pic/X/xeroderma-pigmentosum/xeroderma-pigmentosum47.jpg,httpwwwdermaamincomsiteimagesclinicalpicXxerodermapigmentosumxerodermapigmentosum47jpg.jpg
e8039eeaeb10fa916fb555eb045b48bd,5,5,scabies,inflammatory,non-neoplastic,,https://www.dermaamin.com/site/images/clinical-pic/n/norwegian_scabies/norwegian_scabies71.jpg,httpwwwdermaamincomsiteimagesclinicalpicnnorwegianscabiesnorwegianscabies71jpg.jpg
78f37b85c288524eb1d52aeca88733bb,5,5,urticaria pigmentosa,inflammatory,non-neoplastic,,https://www.dermaamin.com/site/images/clinical-pic/u/urticaria-pigmentosa/urticaria-pigmentosa31.jpg,httpwwwdermaamincomsiteimagesclinicalpicuurticariapigmentosaurticariapigmentosa31jpg.jpg
b7948589620ceb4bdd56002e51d0c0b0,5,5,actinic keratosis,malignant epidermal,malignant,,https://www.dermaamin.com/site/images/clinical-pic/a/arsenic_keratoses/arsenic_keratoses9.jpg,httpwwwdermaamincomsiteimagesclinicalpicaarsenickeratosesarsenickeratoses9jpg.jpg
b2bd56f308e3fd4bebc7d9a91340591b,5,5,neurofibromatosis,genodermatoses,non-neoplastic,,https://www.dermaamin.com/site/images/clinical-pic/n/neurofibromatosis-von-reckling-hausen-syndrome/neurofibromatosis-von-reckling-hausen-syndrome35.jpg,httpwwwdermaamincomsiteimagesclinicalpicnneurofibromatosisvonrecklinghausensyndromeneurofibromatosisvonrecklinghausensyndrome35jpg.jpg
b666857e821c97f3d71300ce4593d0a0,5,5,naevus comedonicus,benign epidermal,benign,,https://www.dermaamin.com/site/images/clinical-pic/n/naevus_comedonicus/naevus_comedonicus19.jpg,httpwwwdermaamincomsiteimagesclinicalpicnnaevuscomedonicusnaevuscomedonicus19jpg.jpg
9ceba0da5a779469a47a919c2321910f,5,5,lichen simplex,inflammatory,non-neoplastic,,https://www.dermaamin.com/site/images/clinical-pic/L/lichen_simplex/lichen_simplex11.jpg,httpwwwdermaamincomsiteimagesclinicalpicLlichensimplexlichensimplex11jpg.jpg
4b263fd639d437aede5170175bfce03e,5,5,xanthomas,inflammatory,non-neoplastic,,https://www.dermaamin.com/site/images/clinical-pic/a/anthrax/anthrax1.jpg,httpwwwdermaamincomsiteimagesclinicalpicaanthraxanthrax1jpg.jpg
9b0bf2b395b3e5cab5582515b1940bdb,5,5,behcets disease,inflammatory,non-neoplastic,,https://www.dermaamin.com/site/images/clinical-pic/b/buerger_disease/buerger_disease3.jpg,httpwwwdermaamincomsiteimagesclinicalpicbbuergerdiseasebuergerdisease3jpg.jpg
c35961bf03f0b5af0e331564b0c395a5,5,5,stevens johnson syndrome,inflammatory,non-neoplastic,,https://www.dermaamin.com/site/images/clinical-pic/s/stephen-johnson-syndrome/stephen-johnson-syndrome55.jpg,httpwwwdermaamincomsiteimagesclinicalpicsstephenjohnsonsyndromestephenjohnsonsyndrome55jpg.jpg
75529631b2d47e052ce14e86bf1270d2,5,5,mucinosis,inflammatory,non-neoplastic,,https://www.dermaamin.com/site/images/clinical-pic/f/follicular-mucinosis/follicular-mucinosis33.jpg,httpwwwdermaamincomsiteimagesclinicalpicffollicularmucinosisfollicularmucinosis33jpg.jpg
64d3075ce83259e09384ffab2a403387,5,5,lichen planus,inflammatory,non-neoplastic,,https://www.dermaamin.com/site/images/clinical-pic/L/lichen_planus_actinic/lichen_planus_actinic33.jpg,httpwwwdermaamincomsiteimagesclinicalpicLlichenplanusactiniclichenplanusactinic33jpg.jpg
481cf87e4a0c06b81cf94d288b252d8b,5,5,keloid,inflammatory,non-neoplastic,,https://www.dermaamin.com/site/images/clinical-pic/k/kekoid/kekoid19.jpg,httpwwwdermaamincomsiteimagesclinicalpickkekoidkekoid19jpg.jpg
2794881f1e1b25f59847f9ea25a2db53,5,5,scabies,inflammatory,non-neoplastic,,https://www.dermaamin.com/site/images/clinical-pic/s/scabies/scabies81.jpg,httpwwwdermaamincomsiteimagesclinicalpicsscabiesscabies81jpg.jpg
866d1c299abcf62e004f8e3cf55f9f02,5,5,folliculitis,inflammatory,non-neoplastic,,https://www.dermaamin.com/site/images/clinical-pic/p/pseudofolliculitis-barbae/pseudofolliculitis-barbae11.jpg,httpwwwdermaamincomsiteimagesclinicalpicppseudofolliculitisbarbaepseudofolliculitisbarbae11jpg.jpg
de403ddef46f443a3d450822de1ae79e,5,5,ehlers danlos syndrome,genodermatoses,non-neoplastic,,https://www.dermaamin.com/site/images/clinical-pic/e/ehlers_danlos_syndrome/ehlers_danlos_syndrome66.jpg,httpwwwdermaamincomsiteimagesclinicalpiceehlersdanlossyndromeehlersdanlossyndrome66jpg.jpg
5c403fe1da054bdd574a35472928b3bb,5,5,mycosis fungoides,malignant cutaneous lymphoma,malignant,,https://www.dermaamin.com/site/images/clinical-pic/m/mycosis-fongoide/mycosis-fongoide91.jpg,httpwwwdermaamincomsiteimagesclinicalpicmmycosisfongoidemycosisfongoide91jpg.jpg
a97c452dc4bb88fd3caafa802c02501e,5,5,scabies,inflammatory,non-neoplastic,,https://www.dermaamin.com/site/images/clinical-pic/a/abcess/abcess3.jpg,httpwwwdermaamincomsiteimagesclinicalpicaabcessabcess3jpg.jpg
74543e57a5460e5d488a66b45a96ca8d,5,5,ehlers danlos syndrome,genodermatoses,non-neoplastic,,https://www.dermaamin.com/site/images/clinical-pic/e/ehlers_danlos_syndrome/ehlers_danlos_syndrome31.jpg,httpwwwdermaamincomsiteimagesclinicalpiceehlersdanlossyndromeehlersdanlossyndrome31jpg.jpg
46bae8ddeda1d5417875eedf6b1a9154,5,5,langerhans cell histiocytosis,inflammatory,non-neoplastic,,https://www.dermaamin.com/site/images/clinical-pic/n/non_langerhans_cell_histiocytosis/non_langerhans_cell_histiocytosis4.jpg,httpwwwdermaamincomsiteimagesclinicalpicnnonlangerhanscellhistiocytosisnonlangerhanscellhistiocytosis4jpg.jpg
6ee6dca62ee5320d51fa86671b7973e8,5,5,sarcoidosis,inflammatory,non-neoplastic,,https://www.dermaamin.com/site/images/clinical-pic/s/sarcoidosis/sarcoidosis90.jpg,httpwwwdermaamincomsiteimagesclinicalpicssarcoidosissarcoidosis90jpg.jpg
be283cd47484a95417c7a2205015c4e1,5,5,erythema elevatum diutinum,inflammatory,non-neoplastic,,https://www.dermaamin.com/site/images/clinical-pic/e/erythema_elevatum_diutinum/erythema_elevatum_diutinum21.jpg,httpwwwdermaamincomsiteimagesclinicalpiceerythemaelevatumdiutinumerythemaelevatumdiutinum21jpg.jpg
6de447a43bdde9d2d681aaf5e344b1ec,5,5,granuloma pyogenic,benign dermal,benign,,https://www.dermaamin.com/site/images/clinical-pic/g/granuloma_pyogenicum/granuloma_pyogenicum8.jpg,httpwwwdermaamincomsiteimagesclinicalpicggranulomapyogenicumgranulomapyogenicum8jpg.jpg
cccfe98093cb14845eadbb2806ca3d4f,5,5,tuberous sclerosis,genodermatoses,non-neoplastic,,https://www.dermaamin.com/site/images/clinical-pic/t/tuberous_sclerosis/tuberous_sclerosis57.jpg,httpwwwdermaamincomsiteimagesclinicalpicttuberoussclerosistuberoussclerosis57jpg.jpg
5d976ac2135aaa4720a12d727218be39,5,5,hidradenitis,inflammatory,non-neoplastic,,https://www.dermaamin.com/site/images/clinical-pic/h/hidradenitis_suppurativa/hidradenitis_suppurativa76.jpg,httpwwwdermaamincomsiteimagesclinicalpichhidradenitissuppurativahidradenitissuppurativa76jpg.jpg
365bd4911f853543d855143f0a4c794f,5,5,pityriasis lichenoides chronica,inflammatory,non-neoplastic,,https://www.dermaamin.com/site/images/clinical-pic/p/pityriasis_lichenoid_chronica/pityriasis_lichenoid_chronica1.jpg,httpwwwdermaamincomsiteimagesclinicalpicppityriasislichenoidchronicapityriasislichenoidchronica1jpg.jpg
3f8ea700e2ba8f3ebb149bd461f41485,5,5,lichen planus,inflammatory,non-neoplastic,,https://www.dermaamin.com/site/images/clinical-pic/L/lichen_planus_actinic/lichen_planus_actinic19.jpg,httpwwwdermaamincomsiteimagesclinicalpicLlichenplanusactiniclichenplanusactinic19jpg.jpg
78ffbbd192a31670f828006d13122761,5,5,erythema nodosum,inflammatory,non-neoplastic,,https://www.dermaamin.com/site/images/clinical-pic/e/erythema-nodosum/erythema-nodosum41.jpg,httpwwwdermaamincomsiteimagesclinicalpiceerythemanodosumerythemanodosum41jpg.jpg
551e76d85f729e9f5c0c8da544e47ec1,5,5,acanthosis nigricans,inflammatory,non-neoplastic,,https://www.dermaamin.com/site/images/clinical-pic/a/acanthosis_nigricans/acanthosis_nigricans64.jpg,httpwwwdermaamincomsiteimagesclinicalpicaacanthosisnigricansacanthosisnigricans64jpg.jpg
b53ec636f5f8e7b11071d5159d127da0,5,5,actinic keratosis,malignant epidermal,malignant,,https://www.dermaamin.com/site/images/clinical-pic/a/arsenic_keratoses/arsenic_keratoses4.jpg,httpwwwdermaamincomsiteimagesclinicalpicaarsenickeratosesarsenickeratoses4jpg.jpg
366f3497de9c6d68d7e3c684d5d8c1ad,5,5,eczema,inflammatory,non-neoplastic,,https://www.dermaamin.com/site/images/clinical-pic/e/eczema/eczema68.jpg,httpwwwdermaamincomsiteimagesclinicalpiceeczemaeczema68jpg.jpg
30967c04d61caf234f5150895d965416,5,5,prurigo nodularis,benign epidermal,benign,,https://www.dermaamin.com/site/images/clinical-pic/p/prurigo_nodularis/prurigo_nodularis109.jpg,httpwwwdermaamincomsiteimagesclinicalpicpprurigonodularisprurigonodularis109jpg.jpg
ee3209d5c871b25fbbf1324c4eb0c261,5,5,sarcoidosis,inflammatory,non-neoplastic,,https://www.dermaamin.com/site/images/clinical-pic/L/lupus-pernio/lupus-pernio3.jpg,httpwwwdermaamincomsiteimagesclinicalpicLlupusperniolupuspernio3jpg.jpg
05824685c57421c08667afe4495ef87e,5,5,neurofibromatosis,genodermatoses,non-neoplastic,,https://www.dermaamin.com/site/images/clinical-pic/n/neurofibromatosis-von-reckling-hausen-syndrome/neurofibromatosis-von-reckling-hausen-syndrome95.jpg,httpwwwdermaamincomsiteimagesclinicalpicnneurofibromatosisvonrecklinghausensyndromeneurofibromatosisvonrecklinghausensyndrome95jpg.jpg
cbbe4cd020233738da525e18a670e6c4,5,5,milia,benign epidermal,benign,,https://www.dermaamin.com/site/images/clinical-pic/m/miliaria/miliaria35.jpg,httpwwwdermaamincomsiteimagesclinicalpicmmiliariamiliaria35jpg.jpg
064a6f60e5a557d2243031516127c816,5,5,sarcoidosis,inflammatory,non-neoplastic,,https://www.dermaamin.com/site/images/clinical-pic/s/sarcoidosis/sarcoidosis33.jpg,httpwwwdermaamincomsiteimagesclinicalpicssarcoidosissarcoidosis33jpg.jpg
971c666bbaa9c41e2dc37f706e0c005a,5,5,lichen amyloidosis,inflammatory,non-neoplastic,,https://www.dermaamin.com/site/images/clinical-pic/L/lichen-amyloidosis/lichen-amyloidosis26.jpg,httpwwwdermaamincomsiteimagesclinicalpicLlichenamyloidosislichenamyloidosis26jpg.jpg
9a9d047b49d23c37f85e5a34b72eb539,5,5,scleroderma,inflammatory,non-neoplastic,,https://www.dermaamin.com/site/images/clinical-pic/L/linear-scleroderma/linear-scleroderma3.jpg,httpwwwdermaamincomsiteimagesclinicalpicLlinearsclerodermalinearscleroderma3jpg.jpg
5064dcda8586eb8f2548b1bfce9de3c2,5,5,squamous cell carcinoma,malignant epidermal,malignant,,https://www.dermaamin.com/site/images/clinical-pic/s/squamous-cell-carcinoma/squamous-cell-carcinoma4.jpg,httpwwwdermaamincomsiteimagesclinicalpicssquamouscellcarcinomasquamouscellcarcinoma4jpg.jpg
28b844a59167eb62f9917090b24518d0,5,5,pityriasis rosea,inflammatory,non-neoplastic,,https://www.dermaamin.com/site/images/clinical-pic/p/pityriasis_rosea/pityriasis_rosea1.jpg,httpwwwdermaamincomsiteimagesclinicalpicppityriasisroseapityriasisrosea1jpg.jpg
d9f7e81212d3e2bf2776cacaadc1706e,5,5,neurodermatitis,inflammatory,non-neoplastic,,https://www.dermaamin.com/site/images/clinical-pic/n/nickel-dermatitis/nickel-dermatitis8.jpg,httpwwwdermaamincomsiteimagesclinicalpicnnickeldermatitisnickeldermatitis8jpg.jpg
2eaee36fed232154ceef99f844149171,5,5,scleromyxedema,inflammatory,non-neoplastic,,https://www.dermaamin.com/site/images/clinical-pic/s/scleromyxedema/scleromyxedema46.jpg,httpwwwdermaamincomsiteimagesclinicalpicsscleromyxedemascleromyxedema46jpg.jpg
9a049a3ca3f96ae3356d30d1486f7bef,5,5,halo nevus,benign melanocyte,benign,,https://www.dermaamin.com/site/images/clinical-pic/h/halo_naevus/halo_naevus58.jpg,httpwwwdermaamincomsiteimagesclinicalpichhalonaevushalonaevus58jpg.jpg
b56473e096caaa5df2d936d124a8821f,5,5,lupus erythematosus,inflammatory,non-neoplastic,,https://www.dermaamin.com/site/images/clinical-pic/L/lupus_erythematosus/lupus_erythematosus52.jpg,httpwwwdermaamincomsiteimagesclinicalpicLlupuserythematosuslupuserythematosus52jpg.jpg
2cbec7bd5faac8d085ab368b3a359bb8,5,5,lupus erythematosus,inflammatory,non-neoplastic,,https://www.dermaamin.com/site/images/clinical-pic/L/lupus_erythematosus_chronicus_discoides/lupus_erythematosus_chronicus_discoides33.jpg,httpwwwdermaamincomsiteimagesclinicalpicLlupuserythematosuschronicusdiscoideslupuserythematosuschronicusdiscoides33jpg.jpg
2ef98fac5deedd87639abd3a889c8185,5,5,scabies,inflammatory,non-neoplastic,,https://www.dermaamin.com/site/images/clinical-pic/n/norwegian_scabies/norwegian_scabies31.jpg,httpwwwdermaamincomsiteimagesclinicalpicnnorwegianscabiesnorwegianscabies31jpg.jpg
cff1367111b4d485221522cf8d58f50f,5,5,lichen simplex,inflammatory,non-neoplastic,,https://www.dermaamin.com/site/images/clinical-pic/L/lichen_simplex/lichen_simplex18.jpg,httpwwwdermaamincomsiteimagesclinicalpicLlichensimplexlichensimplex18jpg.jpg
62ad6eb8610e09fa55e991ec987a589c,5,5,lichen amyloidosis,inflammatory,non-neoplastic,,https://www.dermaamin.com/site/images/clinical-pic/L/lichen-amyloidosis/lichen-amyloidosis13.jpg,httpwwwdermaamincomsiteimagesclinicalpicLlichenamyloidosislichenamyloidosis13jpg.jpg
68294e8f4f456ad4395c6eb57237f584,5,5,acne,inflammatory,non-neoplastic,,https://www.dermaamin.com/site/images/clinical-pic/c/comedonal_acne/comedonal_acne16.jpg,httpwwwdermaamincomsiteimagesclinicalpicccomedonalacnecomedonalacne16jpg.jpg
2b758f099c785d7caad65a8932958799,5,5,sarcoidosis,inflammatory,non-neoplastic,,https://www.dermaamin.com/site/images/clinical-pic/d/discoid_le/discoid_le69.jpg,httpwwwdermaamincomsiteimagesclinicalpicddiscoidlediscoidle69jpg.jpg
d0e9ac56955419e31091053f44d8d152,5,5,acne vulgaris,inflammatory,non-neoplastic,,https://www.dermaamin.com/site/images/clinical-pic/a/acne_vulgaris/acne_vulgaris71.jpg,httpwwwdermaamincomsiteimagesclinicalpicaacnevulgarisacnevulgaris71jpg.jpg
47e741a7840c2aa33f7c460fdad2fce2,5,5,lichen simplex,inflammatory,non-neoplastic,,,httpwwwdermaamincomsiteimagesclinicalpicLLichensimplexchronicusLichensimplexchronicus1jpg.jpg
9419e8f752e60a6006274a6b923a940a,5,5,psoriasis,inflammatory,non-neoplastic,,https://www.dermaamin.com/site/images/clinical-pic/p/psoriasis-palms-soles/psoriasis-palms-soles7.jpg,httpwwwdermaamincomsiteimagesclinicalpicppsoriasispalmssolespsoriasispalmssoles7jpg.jpg
59237ce8111557f76f39ccc694700b0b,5,5,keloid,inflammatory,non-neoplastic,,https://www.dermaamin.com/site/images/clinical-pic/k/kekoid/kekoid74.jpg,httpwwwdermaamincomsiteimagesclinicalpickkekoidkekoid74jpg.jpg
fab764282b4857b17cb4523d6654c044,5,5,xanthomas,inflammatory,non-neoplastic,,https://www.dermaamin.com/site/images/clinical-pic/a/anthrax/anthrax4.jpg,httpwwwdermaamincomsiteimagesclinicalpicaanthraxanthrax4jpg.jpg
0815fc7f553fe08eb69fcb500ea59e7d,5,5,urticaria pigmentosa,inflammatory,non-neoplastic,,https://www.dermaamin.com/site/images/clinical-pic/u/urticaria-pigmentosa/urticaria-pigmentosa78.jpg,httpwwwdermaamincomsiteimagesclinicalpicuurticariapigmentosaurticariapigmentosa78jpg.jpg
02ed1fe854a56d849df319748d24c103,5,5,drug induced pigmentary changes,inflammatory,non-neoplastic,,https://www.dermaamin.com/site/images/clinical-pic/n/nevoid_hyperpigmentation/nevoid_hyperpigmentation2.jpg,httpwwwdermaamincomsiteimagesclinicalpicnnevoidhyperpigmentationnevoidhyperpigmentation2jpg.jpg
0672e96961fb5fd87e36c6d4c1df47f6,5,5,sarcoidosis,inflammatory,non-neoplastic,,https://www.dermaamin.com/site/images/clinical-pic/s/sarcoidosis/sarcoidosis30.jpg,httpwwwdermaamincomsiteimagesclinicalpicssarcoidosissarcoidosis30jpg.jpg
2b81a63f6bd2057bdebdc62de6982e55,5,5,pityriasis rosea,inflammatory,non-neoplastic,,https://www.dermaamin.com/site/images/clinical-pic/p/pityriasis_rosea/pityriasis_rosea57.jpg,httpwwwdermaamincomsiteimagesclinicalpicppityriasisroseapityriasisrosea57jpg.jpg
5fed355bf24f3eb13a84866fc33a2ee0,5,5,lichen simplex,inflammatory,non-neoplastic,,https://www.dermaamin.com/site/images/clinical-pic/L/lichen_simplex/lichen_simplex8.jpg,httpwwwdermaamincomsiteimagesclinicalpicLlichensimplexlichensimplex8jpg.jpg
d8fcac017e16ca08b5e776cd2c2ed155,5,5,neurofibromatosis,genodermatoses,non-neoplastic,,https://www.dermaamin.com/site/images/clinical-pic/n/neurofibromatosis-von-reckling-hausen-syndrome/neurofibromatosis-von-reckling-hausen-syndrome70.jpg,httpwwwdermaamincomsiteimagesclinicalpicnneurofibromatosisvonrecklinghausensyndromeneurofibromatosisvonrecklinghausensyndrome70jpg.jpg
29567f83828d5415430940d5ffaea100,5,5,scleroderma,inflammatory,non-neoplastic,,https://www.dermaamin.com/site/images/clinical-pic/s/scleredema/scleredema3.jpg,httpwwwdermaamincomsiteimagesclinicalpicsscleredemascleredema3jpg.jpg
6d7a59fef11d0434857694772f067d89,5,5,nematode infection,inflammatory,non-neoplastic,,https://www.dermaamin.com/site/images/clinical-pic/L/larva-migrans/larva-migrans44.jpg,httpwwwdermaamincomsiteimagesclinicalpicLlarvamigranslarvamigrans44jpg.jpg
55da204d10b6db4127a8730bfeca2fac,5,5,syringoma,benign dermal,benign,,https://www.dermaamin.com/site/images/clinical-pic/s/syringoma/syringoma39.jpg,httpwwwdermaamincomsiteimagesclinicalpicssyringomasyringoma39jpg.jpg
c1aa9e910dac1de26610e9abc6390f83,5,5,pustular psoriasis,inflammatory,non-neoplastic,,https://www.dermaamin.com/site/images/clinical-pic/p/pustular_psoriasis/pustular_psoriasis22.jpg,httpwwwdermaamincomsiteimagesclinicalpicppustularpsoriasispustularpsoriasis22jpg.jpg
8da1b093fcc3577cbb8fc91132883fa1,5,5,scabies,inflammatory,non-neoplastic,,https://www.dermaamin.com/site/images/clinical-pic/s/scabies/scabies48.jpg,httpwwwdermaamincomsiteimagesclinicalpicsscabiesscabies48jpg.jpg
e38aeec7675ff1557657985a0626519d,5,5,eczema,inflammatory,non-neoplastic,,https://www.dermaamin.com/site/images/clinical-pic/e/eczema_atopic/eczema_atopic9.jpg,httpwwwdermaamincomsiteimagesclinicalpiceeczemaatopiceczemaatopic9jpg.jpg
e9c0fe1ae01c661834804f835003f1cb,5,5,keloid,inflammatory,non-neoplastic,,https://www.dermaamin.com/site/images/clinical-pic/c/cheloide/cheloide5.jpg,httpwwwdermaamincomsiteimagesclinicalpicccheloidecheloide5jpg.jpg
aebccd9180d98d21cc761d28ff722d76,5,5,ehlers danlos syndrome,genodermatoses,non-neoplastic,,https://www.dermaamin.com/site/images/clinical-pic/e/ehlers_danlos_syndrome/ehlers_danlos_syndrome72.jpg,httpwwwdermaamincomsiteimagesclinicalpiceehlersdanlossyndromeehlersdanlossyndrome72jpg.jpg
9939b401b3456a746a2a6f9038eb860a,5,5,telangiectases,benign dermal,benign,,https://www.dermaamin.com/site/images/clinical-pic/b/bloom_syndrome/bloom_syndrome13.jpg,httpwwwdermaamincomsiteimagesclinicalpicbbloomsyndromebloomsyndrome13jpg.jpg
efa58e28c5709f5c69fa42b67dbbfb26,5,5,eczema,inflammatory,non-neoplastic,,https://www.dermaamin.com/site/images/clinical-pic/h/hand_eczema/hand_eczema2.jpg,httpwwwdermaamincomsiteimagesclinicalpichhandeczemahandeczema2jpg.jpg
e4086751116986ac820ee04bfd7240af,5,5,lichen amyloidosis,inflammatory,non-neoplastic,,https://www.dermaamin.com/site/images/clinical-pic/L/lichen-amyloidosis/lichen-amyloidosis12.jpg,httpwwwdermaamincomsiteimagesclinicalpicLlichenamyloidosislichenamyloidosis12jpg.jpg
1f9fe1370af69d7a3b059a99988ea84b,5,5,lymphangioma,benign dermal,benign,,https://www.dermaamin.com/site/images/clinical-pic/L/lymphangioma/lymphangioma23.jpg,httpwwwdermaamincomsiteimagesclinicalpicLlymphangiomalymphangioma23jpg.jpg
9db1a3901fa1c3e59dc2feefb29cc3bd,5,5,keloid,inflammatory,non-neoplastic,,https://www.dermaamin.com/site/images/clinical-pic/k/kekoid/kekoid82.jpg,httpwwwdermaamincomsiteimagesclinicalpickkekoidkekoid82jpg.jpg
69fe7fbf43d9db8f3d67ad47d83ecadf,5,5,sarcoidosis,inflammatory,non-neoplastic,,https://www.dermaamin.com/site/images/clinical-pic/s/sarcoidosis/sarcoidosis16.jpg,httpwwwdermaamincomsiteimagesclinicalpicssarcoidosissarcoidosis16jpg.jpg
89a3cd4bb9ceae04b10e410dd9567f9e,5,5,drug eruption,inflammatory,non-neoplastic,,https://www.dermaamin.com/site/images/clinical-pic/d/drug_eruption/drug_eruption123.jpg,httpwwwdermaamincomsiteimagesclinicalpicddrugeruptiondrugeruption123jpg.jpg
3ffc8c89fb4c454f1078b3547aa0ffb1,5,5,dermatomyositis,inflammatory,non-neoplastic,,https://www.dermaamin.com/site/images/clinical-pic/d/dermatomyositis/dermatomyositis112.jpg,httpwwwdermaamincomsiteimagesclinicalpicddermatomyositisdermatomyositis112jpg.jpg
ad012e3c2f1f5585e2bb59181e395e03,5,5,scabies,inflammatory,non-neoplastic,,https://www.dermaamin.com/site/images/clinical-pic/n/norwegian_scabies/norwegian_scabies9.jpg,httpwwwdermaamincomsiteimagesclinicalpicnnorwegianscabiesnorwegianscabies9jpg.jpg
af142e6806d7bb05ad0b8885fb76f0ed,5,5,naevus comedonicus,benign epidermal,benign,,https://www.dermaamin.com/site/images/clinical-pic/n/naevus_comedonicus/naevus_comedonicus28.jpg,httpwwwdermaamincomsiteimagesclinicalpicnnaevuscomedonicusnaevuscomedonicus28jpg.jpg
e36a4c4eec75df99bd208175e4279e50,5,5,squamous cell carcinoma,malignant epidermal,malignant,,https://www.dermaamin.com/site/images/clinical-pic/c/carcinome_spinocellulaire/carcinome_spinocellulaire13.jpg,httpwwwdermaamincomsiteimagesclinicalpicccarcinomespinocellulairecarcinomespinocellulaire13jpg.jpg
877b6162f0d05e3c66699b14c5fb0610,5,5,behcets disease,inflammatory,non-neoplastic,,https://www.dermaamin.com/site/images/clinical-pic/b/buerger_disease/buerger_disease2.jpg,httpwwwdermaamincomsiteimagesclinicalpicbbuergerdiseasebuergerdisease2jpg.jpg
3d100981f246bfa5476005c16617494d,5,5,lichen simplex,inflammatory,non-neoplastic,,https://www.dermaamin.com/site/images/clinical-pic/c/chicken_pox/chicken_pox2.jpg,httpwwwdermaamincomsiteimagesclinicalpiccchickenpoxchickenpox2jpg.jpg
7f20f29bb997cf5e7bfec6c75c47f9a9,5,5,scleroderma,inflammatory,non-neoplastic,,https://www.dermaamin.com/site/images/clinical-pic/s/scleredema/scleredema24.jpg,httpwwwdermaamincomsiteimagesclinicalpicsscleredemascleredema24jpg.jpg
f68e79c47a6d0cee1f7e3e00768bf6d0,5,5,sarcoidosis,inflammatory,non-neoplastic,,https://www.dermaamin.com/site/images/clinical-pic/s/sarcoidosis/sarcoidosis103.jpg,httpwwwdermaamincomsiteimagesclinicalpicssarcoidosissarcoidosis103jpg.jpg
44813e1ba162b2e5a2b80a5c0dc0983d,5,5,mucous cyst,benign dermal,benign,,https://www.dermaamin.com/site/images/clinical-pic/m/mucocele/mucocele19.jpg,httpwwwdermaamincomsiteimagesclinicalpicmmucocelemucocele19jpg.jpg
c6b6a33b41369a1a2fb10130d6e581a4,5,5,pityriasis rosea,inflammatory,non-neoplastic,,https://www.dermaamin.com/site/images/clinical-pic/p/pityriasis_rosea/pityriasis_rosea29.jpg,httpwwwdermaamincomsiteimagesclinicalpicppityriasisroseapityriasisrosea29jpg.jpg
05f6491ed95f95d0685b8f9b08a1d2e3,5,5,allergic contact dermatitis,inflammatory,non-neoplastic,,https://www.dermaamin.com/site/images/clinical-pic/c/contact_dermatitis/contact_dermatitis62.jpg,httpwwwdermaamincomsiteimagesclinicalpicccontactdermatitiscontactdermatitis62jpg.jpg
919c5a416f0cfaaf2da1727eda873ef3,5,5,mucinosis,inflammatory,non-neoplastic,,https://www.dermaamin.com/site/images/clinical-pic/f/follicular-mucinosis/follicular-mucinosis28.jpg,httpwwwdermaamincomsiteimagesclinicalpicffollicularmucinosisfollicularmucinosis28jpg.jpg
78e1d4191580200954e92b2e49cdce53,5,5,vitiligo,inflammatory,non-neoplastic,,https://www.dermaamin.com/site/images/clinical-pic/v/vitiligo/vitiligo46.jpg,httpwwwdermaamincomsiteimagesclinicalpicvvitiligovitiligo46jpg.jpg
834190d571d0acbd3f4d2ecf2a1c1211,5,5,vitiligo,inflammatory,non-neoplastic,,https://www.dermaamin.com/site/images/clinical-pic/v/vitiligo/vitiligo82.jpg,httpwwwdermaamincomsiteimagesclinicalpicvvitiligovitiligo82jpg.jpg
53320a2cc3e6c7188e040136a9dd6efb,5,5,eczema,inflammatory,non-neoplastic,,https://www.dermaamin.com/site/images/clinical-pic/e/eczema_dyshidrosis/eczema_dyshidrosis1.jpg,httpwwwdermaamincomsiteimagesclinicalpiceeczemadyshidrosiseczemadyshidrosis1jpg.jpg
57d9b682b7d102bb3c03382ec2166f64,5,5,photodermatoses,inflammatory,non-neoplastic,,https://www.dermaamin.com/site/images/clinical-pic/p/photoallergiccontact-dermatitis/photoallergiccontact-dermatitis7.jpg,httpwwwdermaamincomsiteimagesclinicalpicpphotoallergiccontactdermatitisphotoallergiccontactdermatitis7jpg.jpg
e40a7afeeb13297d03ea4b996d60190d,5,5,aplasia cutis,inflammatory,non-neoplastic,,https://www.dermaamin.com/site/images/clinical-pic/a/aplasia_cutis_congenita_circumscripta/aplasia_cutis_congenita_circumscripta7.jpg,httpwwwdermaamincomsiteimagesclinicalpicaaplasiacutiscongenitacircumscriptaaplasiacutiscongenitacircumscripta7jpg.jpg
02b13fc1158bdb2c18c5cacc24cbfb3d,5,5,lichen planus,inflammatory,non-neoplastic,,https://www.dermaamin.com/site/images/clinical-pic/e/eruptive_lichen_planus/eruptive_lichen_planus7.jpg,httpwwwdermaamincomsiteimagesclinicalpiceeruptivelichenplanuseruptivelichenplanus7jpg.jpg
1e7821b3692bc364a566152c7cb84507,5,5,acne,inflammatory,non-neoplastic,,https://www.dermaamin.com/site/images/clinical-pic/a/acne_aggravated_by_steroids/acne_aggravated_by_steroids6.jpg,httpwwwdermaamincomsiteimagesclinicalpicaacneaggravatedbysteroidsacneaggravatedbysteroids6jpg.jpg
189bbeba8e94e9b425309e4e89022242,5,5,pityriasis rosea,inflammatory,non-neoplastic,,https://www.dermaamin.com/site/images/clinical-pic/p/pityriasis_rosea/pityriasis_rosea32.jpg,httpwwwdermaamincomsiteimagesclinicalpicppityriasisroseapityriasisrosea32jpg.jpg
03989051885145a30c92b50ce593b78f,5,5,photodermatoses,inflammatory,non-neoplastic,,https://www.dermaamin.com/site/images/clinical-pic/d/drug_eruption_photosensitivity/drug_eruption_photosensitivity10.jpg,httpwwwdermaamincomsiteimagesclinicalpicddrugeruptionphotosensitivitydrugeruptionphotosensitivity10jpg.jpg
14e89dbb46afb4cc02e4bb3e2aaaa735,5,5,sarcoidosis,inflammatory,non-neoplastic,,https://www.dermaamin.com/site/images/clinical-pic/s/sarcoidosis/sarcoidosis35.jpg,httpwwwdermaamincomsiteimagesclinicalpicssarcoidosissarcoidosis35jpg.jpg
fe47eb588cd3ca8886dbc64dd8b1b2f8,5,5,pityriasis rubra pilaris,inflammatory,non-neoplastic,,https://www.dermaamin.com/site/images/clinical-pic/p/pityriasis_rubra_pilaris/pityriasis_rubra_pilaris55.jpg,httpwwwdermaamincomsiteimagesclinicalpicppityriasisrubrapilarispityriasisrubrapilaris55jpg.jpg
b7969c6c59a5783c9d2284e45dfc2c74,5,5,epidermolysis bullosa,genodermatoses,non-neoplastic,,https://www.dermaamin.com/site/images/clinical-pic/e/epidermolysis_bullosa_simplex/epidermolysis_bullosa_simplex12.jpg,httpwwwdermaamincomsiteimagesclinicalpiceepidermolysisbullosasimplexepidermolysisbullosasimplex12jpg.jpg
555c8604cf5de94c635c05859b3dfedb,5,5,pityriasis rosea,inflammatory,non-neoplastic,,https://www.dermaamin.com/site/images/clinical-pic/p/pityriasis_rosea/pityriasis_rosea11.jpg,httpwwwdermaamincomsiteimagesclinicalpicppityriasisroseapityriasisrosea11jpg.jpg
7bd45e78e16e48cfe72732eb534be5f5,5,5,pityriasis rosea,inflammatory,non-neoplastic,,https://www.dermaamin.com/site/images/clinical-pic/p/pityriasis_rosea/pityriasis_rosea59.jpg,httpwwwdermaamincomsiteimagesclinicalpicppityriasisroseapityriasisrosea59jpg.jpg
7edf479ea7058b405395c9985d80cd61,5,5,scabies,inflammatory,non-neoplastic,,https://www.dermaamin.com/site/images/clinical-pic/a/abcess/abcess9.jpg,httpwwwdermaamincomsiteimagesclinicalpicaabcessabcess9jpg.jpg
5e6334ee012ad04289ba543d6d2e9b44,5,5,xanthomas,inflammatory,non-neoplastic,,https://www.dermaamin.com/site/images/clinical-pic/X/xanthomas/xanthomas7.jpg,httpwwwdermaamincomsiteimagesclinicalpicXxanthomasxanthomas7jpg.jpg
6bd95cb233f1f07e73f051e19a60ba74,5,5,ehlers danlos syndrome,genodermatoses,non-neoplastic,,https://www.dermaamin.com/site/images/clinical-pic/e/ehlers_danlos_syndrome/ehlers_danlos_syndrome67.jpg,httpwwwdermaamincomsiteimagesclinicalpiceehlersdanlossyndromeehlersdanlossyndrome67jpg.jpg
c6312fc7070eb080751aed7a59164806,5,5,lupus erythematosus,inflammatory,non-neoplastic,,https://www.dermaamin.com/site/images/clinical-pic/L/lupus_erythematosus_chronicus_verrucous/lupus_erythematosus_chronicus_verrucous3.jpg,httpwwwdermaamincomsiteimagesclinicalpicLlupuserythematosuschronicusverrucouslupuserythematosuschronicusverrucous3jpg.jpg
904e75092659149d54232660eb503188,5,5,dermatomyositis,inflammatory,non-neoplastic,,https://www.dermaamin.com/site/images/clinical-pic/d/dermatomyositis/dermatomyositis137.jpg,httpwwwdermaamincomsiteimagesclinicalpicddermatomyositisdermatomyositis137jpg.jpg
a8a0f353df1bc94af25b20b4321cc4bd,5,5,langerhans cell histiocytosis,inflammatory,non-neoplastic,,https://www.dermaamin.com/site/images/clinical-pic/n/non_langerhans_cell_histiocytosis/non_langerhans_cell_histiocytosis2.jpg,httpwwwdermaamincomsiteimagesclinicalpicnnonlangerhanscellhistiocytosisnonlangerhanscellhistiocytosis2jpg.jpg
a4a5c506b0e62c6ab99bdbf648936110,5,5,lupus erythematosus,inflammatory,non-neoplastic,,https://www.dermaamin.com/site/images/clinical-pic/L/lupus_erythematosus_chronicus_verrucous/lupus_erythematosus_chronicus_verrucous6.jpg,httpwwwdermaamincomsiteimagesclinicalpicLlupuserythematosuschronicusverrucouslupuserythematosuschronicusverrucous6jpg.jpg
96eee411fec6470d9858feee9b11d3f6,5,5,neurofibromatosis,genodermatoses,non-neoplastic,,https://www.dermaamin.com/site/images/clinical-pic/n/neurofibromatosis-von-reckling-hausen-syndrome/neurofibromatosis-von-reckling-hausen-syndrome68.jpg,httpwwwdermaamincomsiteimagesclinicalpicnneurofibromatosisvonrecklinghausensyndromeneurofibromatosisvonrecklinghausensyndrome68jpg.jpg
f3f52a4299c36393389378ad3cd32c80,5,5,sun damaged skin,inflammatory,non-neoplastic,,https://www.dermaamin.com/site/images/clinical-pic/h/hodgkin/hodgkin1.jpg,httpwwwdermaamincomsiteimagesclinicalpichhodgkinhodgkin1jpg.jpg
8e2cbe152e6dcb1ca87fb93ecf2686a1,5,5,ichthyosis vulgaris,genodermatoses,non-neoplastic,,https://www.dermaamin.com/site/images/clinical-pic/I/ichthyosis_vulgaris/ichthyosis_vulgaris52.jpg,httpwwwdermaamincomsiteimagesclinicalpicIichthyosisvulgarisichthyosisvulgaris52jpg.jpg
6c8d49da818d7d371fa24cdf0396bb6b,5,5,fixed eruptions,inflammatory,non-neoplastic,,https://www.dermaamin.com/site/images/clinical-pic/f/fixed_drug_eruption/fixed_drug_eruption37.jpg,httpwwwdermaamincomsiteimagesclinicalpicffixeddrugeruptionfixeddrugeruption37jpg.jpg
d8b3dc2a65b4cec451a05d16dba218a1,5,5,naevus comedonicus,benign epidermal,benign,,https://www.dermaamin.com/site/images/clinical-pic/n/naevus-congenital/naevus-congenital17.jpg,httpwwwdermaamincomsiteimagesclinicalpicnnaevuscongenitalnaevuscongenital17jpg.jpg
f881a387ae9760f0d92643d3cfd46448,5,5,neutrophilic dermatoses,inflammatory,non-neoplastic,,https://www.dermaamin.com/site/images/clinical-pic/p/pyoderma-gangrenosum/pyoderma-gangrenosum2.jpg,httpwwwdermaamincomsiteimagesclinicalpicppyodermagangrenosumpyodermagangrenosum2jpg.jpg
0eefba06510c0b16e8a9076897f72013,5,5,keloid,inflammatory,non-neoplastic,,https://www.dermaamin.com/site/images/clinical-pic/k/kekoid/kekoid78.jpg,httpwwwdermaamincomsiteimagesclinicalpickkekoidkekoid78jpg.jpg
fbf024bdbff23ab47c1106a0aa3b86a4,5,5,sarcoidosis,inflammatory,non-neoplastic,,https://www.dermaamin.com/site/images/clinical-pic/d/discoid_le/discoid_le95.jpg,httpwwwdermaamincomsiteimagesclinicalpicddiscoidlediscoidle95jpg.jpg
99fdcefad0efaaf7bbfcc88cd8a5e989,5,5,psoriasis,inflammatory,non-neoplastic,,https://www.dermaamin.com/site/images/clinical-pic/p/psoriasis_nail/psoriasis_nail74.jpg,httpwwwdermaamincomsiteimagesclinicalpicppsoriasisnailpsoriasisnail74jpg.jpg
7b970ec4e40dd8fe20c56597c07ea33c,5,5,scabies,inflammatory,non-neoplastic,,https://www.dermaamin.com/site/images/clinical-pic/n/norwegian_scabies/norwegian_scabies1.jpg,httpwwwdermaamincomsiteimagesclinicalpicnnorwegianscabiesnorwegianscabies1jpg.jpg
e020308630c7f4286f0514031b4caa31,5,5,pyogenic granuloma,benign dermal,benign,,https://www.dermaamin.com/site/images/clinical-pic/p/pyogenic-granuloma/pyogenic-granuloma4.jpg,httpwwwdermaamincomsiteimagesclinicalpicppyogenicgranulomapyogenicgranuloma4jpg.jpg
1ac2010d3ea57b780a9be12e2304516a,5,5,vitiligo,inflammatory,non-neoplastic,,https://www.dermaamin.com/site/images/clinical-pic/v/vitiligo/vitiligo87.jpg,httpwwwdermaamincomsiteimagesclinicalpicvvitiligovitiligo87jpg.jpg
f306295e054b26c82b122ad4c867f227,5,5,folliculitis,inflammatory,non-neoplastic,,https://www.dermaamin.com/site/images/clinical-pic/e/eosinophilic_pustula_folliculitis/eosinophilic_pustula_folliculitis7.jpg,httpwwwdermaamincomsiteimagesclinicalpiceeosinophilicpustulafolliculitiseosinophilicpustulafolliculitis7jpg.jpg
295a1680045f9a7c63e724b89851b3c8,5,5,hailey hailey disease,genodermatoses,non-neoplastic,,https://www.dermaamin.com/site/images/clinical-pic/h/hailey_hailey_disease/hailey_hailey_disease6.jpg,httpwwwdermaamincomsiteimagesclinicalpichhaileyhaileydiseasehaileyhaileydisease6jpg.jpg
4c8bbc73744aa7721d0580bc78af9f8b,5,5,drug induced pigmentary changes,inflammatory,non-neoplastic,,https://www.dermaamin.com/site/images/clinical-pic/r/rudimentary_polydactyly/rudimentary_polydactyly2.jpg,httpwwwdermaamincomsiteimagesclinicalpicrrudimentarypolydactylyrudimentarypolydactyly2jpg.jpg
96f4448b9ad11dd36c6b36c69eaca106,5,5,neurofibromatosis,genodermatoses,non-neoplastic,,https://www.dermaamin.com/site/images/clinical-pic/n/neurofibromatosis-von-reckling-hausen-syndrome/neurofibromatosis-von-reckling-hausen-syndrome66.jpg,httpwwwdermaamincomsiteimagesclinicalpicnneurofibromatosisvonrecklinghausensyndromeneurofibromatosisvonrecklinghausensyndrome66jpg.jpg
9931bf6425c9fddaaf127d97034494bf,5,5,ichthyosis vulgaris,genodermatoses,non-neoplastic,,https://www.dermaamin.com/site/images/clinical-pic/I/ichthyosis_vulgaris/ichthyosis_vulgaris8.jpg,httpwwwdermaamincomsiteimagesclinicalpicIichthyosisvulgarisichthyosisvulgaris8jpg.jpg
066aaea4f31e5b2890ceeb9ce069611a,5,5,scleromyxedema,inflammatory,non-neoplastic,,https://www.dermaamin.com/site/images/clinical-pic/s/scleromyxedema/scleromyxedema45.jpg,httpwwwdermaamincomsiteimagesclinicalpicsscleromyxedemascleromyxedema45jpg.jpg
d756d0aafe97e106db63137967caae6d,5,5,nematode infection,inflammatory,non-neoplastic,,https://www.dermaamin.com/site/images/clinical-pic/L/larva-migrans/larva-migrans18.jpg,httpwwwdermaamincomsiteimagesclinicalpicLlarvamigranslarvamigrans18jpg.jpg
daada25411671a4e1f6e4d5d34c8b1d3,5,5,lupus erythematosus,inflammatory,non-neoplastic,,https://www.dermaamin.com/site/images/clinical-pic/L/lupus_erythematosus_chronicus_discoides/lupus_erythematosus_chronicus_discoides31.jpg,httpwwwdermaamincomsiteimagesclinicalpicLlupuserythematosuschronicusdiscoideslupuserythematosuschronicusdiscoides31jpg.jpg
0b0ca691278123643ced06ecbdb020e5,5,5,ehlers danlos syndrome,genodermatoses,non-neoplastic,,https://www.dermaamin.com/site/images/clinical-pic/e/ehlers_danlos_syndrome/ehlers_danlos_syndrome74.jpg,httpwwwdermaamincomsiteimagesclinicalpiceehlersdanlossyndromeehlersdanlossyndrome74jpg.jpg
24d7c916554b7cfe40998e28fb815411,5,5,dermatomyositis,inflammatory,non-neoplastic,,https://www.dermaamin.com/site/images/clinical-pic/d/dermatomyositis/dermatomyositis69.jpg,httpwwwdermaamincomsiteimagesclinicalpicddermatomyositisdermatomyositis69jpg.jpg
16bced8bb18b17e0e769a7c46234a40c,5,5,lichen planus,inflammatory,non-neoplastic,,https://www.dermaamin.com/site/images/clinical-pic/e/eruptive_lichen_planus/eruptive_lichen_planus5.jpg,httpwwwdermaamincomsiteimagesclinicalpiceeruptivelichenplanuseruptivelichenplanus5jpg.jpg
5e8c341921c15c83d9f93a3eb47ec26c,5,5,lupus erythematosus,inflammatory,non-neoplastic,,https://www.dermaamin.com/site/images/clinical-pic/L/lupus_erythematosus_chronicus_discoides/lupus_erythematosus_chronicus_discoides36.jpg,httpwwwdermaamincomsiteimagesclinicalpicLlupuserythematosuschronicusdiscoideslupuserythematosuschronicusdiscoides36jpg.jpg
960ec5b8dbaee4b00e047b9146dca867,5,5,erythema elevatum diutinum,inflammatory,non-neoplastic,,https://www.dermaamin.com/site/images/clinical-pic/e/erythema_elevatum_diutinum/erythema_elevatum_diutinum32.jpg,httpwwwdermaamincomsiteimagesclinicalpiceerythemaelevatumdiutinumerythemaelevatumdiutinum32jpg.jpg
203665c1edc08215c3d2d4be5a4e51e6,5,5,lichen planus,inflammatory,non-neoplastic,,https://www.dermaamin.com/site/images/clinical-pic/L/lichen_planus_actinic/lichen_planus_actinic32.jpg,httpwwwdermaamincomsiteimagesclinicalpicLlichenplanusactiniclichenplanusactinic32jpg.jpg
8c2efae7cd3aa77ad9947b65448d2cde,5,5,prurigo nodularis,benign epidermal,benign,,https://www.dermaamin.com/site/images/clinical-pic/p/prurigo_nodularis/prurigo_nodularis24.jpg,httpwwwdermaamincomsiteimagesclinicalpicpprurigonodularisprurigonodularis24jpg.jpg
058c2bc3eae539efd707aae0016d4708,5,5,lupus erythematosus,inflammatory,non-neoplastic,,https://www.dermaamin.com/site/images/clinical-pic/s/subacute-cutaneous-lupus-erythematosus/subacute-cutaneous-lupus-erythematosus66.jpg,httpwwwdermaamincomsiteimagesclinicalpicssubacutecutaneouslupuserythematosussubacutecutaneouslupuserythematosus66jpg.jpg
3fc76ed6d86876b358f8ff792b888be7,5,5,ichthyosis vulgaris,genodermatoses,non-neoplastic,,https://www.dermaamin.com/site/images/clinical-pic/I/ichthyosis_vulgaris/ichthyosis_vulgaris19.jpg,httpwwwdermaamincomsiteimagesclinicalpicIichthyosisvulgarisichthyosisvulgaris19jpg.jpg
c6e89b36d3e2d5f97c4298037d1bde13,5,5,telangiectases,benign dermal,benign,,https://www.dermaamin.com/site/images/clinical-pic/b/blueberry_muffin_syndrome/blueberry_muffin_syndrome3.jpg,httpwwwdermaamincomsiteimagesclinicalpicbblueberrymuffinsyndromeblueberrymuffinsyndrome3jpg.jpg
8a8b8680d7a72d848d080961923d8083,5,5,naevus comedonicus,benign epidermal,benign,,https://www.dermaamin.com/site/images/clinical-pic/n/naevus_comedonicus/naevus_comedonicus23.jpg,httpwwwdermaamincomsiteimagesclinicalpicnnaevuscomedonicusnaevuscomedonicus23jpg.jpg
a25020ca87984d5b92101d13796cbb0f,5,5,scabies,inflammatory,non-neoplastic,,https://www.dermaamin.com/site/images/clinical-pic/s/scabies/scabies64.jpg,httpwwwdermaamincomsiteimagesclinicalpicsscabiesscabies64jpg.jpg
2f0acd4b95d412c2a6ab86cb3c2788f2,5,5,folliculitis,inflammatory,non-neoplastic,,https://www.dermaamin.com/site/images/clinical-pic/p/perifolliculitis/perifolliculitis4.jpg,httpwwwdermaamincomsiteimagesclinicalpicpperifolliculitisperifolliculitis4jpg.jpg
0a29dec8e46eedc054b152cdb2aab360,5,5,syringoma,benign dermal,benign,,https://www.dermaamin.com/site/images/clinical-pic/s/syringoma/syringoma36.jpg,httpwwwdermaamincomsiteimagesclinicalpicssyringomasyringoma36jpg.jpg
6783ebf33d6994ac3b8426c83c37e34f,5,5,mucous cyst,benign dermal,benign,,https://www.dermaamin.com/site/images/clinical-pic/d/digital_mucous_cyst/digital_mucous_cyst6.jpg,httpwwwdermaamincomsiteimagesclinicalpicddigitalmucouscystdigitalmucouscyst6jpg.jpg
8f6f237c29904b1af30ff40cce46bb1b,5,5,hailey hailey disease,genodermatoses,non-neoplastic,,https://www.dermaamin.com/site/images/clinical-pic/h/hailey_hailey_disease/hailey_hailey_disease8.jpg,httpwwwdermaamincomsiteimagesclinicalpichhaileyhaileydiseasehaileyhaileydisease8jpg.jpg
9a858678c1ca45048fea968916a3a0f4,5,5,epidermolysis bullosa,genodermatoses,non-neoplastic,,https://www.dermaamin.com/site/images/clinical-pic/e/epidermolysis_bullosa/epidermolysis_bullosa1.jpg,httpwwwdermaamincomsiteimagesclinicalpiceepidermolysisbullosaepidermolysisbullosa1jpg.jpg
ffc8bde9b963fc8d4462db4e37906132,5,5,lupus erythematosus,inflammatory,non-neoplastic,,https://www.dermaamin.com/site/images/clinical-pic/L/lupus_erythematosus_chronicus_discoides/lupus_erythematosus_chronicus_discoides32.jpg,httpwwwdermaamincomsiteimagesclinicalpicLlupuserythematosuschronicusdiscoideslupuserythematosuschronicusdiscoides32jpg.jpg
8ba5189cc891891e6f1b4d5f4f9bc1e1,5,5,dermatofibroma,benign dermal,benign,,https://www.dermaamin.com/site/images/clinical-pic/d/dermatofibroma/dermatofibroma61.jpg,httpwwwdermaamincomsiteimagesclinicalpicddermatofibromadermatofibroma61jpg.jpg
3f10d926c8933b10acf303a816807059,5,5,nematode infection,inflammatory,non-neoplastic,,https://www.dermaamin.com/site/images/clinical-pic/L/larva-migrans/larva-migrans85.jpg,httpwwwdermaamincomsiteimagesclinicalpicLlarvamigranslarvamigrans85jpg.jpg
078664ad9235e745d826d01355309cac,5,5,pityriasis rubra pilaris,inflammatory,non-neoplastic,,https://www.dermaamin.com/site/images/clinical-pic/p/pityriasis_rubra_pilaris/pityriasis_rubra_pilaris21.jpg,httpwwwdermaamincomsiteimagesclinicalpicppityriasisrubrapilarispityriasisrubrapilaris21jpg.jpg
5787cb65ea3f75a1fc8e1b05631a3315,5,5,psoriasis,inflammatory,non-neoplastic,,https://www.dermaamin.com/site/images/clinical-pic/p/psoriasis/psoriasis94.jpg,httpwwwdermaamincomsiteimagesclinicalpicppsoriasispsoriasis94jpg.jpg
042689e738239f2e84038c8d7845f637,5,5,lupus erythematosus,inflammatory,non-neoplastic,,https://www.dermaamin.com/site/images/clinical-pic/s/subacute-cutaneous-lupus-erythematosus/subacute-cutaneous-lupus-erythematosus73.jpg,httpwwwdermaamincomsiteimagesclinicalpicssubacutecutaneouslupuserythematosussubacutecutaneouslupuserythematosus73jpg.jpg
a5d24fdf40576cfdea97d809deae0156,5,5,scabies,inflammatory,non-neoplastic,,https://www.dermaamin.com/site/images/clinical-pic/n/norwegian_scabies/norwegian_scabies20.jpg,httpwwwdermaamincomsiteimagesclinicalpicnnorwegianscabiesnorwegianscabies20jpg.jpg
87f4abad100c08ab409b9050b1b0e691,5,5,vitiligo,inflammatory,non-neoplastic,,https://www.dermaamin.com/site/images/clinical-pic/v/vitiligo/vitiligo63.jpg,httpwwwdermaamincomsiteimagesclinicalpicvvitiligovitiligo63jpg.jpg
a852433b45a05261e7d85043c401dfcc,5,5,seborrheic keratosis,benign epidermal,benign,,https://www.dermaamin.com/site/images/clinical-pic/s/seborrheic-keratoses/seborrheic-keratoses55.jpg,httpwwwdermaamincomsiteimagesclinicalpicsseborrheickeratosesseborrheickeratoses55jpg.jpg
44112aa31b9075f3ea05c311695922ff,5,5,epidermolysis bullosa,genodermatoses,non-neoplastic,,https://www.dermaamin.com/site/images/clinical-pic/e/epidermolysis_bullosa/epidermolysis_bullosa7.jpg,httpwwwdermaamincomsiteimagesclinicalpiceepidermolysisbullosaepidermolysisbullosa7jpg.jpg
1027a8869e5313e5ab7e2e2848fdb2e6,5,5,psoriasis,inflammatory,non-neoplastic,,https://www.dermaamin.com/site/images/clinical-pic/p/psoriasis_nail/psoriasis_nail28.jpg,httpwwwdermaamincomsiteimagesclinicalpicppsoriasisnailpsoriasisnail28jpg.jpg
08e991228160baf31d10436c34108f77,5,5,factitial dermatitis,inflammatory,non-neoplastic,,https://www.dermaamin.com/site/images/clinical-pic/f/factitial_dermatitis/factitial_dermatitis25.jpg,httpwwwdermaamincomsiteimagesclinicalpicffactitialdermatitisfactitialdermatitis25jpg.jpg
7a4cc56617637df746aa8f3bd2f66238,5,5,acne vulgaris,inflammatory,non-neoplastic,,https://www.dermaamin.com/site/images/clinical-pic/a/acne_vulgaris/acne_vulgaris80.jpg,httpwwwdermaamincomsiteimagesclinicalpicaacnevulgarisacnevulgaris80jpg.jpg
3fbe70e536d08d96514ce43e1e496a46,5,5,actinic keratosis,malignant epidermal,malignant,,https://www.dermaamin.com/site/images/clinical-pic/a/actinic_keratoses/actinic_keratoses54.jpg,httpwwwdermaamincomsiteimagesclinicalpicaactinickeratosesactinickeratoses54jpg.jpg
0681bf9f5d01deb9676a5d9fbb744a65,5,5,lyme disease,inflammatory,non-neoplastic,,https://www.dermaamin.com/site/images/clinical-pic/e/erytrasma/erytrasma42.jpg,httpwwwdermaamincomsiteimagesclinicalpiceerytrasmaerytrasma42jpg.jpg
5c8ab654181f2ccdcfec2ddd0f7dfdba,5,5,porokeratosis actinic,benign epidermal,benign,,https://www.dermaamin.com/site/images/clinical-pic/k/keratosis_solar/keratosis_solar32.jpg,httpwwwdermaamincomsiteimagesclinicalpickkeratosissolarkeratosissolar32jpg.jpg
e11acfd663ce5433a07ab25e83d6a89a,5,5,paronychia,inflammatory,non-neoplastic,,https://www.dermaamin.com/site/images/clinical-pic/p/paronychia/paronychia17.jpg,httpwwwdermaamincomsiteimagesclinicalpicpparonychiaparonychia17jpg.jpg
24c7a58c0e60303086d0f5f89b121ae4,5,5,squamous cell carcinoma,malignant epidermal,malignant,,https://www.dermaamin.com/site/images/clinical-pic/k/keratoacanthoma/keratoacanthoma76.jpg,httpwwwdermaamincomsiteimagesclinicalpickkeratoacanthomakeratoacanthoma76jpg.jpg
074d596348f9974d5fde86afa06fa605,5,5,dermatomyositis,inflammatory,non-neoplastic,,https://www.dermaamin.com/site/images/clinical-pic/d/dermatophytie/dermatophytie26.jpg,httpwwwdermaamincomsiteimagesclinicalpicddermatophytiedermatophytie26jpg.jpg
12b221f225861580202e6f10994c8337,5,5,vitiligo,inflammatory,non-neoplastic,,https://www.dermaamin.com/site/images/clinical-pic/v/vitiligo/vitiligo24.jpg,httpwwwdermaamincomsiteimagesclinicalpicvvitiligovitiligo24jpg.jpg
d65d57104c490f783805bf584c7d5ce5,5,5,halo nevus,benign melanocyte,benign,,https://www.dermaamin.com/site/images/clinical-pic/o/ota-nevus/ota-nevus10.jpg,httpwwwdermaamincomsiteimagesclinicalpicootanevusotanevus10jpg.jpg
0ab54547ce4e171cb06885fcf87d978b,5,5,pityriasis rubra pilaris,inflammatory,non-neoplastic,,https://www.dermaamin.com/site/images/clinical-pic/p/pityriasis_rubra_pilaris/pityriasis_rubra_pilaris20.jpg,httpwwwdermaamincomsiteimagesclinicalpicppityriasisrubrapilarispityriasisrubrapilaris20jpg.jpg
b39c37a2a36cdde74863b33251771774,5,5,acanthosis nigricans,inflammatory,non-neoplastic,,https://www.dermaamin.com/site/images/clinical-pic/a/acanthosis_nigricans/acanthosis_nigricans3.jpg,httpwwwdermaamincomsiteimagesclinicalpicaacanthosisnigricansacanthosisnigricans3jpg.jpg
c4b11cbc9b40271ec50817be6388814c,5,5,kaposi sarcoma,malignant dermal,malignant,,https://www.dermaamin.com/site/images/clinical-pic/k/kaposis-sarcoma/kaposis-sarcoma69.jpg,httpwwwdermaamincomsiteimagesclinicalpickkaposissarcomakaposissarcoma69jpg.jpg
39364387042762fe0825eb899cd289e3,5,5,sarcoidosis,inflammatory,non-neoplastic,,https://www.dermaamin.com/site/images/clinical-pic/s/sarcoidosis/sarcoidosis134.jpg,httpwwwdermaamincomsiteimagesclinicalpicssarcoidosissarcoidosis134jpg.jpg
eaa3ba38a29c0bb4c24e55e84607b965,5,5,juvenile xanthogranuloma,inflammatory,non-neoplastic,,https://www.dermaamin.com/site/images/clinical-pic/J/juvenile-xanthogranuloma/juvenile-xanthogranuloma35.jpg,httpwwwdermaamincomsiteimagesclinicalpicJjuvenilexanthogranulomajuvenilexanthogranuloma35jpg.jpg
018023141989920b3b7e89223d90d8a0,5,5,erythema multiforme,inflammatory,non-neoplastic,,https://www.dermaamin.com/site/images/clinical-pic/e/erythema_multiforme/erythema_multiforme110.jpg,httpwwwdermaamincomsiteimagesclinicalpiceerythemamultiformeerythemamultiforme110jpg.jpg
a6b274e8d28f6def91f4ce583627192d,5,5,lichen simplex,inflammatory,non-neoplastic,,https://www.dermaamin.com/site/images/clinical-pic/L/lichen_simplex/lichen_simplex10.jpg,httpwwwdermaamincomsiteimagesclinicalpicLlichensimplexlichensimplex10jpg.jpg
3439269c515260af7ce8530c7f1c693a,5,5,acne vulgaris,inflammatory,non-neoplastic,,https://www.dermaamin.com/site/images/clinical-pic/a/acne_vulgaris/acne_vulgaris281.jpg,httpwwwdermaamincomsiteimagesclinicalpicaacnevulgarisacnevulgaris281jpg.jpg
55d8b07c3336b2388cb44c063f2d1b6d,5,5,pilar cyst,benign dermal,benign,,https://www.dermaamin.com/site/images/clinical-pic/e/epidermal_cyst/epidermal_cyst25.jpg,httpwwwdermaamincomsiteimagesclinicalpiceepidermalcystepidermalcyst25jpg.jpg
3ad9b823feb7c6b84ff2c6e2ec7d9c63,5,5,psoriasis,inflammatory,non-neoplastic,,https://www.dermaamin.com/site/images/clinical-pic/p/psoriasis-arthropathica/psoriasis-arthropathica4.jpg,httpwwwdermaamincomsiteimagesclinicalpicppsoriasisarthropathicapsoriasisarthropathica4jpg.jpg
51818eb051cbb1fc25e967a12e1f44cf,5,5,keloid,inflammatory,non-neoplastic,,https://www.dermaamin.com/site/images/clinical-pic/k/kekoid/kekoid64.jpg,httpwwwdermaamincomsiteimagesclinicalpickkekoidkekoid64jpg.jpg
34bc7f5eae9bd2c8789f3e51a801fe35,5,5,lupus erythematosus,inflammatory,non-neoplastic,,https://www.dermaamin.com/site/images/clinical-pic/s/subacute-cutaneous-lupus-erythematosus/subacute-cutaneous-lupus-erythematosus65.jpg,httpwwwdermaamincomsiteimagesclinicalpicssubacutecutaneouslupuserythematosussubacutecutaneouslupuserythematosus65jpg.jpg
15b3ea9dd1bbfcf698beb68ae5ac0e9a,5,5,psoriasis,inflammatory,non-neoplastic,,https://www.dermaamin.com/site/images/clinical-pic/p/psoriasis-scalp/psoriasis-scalp28.jpg,httpwwwdermaamincomsiteimagesclinicalpicppsoriasisscalppsoriasisscalp28jpg.jpg
89be85c9c6b7f2f284ee40535aeaf6f6,5,5,acne,inflammatory,non-neoplastic,,https://www.dermaamin.com/site/images/clinical-pic/c/comedonal_acne/comedonal_acne8.jpg,httpwwwdermaamincomsiteimagesclinicalpicccomedonalacnecomedonalacne8jpg.jpg
90bb7ca841acdd75690db97dcab34eec,5,5,photodermatoses,inflammatory,non-neoplastic,,https://www.dermaamin.com/site/images/clinical-pic/p/phototoxic-eruption/phototoxic-eruption15.jpg,httpwwwdermaamincomsiteimagesclinicalpicpphototoxiceruptionphototoxiceruption15jpg.jpg
1216661f88e752e7c9c1cd37ec97e1d7,5,5,dariers disease,genodermatoses,non-neoplastic,,https://www.dermaamin.com/site/images/clinical-pic/d/dariers_disease/dariers_disease9.jpg,httpwwwdermaamincomsiteimagesclinicalpicddariersdiseasedariersdisease9jpg.jpg
219a8699982a865eaf4d8a0e10f011c8,5,5,neutrophilic dermatoses,inflammatory,non-neoplastic,,https://www.dermaamin.com/site/images/clinical-pic/p/pyodermite_Vegetante/pyodermite_Vegetante11.jpg,httpwwwdermaamincomsiteimagesclinicalpicppyodermiteVegetantepyodermiteVegetante11jpg.jpg
f4ada601e53f65b80352f220c883982b,5,5,prurigo nodularis,benign epidermal,benign,,https://www.dermaamin.com/site/images/clinical-pic/p/prurigo_nodularis/prurigo_nodularis69.jpg,httpwwwdermaamincomsiteimagesclinicalpicpprurigonodularisprurigonodularis69jpg.jpg
13da2f120080df60617e3f9f1c5434b5,5,5,porokeratosis actinic,benign epidermal,benign,,https://www.dermaamin.com/site/images/clinical-pic/k/keratosis_solar/keratosis_solar29.jpg,httpwwwdermaamincomsiteimagesclinicalpickkeratosissolarkeratosissolar29jpg.jpg
b37af12914f76f4419714bca261df9db,5,5,lichen amyloidosis,inflammatory,non-neoplastic,,https://www.dermaamin.com/site/images/clinical-pic/L/lichen-amyloidosis/lichen-amyloidosis7.jpg,httpwwwdermaamincomsiteimagesclinicalpicLlichenamyloidosislichenamyloidosis7jpg.jpg
e91ce676248e27a0ad4a83fbf77e917f,5,5,keloid,inflammatory,non-neoplastic,,https://www.dermaamin.com/site/images/clinical-pic/k/kekoid/kekoid13.jpg,httpwwwdermaamincomsiteimagesclinicalpickkekoidkekoid13jpg.jpg
03dfffcd30588c3b0ca23479c51bebc7,5,5,kaposi sarcoma,malignant dermal,malignant,,https://www.dermaamin.com/site/images/clinical-pic/k/kaposis-sarcoma/kaposis-sarcoma26.jpg,httpwwwdermaamincomsiteimagesclinicalpickkaposissarcomakaposissarcoma26jpg.jpg
41de318af9accb010052b3acf32edbd5,5,5,vitiligo,inflammatory,non-neoplastic,,https://www.dermaamin.com/site/images/clinical-pic/v/vitiligo/vitiligo2.jpg,httpwwwdermaamincomsiteimagesclinicalpicvvitiligovitiligo2jpg.jpg
4ea41ea6b00f40ff6704d14be3c5a59a,5,5,psoriasis,inflammatory,non-neoplastic,,https://www.dermaamin.com/site/images/clinical-pic/p/psoriasis_nail/psoriasis_nail16.jpg,httpwwwdermaamincomsiteimagesclinicalpicppsoriasisnailpsoriasisnail16jpg.jpg
c9d2942e7586054085dd5b8dde012630,5,5,necrobiosis lipoidica,inflammatory,non-neoplastic,,https://www.dermaamin.com/site/images/clinical-pic/n/necrobiois-lipoidica-diabeticorum/necrobiois-lipoidica-diabeticorum31.jpg,httpwwwdermaamincomsiteimagesclinicalpicnnecrobioislipoidicadiabeticorumnecrobioislipoidicadiabeticorum31jpg.jpg
1ac5d3755f3e4e77ee6d100dfc333d6d,5,5,folliculitis,inflammatory,non-neoplastic,,https://www.dermaamin.com/site/images/clinical-pic/f/folliculitis/folliculitis59.jpg,httpwwwdermaamincomsiteimagesclinicalpicffolliculitisfolliculitis59jpg.jpg
d580ec558ddf9a24e4895f1fcde261bd,5,5,erythema elevatum diutinum,inflammatory,non-neoplastic,,https://www.dermaamin.com/site/images/clinical-pic/e/erythema_elevatum_diutinum/erythema_elevatum_diutinum30.jpg,httpwwwdermaamincomsiteimagesclinicalpiceerythemaelevatumdiutinumerythemaelevatumdiutinum30jpg.jpg
82ed5ba884e20bf8bf71dd6848758756,5,5,pityriasis rubra pilaris,inflammatory,non-neoplastic,,https://www.dermaamin.com/site/images/clinical-pic/p/pityriasis_rubra_pilaris/pityriasis_rubra_pilaris85.jpg,httpwwwdermaamincomsiteimagesclinicalpicppityriasisrubrapilarispityriasisrubrapilaris85jpg.jpg
674506927c28bd048a7a6cf8e7a21ad1,5,5,tuberous sclerosis,genodermatoses,non-neoplastic,,https://www.dermaamin.com/site/images/clinical-pic/t/tuberous_sclerosis/tuberous_sclerosis6.jpg,httpwwwdermaamincomsiteimagesclinicalpicttuberoussclerosistuberoussclerosis6jpg.jpg
5e82dddc6e1f2a2f980ec40b064313d7,5,5,xeroderma pigmentosum,genodermatoses,non-neoplastic,,https://www.dermaamin.com/site/images/clinical-pic/X/xeroderma-pigmentosum/xeroderma-pigmentosum50.jpg,httpwwwdermaamincomsiteimagesclinicalpicXxerodermapigmentosumxerodermapigmentosum50jpg.jpg
a5c26a700c02cd194761f72d84b9bc78,5,5,psoriasis,inflammatory,non-neoplastic,,https://www.dermaamin.com/site/images/clinical-pic/p/psoriasis-psoriasis_after_erysipelas/psoriasis-psoriasis_after_erysipelas3.jpg,httpwwwdermaamincomsiteimagesclinicalpicppsoriasispsoriasisaftererysipelaspsoriasispsoriasisaftererysipelas3jpg.jpg
83cef44e6403876bcc4c61f99c31fa2d,5,5,scleroderma,inflammatory,non-neoplastic,,https://www.dermaamin.com/site/images/clinical-pic/s/scleredema/scleredema33.jpg,httpwwwdermaamincomsiteimagesclinicalpicsscleredemascleredema33jpg.jpg
47e5ae61cecf6bf3d6f5f5b1eb2cdbcd,5,5,xeroderma pigmentosum,genodermatoses,non-neoplastic,,https://www.dermaamin.com/site/images/clinical-pic/X/xeroderma-pigmentosum/xeroderma-pigmentosum36.jpg,httpwwwdermaamincomsiteimagesclinicalpicXxerodermapigmentosumxerodermapigmentosum36jpg.jpg
9237176de039bf6cf2f8ce3dbdbf1b73,5,5,dariers disease,genodermatoses,non-neoplastic,,https://www.dermaamin.com/site/images/clinical-pic/d/dariers_disease/dariers_disease64.jpg,httpwwwdermaamincomsiteimagesclinicalpicddariersdiseasedariersdisease64jpg.jpg
edce9bab731228e8240e613dd6e5e2ee,5,5,prurigo nodularis,benign epidermal,benign,,https://www.dermaamin.com/site/images/clinical-pic/p/prurigo_nodularis/prurigo_nodularis56.jpg,httpwwwdermaamincomsiteimagesclinicalpicpprurigonodularisprurigonodularis56jpg.jpg
664bdadccb55f6c6f25eac450cf01323,5,5,stasis edema,inflammatory,non-neoplastic,,https://www.dermaamin.com/site/images/clinical-pic/b/borderline_lepromatous_leprosy/borderline_lepromatous_leprosy5.jpg,httpwwwdermaamincomsiteimagesclinicalpicbborderlinelepromatousleprosyborderlinelepromatousleprosy5jpg.jpg
909d42045d62519f97c7f6eba9968bca,5,5,granuloma annulare,inflammatory,non-neoplastic,,https://www.dermaamin.com/site/images/clinical-pic/g/granuloma_annulare/granuloma_annulare119.jpg,httpwwwdermaamincomsiteimagesclinicalpicggranulomaannularegranulomaannulare119jpg.jpg
8ffe549e6cca361dd89224439acd731f,5,5,cheilitis,inflammatory,non-neoplastic,,https://www.dermaamin.com/site/images/clinical-pic/c/cheilitis/cheilitis12.jpg,httpwwwdermaamincomsiteimagesclinicalpicccheilitischeilitis12jpg.jpg
d3ad54cae6bc89346adb01362265c000,5,5,pityriasis lichenoides chronica,inflammatory,non-neoplastic,,https://www.dermaamin.com/site/images/clinical-pic/p/pityriasis_lichenoid_chronica/pityriasis_lichenoid_chronica3.jpg,httpwwwdermaamincomsiteimagesclinicalpicppityriasislichenoidchronicapityriasislichenoidchronica3jpg.jpg
11b98176711969a3630544e7c122bcdc,5,5,neutrophilic dermatoses,inflammatory,non-neoplastic,,https://www.dermaamin.com/site/images/clinical-pic/p/pyoderma-gangrenosum/pyoderma-gangrenosum41.jpg,httpwwwdermaamincomsiteimagesclinicalpicppyodermagangrenosumpyodermagangrenosum41jpg.jpg
5fb5501e2d85a60b5a485476f9a0d828,5,5,scleroderma,inflammatory,non-neoplastic,,https://www.dermaamin.com/site/images/clinical-pic/m/morphea-linear/morphea-linear8.jpg,httpwwwdermaamincomsiteimagesclinicalpicmmorphealinearmorphealinear8jpg.jpg
0986bd111b5daec85dc997dff704bf91,5,5,xeroderma pigmentosum,genodermatoses,non-neoplastic,,https://www.dermaamin.com/site/images/clinical-pic/X/xeroderma-pigmentosum/xeroderma-pigmentosum15.jpg,httpwwwdermaamincomsiteimagesclinicalpicXxerodermapigmentosumxerodermapigmentosum15jpg.jpg
8d6b552785909130b03037c8034ed5e5,5,5,lichen simplex,inflammatory,non-neoplastic,,https://www.dermaamin.com/site/images/clinical-pic/L/lichen_simplex/lichen_simplex7.jpg,httpwwwdermaamincomsiteimagesclinicalpicLlichensimplexlichensimplex7jpg.jpg
aecb3b3d32353c4bde3d77ad11820066,5,5,stasis edema,inflammatory,non-neoplastic,,https://www.dermaamin.com/site/images/clinical-pic/s/stasis-dermatitis/stasis-dermatitis24.jpg,httpwwwdermaamincomsiteimagesclinicalpicsstasisdermatitisstasisdermatitis24jpg.jpg
7906ec8ee05fa6c310dd6cb311857255,5,5,keloid,inflammatory,non-neoplastic,,https://www.dermaamin.com/site/images/clinical-pic/k/kekoid/kekoid85.jpg,httpwwwdermaamincomsiteimagesclinicalpickkekoidkekoid85jpg.jpg
decee137cd0ff262985c393c025c9270,5,5,sarcoidosis,inflammatory,non-neoplastic,,https://www.dermaamin.com/site/images/clinical-pic/s/sarcoidosis/sarcoidosis56.jpg,httpwwwdermaamincomsiteimagesclinicalpicssarcoidosissarcoidosis56jpg.jpg
edc35054534716384557a8c6f2955162,5,5,neurofibromatosis,genodermatoses,non-neoplastic,,https://www.dermaamin.com/site/images/clinical-pic/n/neurofibromatosis-von-reckling-hausen-syndrome/neurofibromatosis-von-reckling-hausen-syndrome67.jpg,httpwwwdermaamincomsiteimagesclinicalpicnneurofibromatosisvonrecklinghausensyndromeneurofibromatosisvonrecklinghausensyndrome67jpg.jpg
e595defe89d165253b343e9f437c2d49,5,5,scabies,inflammatory,non-neoplastic,,https://www.dermaamin.com/site/images/clinical-pic/n/norwegian_scabies/norwegian_scabies69.jpg,httpwwwdermaamincomsiteimagesclinicalpicnnorwegianscabiesnorwegianscabies69jpg.jpg
cdba89ab49504dcef80ca0e38b97ebb0,5,5,sarcoidosis,inflammatory,non-neoplastic,,https://www.dermaamin.com/site/images/clinical-pic/L/lupus-pernio/lupus-pernio15.jpg,httpwwwdermaamincomsiteimagesclinicalpicLlupusperniolupuspernio15jpg.jpg
e1dd242abfe4773794543f690ed99916,5,5,scabies,inflammatory,non-neoplastic,,https://www.dermaamin.com/site/images/clinical-pic/s/scabies/scabies54.jpg,httpwwwdermaamincomsiteimagesclinicalpicsscabiesscabies54jpg.jpg
9c2d84891da1a51b45f89234f0fac325,5,5,eczema,inflammatory,non-neoplastic,,https://www.dermaamin.com/site/images/clinical-pic/e/eczema/eczema79.jpg,httpwwwdermaamincomsiteimagesclinicalpiceeczemaeczema79jpg.jpg
2ebbb9aef8e47fdb13d8fa3fa9145774,5,5,neurofibromatosis,genodermatoses,non-neoplastic,,https://www.dermaamin.com/site/images/clinical-pic/n/neurofibromatosis-von-reckling-hausen-syndrome/neurofibromatosis-von-reckling-hausen-syndrome91.jpg,httpwwwdermaamincomsiteimagesclinicalpicnneurofibromatosisvonrecklinghausensyndromeneurofibromatosisvonrecklinghausensyndrome91jpg.jpg
202cbc4cbaf0dcc67fde7feb87362984,5,5,lichen simplex,inflammatory,non-neoplastic,,,httpwwwdermaamincomsiteimagesclinicalpicLLichensimplexchronicusLichensimplexchronicus33jpg.jpg
7febad4f9a7867ec26b2fb399a54657a,5,5,scabies,inflammatory,non-neoplastic,,https://www.dermaamin.com/site/images/clinical-pic/n/norwegian_scabies/norwegian_scabies28.jpg,httpwwwdermaamincomsiteimagesclinicalpicnnorwegianscabiesnorwegianscabies28jpg.jpg
94308d8a86a46c41db08f6b38b18cbd8,5,5,scabies,inflammatory,non-neoplastic,,https://www.dermaamin.com/site/images/clinical-pic/n/norwegian_scabies/norwegian_scabies27.jpg,httpwwwdermaamincomsiteimagesclinicalpicnnorwegianscabiesnorwegianscabies27jpg.jpg
b1090a5d3d98754b5b997d2642af33a6,5,5,ehlers danlos syndrome,genodermatoses,non-neoplastic,,https://www.dermaamin.com/site/images/clinical-pic/e/ehlers_danlos_syndrome/ehlers_danlos_syndrome78.jpg,httpwwwdermaamincomsiteimagesclinicalpiceehlersdanlossyndromeehlersdanlossyndrome78jpg.jpg
b2e7402ce2fd07984594337d2efad11d,5,5,psoriasis,inflammatory,non-neoplastic,,https://www.dermaamin.com/site/images/clinical-pic/p/psoriasis/psoriasis5.jpg,httpwwwdermaamincomsiteimagesclinicalpicppsoriasispsoriasis5jpg.jpg
8af423ef118d0cf0f10096dd9e31783f,5,5,prurigo nodularis,benign epidermal,benign,,https://www.dermaamin.com/site/images/clinical-pic/p/prurigo_nodularis/prurigo_nodularis92.jpg,httpwwwdermaamincomsiteimagesclinicalpicpprurigonodularisprurigonodularis92jpg.jpg
5e03ef98dc388b9fd9aaf7470e10c390,5,5,neutrophilic dermatoses,inflammatory,non-neoplastic,,https://www.dermaamin.com/site/images/clinical-pic/p/pyodermite_Vegetante/pyodermite_Vegetante5.jpg,httpwwwdermaamincomsiteimagesclinicalpicppyodermiteVegetantepyodermiteVegetante5jpg.jpg
9b9f0859880ab7d13ac0da1fceef5efc,5,5,porokeratosis actinic,benign epidermal,benign,,https://www.dermaamin.com/site/images/clinical-pic/p/porokeratosis_actinic/porokeratosis_actinic18.jpg,httpwwwdermaamincomsiteimagesclinicalpicpporokeratosisactinicporokeratosisactinic18jpg.jpg
50e2126f6cc8438c09354f5c1e2aa6d8,5,5,neurofibromatosis,genodermatoses,non-neoplastic,,https://www.dermaamin.com/site/images/clinical-pic/n/neurofibromatosis-von-reckling-hausen-syndrome/neurofibromatosis-von-reckling-hausen-syndrome77.jpg,httpwwwdermaamincomsiteimagesclinicalpicnneurofibromatosisvonrecklinghausensyndromeneurofibromatosisvonrecklinghausensyndrome77jpg.jpg
15ec4acb120dca7aaa84fcd362433c33,5,5,vitiligo,inflammatory,non-neoplastic,,https://www.dermaamin.com/site/images/clinical-pic/v/vitiligo/vitiligo67.jpg,httpwwwdermaamincomsiteimagesclinicalpicvvitiligovitiligo67jpg.jpg
d817ff9202395ad5c1bb4dbbc9c25d18,5,5,pityriasis rubra pilaris,inflammatory,non-neoplastic,,https://www.dermaamin.com/site/images/clinical-pic/p/pityriasis_rubra_pilaris/pityriasis_rubra_pilaris3.jpg,httpwwwdermaamincomsiteimagesclinicalpicppityriasisrubrapilarispityriasisrubrapilaris3jpg.jpg
1afed79909ab09777fd7a2f39066ebf2,5,5,neurofibromatosis,genodermatoses,non-neoplastic,,https://www.dermaamin.com/site/images/clinical-pic/n/neurofibromatosis-von-reckling-hausen-syndrome/neurofibromatosis-von-reckling-hausen-syndrome53.jpg,httpwwwdermaamincomsiteimagesclinicalpicnneurofibromatosisvonrecklinghausensyndromeneurofibromatosisvonrecklinghausensyndrome53jpg.jpg
39a5844729eaddac5568d48d496b8b1e,5,5,scabies,inflammatory,non-neoplastic,,https://www.dermaamin.com/site/images/clinical-pic/s/scabies/scabies55.jpg,httpwwwdermaamincomsiteimagesclinicalpicsscabiesscabies55jpg.jpg
4526fe87f790f393847bd94293420d5b,5,5,lichen amyloidosis,inflammatory,non-neoplastic,,https://www.dermaamin.com/site/images/clinical-pic/L/lichen-amyloidosis/lichen-amyloidosis53.jpg,httpwwwdermaamincomsiteimagesclinicalpicLlichenamyloidosislichenamyloidosis53jpg.jpg
ecdaa2ad476d01ee55b256ca37141f4f,5,5,folliculitis,inflammatory,non-neoplastic,,https://www.dermaamin.com/site/images/clinical-pic/p/pseudofolliculitis-barbae/pseudofolliculitis-barbae7.jpg,httpwwwdermaamincomsiteimagesclinicalpicppseudofolliculitisbarbaepseudofolliculitisbarbae7jpg.jpg
fbe7bc7d01f8bc56c530ba7fa6de121c,5,5,folliculitis,inflammatory,non-neoplastic,,https://www.dermaamin.com/site/images/clinical-pic/e/eosinophilic_pustula_folliculitis/eosinophilic_pustula_folliculitis45.jpg,httpwwwdermaamincomsiteimagesclinicalpiceeosinophilicpustulafolliculitiseosinophilicpustulafolliculitis45jpg.jpg
a2424c6bf138dbfc18cfc31df86e1d6a,5,5,lichen planus,inflammatory,non-neoplastic,,https://www.dermaamin.com/site/images/clinical-pic/L/lichen_planus/lichen_planus79.jpg,httpwwwdermaamincomsiteimagesclinicalpicLlichenplanuslichenplanus79jpg.jpg
157fb65cf4fe1704e595eb564e1c1512,5,5,scabies,inflammatory,non-neoplastic,,https://www.dermaamin.com/site/images/clinical-pic/s/scabies/scabies49.jpg,httpwwwdermaamincomsiteimagesclinicalpicsscabiesscabies49jpg.jpg
2f2d94789a505ab7c01ee5daf2648728,5,5,scabies,inflammatory,non-neoplastic,,https://www.dermaamin.com/site/images/clinical-pic/n/norwegian_scabies/norwegian_scabies2.jpg,httpwwwdermaamincomsiteimagesclinicalpicnnorwegianscabiesnorwegianscabies2jpg.jpg
9d5253e214fe05cd3e2f958ef98d8eb1,5,5,eczema,inflammatory,non-neoplastic,,https://www.dermaamin.com/site/images/clinical-pic/h/hand_eczema/hand_eczema4.jpg,httpwwwdermaamincomsiteimagesclinicalpichhandeczemahandeczema4jpg.jpg
604d5f16f6fbe8822c0cc604914966e6,5,5,vitiligo,inflammatory,non-neoplastic,,https://www.dermaamin.com/site/images/clinical-pic/v/vitiligo/vitiligo56.jpg,httpwwwdermaamincomsiteimagesclinicalpicvvitiligovitiligo56jpg.jpg
f95eff7e4c58f07446b2fdc9b3f12b8b,5,5,lichen planus,inflammatory,non-neoplastic,,https://www.dermaamin.com/site/images/clinical-pic/L/lichen_planus_actinic/lichen_planus_actinic4.jpg,httpwwwdermaamincomsiteimagesclinicalpicLlichenplanusactiniclichenplanusactinic4jpg.jpg
a603a847c043fac6edcfdde776a35591,5,5,dariers disease,genodermatoses,non-neoplastic,,https://www.dermaamin.com/site/images/clinical-pic/d/dariers_disease/dariers_disease8.jpg,httpwwwdermaamincomsiteimagesclinicalpicddariersdiseasedariersdisease8jpg.jpg
be587c766f7442b22f0ff8b35c717a2c,5,5,porokeratosis actinic,benign epidermal,benign,,https://www.dermaamin.com/site/images/clinical-pic/k/keratosis_solar/keratosis_solar18.jpg,httpwwwdermaamincomsiteimagesclinicalpickkeratosissolarkeratosissolar18jpg.jpg
6f7487bfe0ebc90cc19b4f98c4fb7d7f,5,5,lichen amyloidosis,inflammatory,non-neoplastic,,https://www.dermaamin.com/site/images/clinical-pic/L/lichen-amyloidosis/lichen-amyloidosis14.jpg,httpwwwdermaamincomsiteimagesclinicalpicLlichenamyloidosislichenamyloidosis14jpg.jpg
1c858c3ce9f9ac220a08cb5338c4305d,5,5,neutrophilic dermatoses,inflammatory,non-neoplastic,,https://www.dermaamin.com/site/images/clinical-pic/p/pyoderma-gangrenosum/pyoderma-gangrenosum55.jpg,httpwwwdermaamincomsiteimagesclinicalpicppyodermagangrenosumpyodermagangrenosum55jpg.jpg
41ab6fd8312f087dc1dc8702a4973f2a,5,5,scleroderma,inflammatory,non-neoplastic,,https://www.dermaamin.com/site/images/clinical-pic/s/scleredema/scleredema21.jpg,httpwwwdermaamincomsiteimagesclinicalpicsscleredemascleredema21jpg.jpg
4d6265ec2c5fc48c669133e937f8d1d0,5,5,allergic contact dermatitis,inflammatory,non-neoplastic,,https://www.dermaamin.com/site/images/clinical-pic/c/contact_dermatitis/contact_dermatitis81.jpg,httpwwwdermaamincomsiteimagesclinicalpicccontactdermatitiscontactdermatitis81jpg.jpg
b8d84adb44e08310b0e22a7a86f7d4d2,5,5,necrobiosis lipoidica,inflammatory,non-neoplastic,,https://www.dermaamin.com/site/images/clinical-pic/n/necrobiois-lipoidica-diabeticorum/necrobiois-lipoidica-diabeticorum32.jpg,httpwwwdermaamincomsiteimagesclinicalpicnnecrobioislipoidicadiabeticorumnecrobioislipoidicadiabeticorum32jpg.jpg
6aa839fc54c92d357b99dcd988dd83fa,5,5,vitiligo,inflammatory,non-neoplastic,,https://www.dermaamin.com/site/images/clinical-pic/v/vitiligo/vitiligo13.jpg,httpwwwdermaamincomsiteimagesclinicalpicvvitiligovitiligo13jpg.jpg
ea718e7394d292c17cacc5eb97a5eccd,5,5,cheilitis,inflammatory,non-neoplastic,,http://atlasdermatologico.com.br/img?imageId=2221,httpwwwatlasdermatologicocombrimgimageId2221.jpg
0b166f51015692634638a934b23deff1,5,5,lupus erythematosus,inflammatory,non-neoplastic,,http://atlasdermatologico.com.br/img?imageId=4068,httpwwwatlasdermatologicocombrimgimageId4068.jpg
1f2489a044a3e3de6bb33af5359e267b,5,5,squamous cell carcinoma,malignant epidermal,malignant,,http://atlasdermatologico.com.br/img?imageId=3031,httpwwwatlasdermatologicocombrimgimageId3031.jpg
c036e4b7c477951004346c23497e6fa0,5,5,vitiligo,inflammatory,non-neoplastic,,http://atlasdermatologico.com.br/img?imageId=7895,httpwwwatlasdermatologicocombrimgimageId7895.jpg
3e3d022279f868469f9c117d09d26590,5,5,pityriasis rubra pilaris,inflammatory,non-neoplastic,,http://atlasdermatologico.com.br/img?imageId=5684,httpwwwatlasdermatologicocombrimgimageId5684.jpg
8aa5fd77a9d10d03e1f10af68f061394,5,5,lichen planus,inflammatory,non-neoplastic,,http://atlasdermatologico.com.br/img?imageId=3928,httpwwwatlasdermatologicocombrimgimageId3928.jpg
5a6fd817e5cab2b74a4c881f20614e99,5,5,vitiligo,inflammatory,non-neoplastic,,http://atlasdermatologico.com.br/img?imageId=7933,httpwwwatlasdermatologicocombrimgimageId7933.jpg
defef45b3b181684b2deb5648aefbbb5,5,5,pityriasis rubra pilaris,inflammatory,non-neoplastic,,http://atlasdermatologico.com.br/img?imageId=5698,httpwwwatlasdermatologicocombrimgimageId5698.jpg
0c783f7a9cbcde5fd3176420673b3380,5,5,neurofibromatosis,genodermatoses,non-neoplastic,,http://atlasdermatologico.com.br/img?imageId=4774,httpwwwatlasdermatologicocombrimgimageId4774.jpg
78f0def897f5b4dada06e3af3f1ef7f4,5,5,vitiligo,inflammatory,non-neoplastic,,http://atlasdermatologico.com.br/img?imageId=7907,httpwwwatlasdermatologicocombrimgimageId7907.jpg
d163c9436dccea04dbb708684ca88787,5,5,pityriasis rubra pilaris,inflammatory,non-neoplastic,,http://atlasdermatologico.com.br/img?imageId=5797,httpwwwatlasdermatologicocombrimgimageId5797.jpg
56b7e75177057222e85434adbdbfe841,5,5,factitial dermatitis,inflammatory,non-neoplastic,,http://atlasdermatologico.com.br/img?imageId=2045,httpwwwatlasdermatologicocombrimgimageId2045.jpg
c9d828d3c3cc193f7c802814fb6fba11,5,5,telangiectases,benign dermal,benign,,http://atlasdermatologico.com.br/img?imageId=803,httpwwwatlasdermatologicocombrimgimageId803.jpg
290e52997214bdf1b4a54b5f1ba10ed1,5,5,psoriasis,inflammatory,non-neoplastic,,http://atlasdermatologico.com.br/img?imageId=6252,httpwwwatlasdermatologicocombrimgimageId6252.jpg
9ac667292bc54d63cfaa91f483d3a817,5,5,pityriasis rubra pilaris,inflammatory,non-neoplastic,,http://atlasdermatologico.com.br/img?imageId=5716,httpwwwatlasdermatologicocombrimgimageId5716.jpg
d9af63c1c67bc56e4e4c8e69f6eda948,5,5,acne,inflammatory,non-neoplastic,,http://atlasdermatologico.com.br/img?imageId=32,httpwwwatlasdermatologicocombrimgimageId32.jpg
528e8095780452e7a43d1f922f73845f,5,5,pityriasis rubra pilaris,inflammatory,non-neoplastic,,http://atlasdermatologico.com.br/img?imageId=5676,httpwwwatlasdermatologicocombrimgimageId5676.jpg
dc30dbac029dc12a6f661643f267d161,5,5,lichen planus,inflammatory,non-neoplastic,,http://atlasdermatologico.com.br/img?imageId=3758,httpwwwatlasdermatologicocombrimgimageId3758.jpg
48c2c3c94f67826460083569254e1e13,5,5,lupus erythematosus,inflammatory,non-neoplastic,,http://atlasdermatologico.com.br/img?imageId=4105,httpwwwatlasdermatologicocombrimgimageId4105.jpg
5c0193d047230f2da4d505559f2c83aa,5,5,scleromyxedema,inflammatory,non-neoplastic,,http://atlasdermatologico.com.br/img?imageId=6642,httpwwwatlasdermatologicocombrimgimageId6642.jpg
0fa21e79da60710ae829e7cc4b69b734,5,5,pityriasis rosea,inflammatory,non-neoplastic,,http://atlasdermatologico.com.br/img?imageId=5589,httpwwwatlasdermatologicocombrimgimageId5589.jpg
9b4f7885d9dda56e8c5e3284abfc220a,5,5,papilomatosis confluentes and reticulate,inflammatory,non-neoplastic,,http://atlasdermatologico.com.br/img?imageId=5070,httpwwwatlasdermatologicocombrimgimageId5070.jpg
c58600ad1c1d5be7442c7647e5ffd2b9,5,5,neurofibromatosis,genodermatoses,non-neoplastic,,http://atlasdermatologico.com.br/img?imageId=4782,httpwwwatlasdermatologicocombrimgimageId4782.jpg
48ee7754c516d4c500d9d211417c14c0,5,5,pityriasis rubra pilaris,inflammatory,non-neoplastic,,http://atlasdermatologico.com.br/img?imageId=5741,httpwwwatlasdermatologicocombrimgimageId5741.jpg
95c69b2c01eb5ec0148071da935b3ba8,5,5,stasis edema,inflammatory,non-neoplastic,,http://atlasdermatologico.com.br/img?imageId=6864,httpwwwatlasdermatologicocombrimgimageId6864.jpg
daeb5fcb935f5ee60f7e27d8cdc5dab1,5,5,lichen planus,inflammatory,non-neoplastic,,http://atlasdermatologico.com.br/img?imageId=3844,httpwwwatlasdermatologicocombrimgimageId3844.jpg
bef76ebb957209dc6d7cd5c569705dce,5,5,neurofibromatosis,genodermatoses,non-neoplastic,,http://atlasdermatologico.com.br/img?imageId=4819,httpwwwatlasdermatologicocombrimgimageId4819.jpg
9efdf3fd49a06f26349b4b73552bb716,5,5,scabies,inflammatory,non-neoplastic,,http://atlasdermatologico.com.br/img?imageId=4952,httpwwwatlasdermatologicocombrimgimageId4952.jpg
85624bc14ee0c3c2650fb9fe5e878351,5,5,pityriasis rubra pilaris,inflammatory,non-neoplastic,,http://atlasdermatologico.com.br/img?imageId=5702,httpwwwatlasdermatologicocombrimgimageId5702.jpg
c57d4092a4a0ce2aeb180efde2c24156,5,5,dariers disease,genodermatoses,non-neoplastic,,http://atlasdermatologico.com.br/img?imageId=1297,httpwwwatlasdermatologicocombrimgimageId1297.jpg
4a79b6c4159711edb7f3d868986159ec,5,5,naevus comedonicus,benign epidermal,benign,,http://atlasdermatologico.com.br/img?imageId=4673,httpwwwatlasdermatologicocombrimgimageId4673.jpg
4aa66108547ab25b842ecf578cde7675,5,5,papilomatosis confluentes and reticulate,inflammatory,non-neoplastic,,http://atlasdermatologico.com.br/img?imageId=8432,httpwwwatlasdermatologicocombrimgimageId8432.jpg
c23c4d07d042623f71e59c85fa5aec62,5,5,papilomatosis confluentes and reticulate,inflammatory,non-neoplastic,,http://atlasdermatologico.com.br/img?imageId=8433,httpwwwatlasdermatologicocombrimgimageId8433.jpg
9209a4be6a83500ae0c536cc16386284,5,5,basal cell carcinoma,malignant epidermal,malignant,,http://atlasdermatologico.com.br/img?imageId=731,httpwwwatlasdermatologicocombrimgimageId731.jpg
7663bcb2e8c2b791eb0f4dc8c4840d78,5,5,pityriasis rubra pilaris,inflammatory,non-neoplastic,,http://atlasdermatologico.com.br/img?imageId=5682,httpwwwatlasdermatologicocombrimgimageId5682.jpg
1d21bcb48dc402bd8d7cb028c3e40f23,5,5,lupus erythematosus,inflammatory,non-neoplastic,,http://atlasdermatologico.com.br/img?imageId=4113,httpwwwatlasdermatologicocombrimgimageId4113.jpg
2fe43daaf84b89e06787955dc8838ac9,5,5,scabies,inflammatory,non-neoplastic,,http://atlasdermatologico.com.br/img?imageId=4900,httpwwwatlasdermatologicocombrimgimageId4900.jpg
a7ab9862e98c72251f222c169d8cd704,5,5,lichen amyloidosis,inflammatory,non-neoplastic,,http://atlasdermatologico.com.br/img?imageId=3685,httpwwwatlasdermatologicocombrimgimageId3685.jpg
b33801b74be02c85e6d9683331bc981a,5,5,pityriasis rubra pilaris,inflammatory,non-neoplastic,,http://atlasdermatologico.com.br/img?imageId=5727,httpwwwatlasdermatologicocombrimgimageId5727.jpg
844725148241f07a9463b419e9205aca,5,5,allergic contact dermatitis,inflammatory,non-neoplastic,,http://atlasdermatologico.com.br/img?imageId=1167,httpwwwatlasdermatologicocombrimgimageId1167.jpg
506675518b830ccb1a0972088483aa07,5,5,papilomatosis confluentes and reticulate,inflammatory,non-neoplastic,,http://atlasdermatologico.com.br/img?imageId=5071,httpwwwatlasdermatologicocombrimgimageId5071.jpg
1ccfc4c3bcf417b3bda4d7f6fa955062,5,5,nematode infection,inflammatory,non-neoplastic,,http://atlasdermatologico.com.br/img?imageId=3199,httpwwwatlasdermatologicocombrimgimageId3199.jpg
6829f163f57d7b0d99900cb2df6055d8,5,5,pityriasis rosea,inflammatory,non-neoplastic,,http://atlasdermatologico.com.br/img?imageId=5592,httpwwwatlasdermatologicocombrimgimageId5592.jpg
aee70630891cd2603de009ab24db6fa0,5,5,pityriasis rubra pilaris,inflammatory,non-neoplastic,,http://atlasdermatologico.com.br/img?imageId=5815,httpwwwatlasdermatologicocombrimgimageId5815.jpg
8da0ad261c76d6ed8587ad2275664650,5,5,lichen planus,inflammatory,non-neoplastic,,http://atlasdermatologico.com.br/img?imageId=3863,httpwwwatlasdermatologicocombrimgimageId3863.jpg
35d70553303471cffa7f92bbec7f9b78,5,5,ehlers danlos syndrome,genodermatoses,non-neoplastic,,http://atlasdermatologico.com.br/img?imageId=1635,httpwwwatlasdermatologicocombrimgimageId1635.jpg
fb5b3e1265f64acafbd04a58477d32fc,5,5,neurofibromatosis,genodermatoses,non-neoplastic,,http://atlasdermatologico.com.br/img?imageId=4818,httpwwwatlasdermatologicocombrimgimageId4818.jpg
8ab9e8d05a07e7a136cb20e694c4751c,5,5,psoriasis,inflammatory,non-neoplastic,,http://atlasdermatologico.com.br/img?imageId=6319,httpwwwatlasdermatologicocombrimgimageId6319.jpg
867f6e25d27750c3633b5c6e852c177d,5,5,nematode infection,inflammatory,non-neoplastic,,http://atlasdermatologico.com.br/img?imageId=3174,httpwwwatlasdermatologicocombrimgimageId3174.jpg
8825ff4eab36ad5c305001252bca6849,5,5,neurofibromatosis,genodermatoses,non-neoplastic,,http://atlasdermatologico.com.br/img?imageId=4813,httpwwwatlasdermatologicocombrimgimageId4813.jpg
257b98dac6241fa7fc474d3ccd0cc23e,5,5,squamous cell carcinoma,malignant epidermal,malignant,,http://atlasdermatologico.com.br/img?imageId=8886,httpwwwatlasdermatologicocombrimgimageId8886.jpg
b900d52ef349174ed6289951e50a9a80,5,5,scabies,inflammatory,non-neoplastic,,http://atlasdermatologico.com.br/img?imageId=4899,httpwwwatlasdermatologicocombrimgimageId4899.jpg
98ecfd8594a37c95360fb4294ae1b586,5,5,pityriasis rubra pilaris,inflammatory,non-neoplastic,,http://atlasdermatologico.com.br/img?imageId=5657,httpwwwatlasdermatologicocombrimgimageId5657.jpg
fd46dc147ae8a716263ef40f5155f78c,5,5,ehlers danlos syndrome,genodermatoses,non-neoplastic,,http://atlasdermatologico.com.br/img?imageId=1632,httpwwwatlasdermatologicocombrimgimageId1632.jpg
0ae005fdebce9fbc7e772a5b851b554f,5,5,neurofibromatosis,genodermatoses,non-neoplastic,,http://atlasdermatologico.com.br/img?imageId=4824,httpwwwatlasdermatologicocombrimgimageId4824.jpg
6639572a19cc38f58036e3a70586ad2e,5,5,neurofibromatosis,genodermatoses,non-neoplastic,,http://atlasdermatologico.com.br/img?imageId=4792,httpwwwatlasdermatologicocombrimgimageId4792.jpg
0e7a6a73ac474fe2c073e1934e31bded,5,5,neurofibromatosis,genodermatoses,non-neoplastic,,http://atlasdermatologico.com.br/img?imageId=4825,httpwwwatlasdermatologicocombrimgimageId4825.jpg
fd48c48eeb9f68c1f4ab534b9b829e26,5,5,scabies,inflammatory,non-neoplastic,,http://atlasdermatologico.com.br/img?imageId=4946,httpwwwatlasdermatologicocombrimgimageId4946.jpg
a18283361ea0400f31bfe7e3360758ac,5,5,pityriasis rubra pilaris,inflammatory,non-neoplastic,,http://atlasdermatologico.com.br/img?imageId=5709,httpwwwatlasdermatologicocombrimgimageId5709.jpg
2a38635db0cc7eee0e54abf23cfd7afa,5,5,lupus erythematosus,inflammatory,non-neoplastic,,http://atlasdermatologico.com.br/img?imageId=4066,httpwwwatlasdermatologicocombrimgimageId4066.jpg
9c4b9827b3f64f861fe14316baae7f5d,5,5,erythema multiforme,inflammatory,non-neoplastic,,http://atlasdermatologico.com.br/img?imageId=1942,httpwwwatlasdermatologicocombrimgimageId1942.jpg
eeb5cb88a15d3452185d5426243dd4b9,5,5,erythema elevatum diutinum,inflammatory,non-neoplastic,,http://atlasdermatologico.com.br/img?imageId=1928,httpwwwatlasdermatologicocombrimgimageId1928.jpg
2d344b03816a60495078387cc99f335d,5,5,prurigo nodularis,benign epidermal,benign,,http://atlasdermatologico.com.br/img?imageId=6127,httpwwwatlasdermatologicocombrimgimageId6127.jpg
ac56733e04b1249c55c8d402653ab095,5,5,neurofibromatosis,genodermatoses,non-neoplastic,,http://atlasdermatologico.com.br/img?imageId=4823,httpwwwatlasdermatologicocombrimgimageId4823.jpg
b6271f802b8d0405c55213de1854fc20,5,5,neutrophilic dermatoses,inflammatory,non-neoplastic,,http://atlasdermatologico.com.br/img?imageId=6403,httpwwwatlasdermatologicocombrimgimageId6403.jpg
798502de0237d5a1244aa15b00bb5de9,5,5,scabies,inflammatory,non-neoplastic,,http://atlasdermatologico.com.br/img?imageId=4948,httpwwwatlasdermatologicocombrimgimageId4948.jpg
242f60a6ccd6afade69bd1cd55a6aa16,5,5,lichen planus,inflammatory,non-neoplastic,,http://atlasdermatologico.com.br/img?imageId=3896,httpwwwatlasdermatologicocombrimgimageId3896.jpg
f8886c24d3b2b0671a710c9d9c5233c0,5,5,lichen simplex,inflammatory,non-neoplastic,,http://atlasdermatologico.com.br/img?imageId=4001,httpwwwatlasdermatologicocombrimgimageId4001.jpg
0aa59dea8bbcbf0dec4469be359732c6,5,5,papilomatosis confluentes and reticulate,inflammatory,non-neoplastic,,http://atlasdermatologico.com.br/img?imageId=8435,httpwwwatlasdermatologicocombrimgimageId8435.jpg
54dafa76a2ea87c273efd9fcbe01d466,5,5,pityriasis rubra pilaris,inflammatory,non-neoplastic,,http://atlasdermatologico.com.br/img?imageId=5796,httpwwwatlasdermatologicocombrimgimageId5796.jpg
d8bc984d67d39b8ed4254ba637d2499b,5,5,lupus erythematosus,inflammatory,non-neoplastic,,http://atlasdermatologico.com.br/img?imageId=4065,httpwwwatlasdermatologicocombrimgimageId4065.jpg
2ae230ad62fa5aea90cebe66b94a086a,5,5,scabies,inflammatory,non-neoplastic,,http://atlasdermatologico.com.br/img?imageId=4951,httpwwwatlasdermatologicocombrimgimageId4951.jpg
a470455763ec43e13ceb1875d49144da,5,5,scleromyxedema,inflammatory,non-neoplastic,,http://atlasdermatologico.com.br/img?imageId=6645,httpwwwatlasdermatologicocombrimgimageId6645.jpg
e440e3df02101d47fc4a646434ede4d3,5,5,lichen simplex,inflammatory,non-neoplastic,,http://atlasdermatologico.com.br/img?imageId=4003,httpwwwatlasdermatologicocombrimgimageId4003.jpg
af95d928a80e089fc76eb172ecccc650,5,5,lichen planus,inflammatory,non-neoplastic,,http://atlasdermatologico.com.br/img?imageId=3845,httpwwwatlasdermatologicocombrimgimageId3845.jpg
17ee26324d3a8560d550a6e613da9fdd,5,5,lichen planus,inflammatory,non-neoplastic,,http://atlasdermatologico.com.br/img?imageId=3861,httpwwwatlasdermatologicocombrimgimageId3861.jpg
b80352d303a7b9c449695753107239d1,5,5,folliculitis,inflammatory,non-neoplastic,,http://atlasdermatologico.com.br/img?imageId=6195,httpwwwatlasdermatologicocombrimgimageId6195.jpg
028ff8d515a96d75797ffa4a85b849e0,5,5,pityriasis rubra pilaris,inflammatory,non-neoplastic,,http://atlasdermatologico.com.br/img?imageId=5740,httpwwwatlasdermatologicocombrimgimageId5740.jpg
a93c91dbe296ebbb3caf6f49c9530099,5,5,neurofibromatosis,genodermatoses,non-neoplastic,,http://atlasdermatologico.com.br/img?imageId=4814,httpwwwatlasdermatologicocombrimgimageId4814.jpg
59d1cb2c3a272a997d13602843cbfaa4,5,5,lichen planus,inflammatory,non-neoplastic,,http://atlasdermatologico.com.br/img?imageId=3938,httpwwwatlasdermatologicocombrimgimageId3938.jpg
bc01490b2d9f2786d4aa31e7f7fad9f4,5,5,xeroderma pigmentosum,genodermatoses,non-neoplastic,,http://atlasdermatologico.com.br/img?imageId=8146,httpwwwatlasdermatologicocombrimgimageId8146.jpg
897430e469d460fd630b3a4f21857799,5,5,necrobiosis lipoidica,inflammatory,non-neoplastic,,http://atlasdermatologico.com.br/img?imageId=4758,httpwwwatlasdermatologicocombrimgimageId4758.jpg
2480257bc36fcf3e75da0970016054cb,5,5,neurofibromatosis,genodermatoses,non-neoplastic,,http://atlasdermatologico.com.br/img?imageId=4817,httpwwwatlasdermatologicocombrimgimageId4817.jpg
85bdd6635f417d0aaac3656fc0d75bb0,5,5,pityriasis rubra pilaris,inflammatory,non-neoplastic,,http://atlasdermatologico.com.br/img?imageId=5785,httpwwwatlasdermatologicocombrimgimageId5785.jpg
70766ed2b71ab0e8c5b387e172213eee,5,5,melanoma,malignant melanoma,malignant,,http://atlasdermatologico.com.br/img?imageId=4277,httpwwwatlasdermatologicocombrimgimageId4277.jpg
ac713d803bfccd03939a4d3a0785491c,5,5,prurigo nodularis,benign epidermal,benign,,http://atlasdermatologico.com.br/img?imageId=6086,httpwwwatlasdermatologicocombrimgimageId6086.jpg
b6852837c9016fa7e8a7dc5330f5fdb3,5,5,neurofibromatosis,genodermatoses,non-neoplastic,,http://atlasdermatologico.com.br/img?imageId=4773,httpwwwatlasdermatologicocombrimgimageId4773.jpg
3d7e5d7c8f64291390be06665b00bb61,5,5,scleroderma,inflammatory,non-neoplastic,,http://atlasdermatologico.com.br/img?imageId=4023,httpwwwatlasdermatologicocombrimgimageId4023.jpg
f11dd85811e55aa1253cf418068973af,5,5,lupus erythematosus,inflammatory,non-neoplastic,,http://atlasdermatologico.com.br/img?imageId=4127,httpwwwatlasdermatologicocombrimgimageId4127.jpg
692693a122bac6c2d6526cbc9931dfec,5,5,lichen planus,inflammatory,non-neoplastic,,http://atlasdermatologico.com.br/img?imageId=3785,httpwwwatlasdermatologicocombrimgimageId3785.jpg
05ebb2bf850f37d0cbd45d026b0ea1b5,5,5,neurofibromatosis,genodermatoses,non-neoplastic,,http://atlasdermatologico.com.br/img?imageId=4826,httpwwwatlasdermatologicocombrimgimageId4826.jpg
43a53612dc93fd3d02a7119f98591833,5,5,fixed eruptions,inflammatory,non-neoplastic,,http://atlasdermatologico.com.br/img?imageId=2085,httpwwwatlasdermatologicocombrimgimageId2085.jpg
46ca6ec5cac876f8ee126cd076ff26b1,5,5,lichen planus,inflammatory,non-neoplastic,,http://atlasdermatologico.com.br/img?imageId=3864,httpwwwatlasdermatologicocombrimgimageId3864.jpg
f87bbad0b47239d9ffcc70beafbb823c,5,5,pityriasis rubra pilaris,inflammatory,non-neoplastic,,http://atlasdermatologico.com.br/img?imageId=5661,httpwwwatlasdermatologicocombrimgimageId5661.jpg
e598f0548d155a35596d25296ceb18aa,5,5,pilar cyst,benign dermal,benign,,http://atlasdermatologico.com.br/img?imageId=6076,httpwwwatlasdermatologicocombrimgimageId6076.jpg
e8c11fd1e044960c8964f47a0297b7c8,5,5,psoriasis,inflammatory,non-neoplastic,,http://atlasdermatologico.com.br/img?imageId=6272,httpwwwatlasdermatologicocombrimgimageId6272.jpg
70b283d0053a683abc14e4cf4ce83ac5,5,5,squamous cell carcinoma,malignant epidermal,malignant,,http://atlasdermatologico.com.br/img?imageId=6798,httpwwwatlasdermatologicocombrimgimageId6798.jpg
68593bf0b1a12309abb2586e292f695e,5,5,neurofibromatosis,genodermatoses,non-neoplastic,,http://atlasdermatologico.com.br/img?imageId=4791,httpwwwatlasdermatologicocombrimgimageId4791.jpg
c76e39f3b9f28c543849802af257b48e,5,5,scabies,inflammatory,non-neoplastic,,http://atlasdermatologico.com.br/img?imageId=4958,httpwwwatlasdermatologicocombrimgimageId4958.jpg
a562d02d7c568fcff808364b4e9adab5,5,5,syringoma,benign dermal,benign,,http://atlasdermatologico.com.br/img?imageId=7105,httpwwwatlasdermatologicocombrimgimageId7105.jpg
d6bdb8c6d2f2f3eaf0c8fae172146f12,5,5,vitiligo,inflammatory,non-neoplastic,,http://atlasdermatologico.com.br/img?imageId=7909,httpwwwatlasdermatologicocombrimgimageId7909.jpg
7a867028212c16b6f132eadad16afb3e,5,5,erythema multiforme,inflammatory,non-neoplastic,,http://atlasdermatologico.com.br/img?imageId=1957,httpwwwatlasdermatologicocombrimgimageId1957.jpg
43ef247e736ef3bd962bc3004114f8a8,5,5,psoriasis,inflammatory,non-neoplastic,,http://atlasdermatologico.com.br/img?imageId=6322,httpwwwatlasdermatologicocombrimgimageId6322.jpg
f3ad2f7ff9048737ab1e42a2670b9b57,5,5,psoriasis,inflammatory,non-neoplastic,,http://atlasdermatologico.com.br/img?imageId=6242,httpwwwatlasdermatologicocombrimgimageId6242.jpg
5908923939e374f2e0977653ba19e29b,5,5,factitial dermatitis,inflammatory,non-neoplastic,,http://atlasdermatologico.com.br/img?imageId=2046,httpwwwatlasdermatologicocombrimgimageId2046.jpg
3d8d7229294dc0011bcd9f8c34703b86,5,5,pityriasis rubra pilaris,inflammatory,non-neoplastic,,http://atlasdermatologico.com.br/img?imageId=5735,httpwwwatlasdermatologicocombrimgimageId5735.jpg
f1c43fb70b604d45740243f914013a2f,5,5,pityriasis rubra pilaris,inflammatory,non-neoplastic,,http://atlasdermatologico.com.br/img?imageId=5799,httpwwwatlasdermatologicocombrimgimageId5799.jpg
94646305d86635230c4eb1763bb043bc,5,5,basal cell carcinoma,malignant epidermal,malignant,,http://atlasdermatologico.com.br/img?imageId=705,httpwwwatlasdermatologicocombrimgimageId705.jpg
4afd8fba37a64d85112befad499e435d,5,5,neurofibromatosis,genodermatoses,non-neoplastic,,http://atlasdermatologico.com.br/img?imageId=4794,httpwwwatlasdermatologicocombrimgimageId4794.jpg
fbcc48eaf7a00a44c79519a6d8992483,5,5,keloid,inflammatory,non-neoplastic,,http://atlasdermatologico.com.br/img?imageId=2964,httpwwwatlasdermatologicocombrimgimageId2964.jpg
5f7280abc1c22bb4981b259624b0b289,5,5,vitiligo,inflammatory,non-neoplastic,,http://atlasdermatologico.com.br/img?imageId=7932,httpwwwatlasdermatologicocombrimgimageId7932.jpg
ec075ff175602204f1ff61a5dcc4c47f,5,5,pityriasis rubra pilaris,inflammatory,non-neoplastic,,http://atlasdermatologico.com.br/img?imageId=5715,httpwwwatlasdermatologicocombrimgimageId5715.jpg
eab91c11e20398a89c454717dc5eaa94,5,5,melanoma,malignant melanoma,malignant,,http://atlasdermatologico.com.br/img?imageId=4293,httpwwwatlasdermatologicocombrimgimageId4293.jpg
5f1a4d80fdc87563f3cc7174241c3477,5,5,basal cell carcinoma,malignant epidermal,malignant,,http://atlasdermatologico.com.br/img?imageId=538,httpwwwatlasdermatologicocombrimgimageId538.jpg
553a4c38f9d2a180cf16f78253a8fba4,5,5,lichen planus,inflammatory,non-neoplastic,,http://atlasdermatologico.com.br/img?imageId=3824,httpwwwatlasdermatologicocombrimgimageId3824.jpg
3155598be5423d0fd5c044cf31820633,5,5,lichen planus,inflammatory,non-neoplastic,,http://atlasdermatologico.com.br/img?imageId=3783,httpwwwatlasdermatologicocombrimgimageId3783.jpg
45ba4dfafa93009fc819c6a54c6c5ace,5,5,neutrophilic dermatoses,inflammatory,non-neoplastic,,http://atlasdermatologico.com.br/img?imageId=6389,httpwwwatlasdermatologicocombrimgimageId6389.jpg
b8be69a9a7803be386a91ce6e82430a8,5,5,pityriasis rubra pilaris,inflammatory,non-neoplastic,,http://atlasdermatologico.com.br/img?imageId=5798,httpwwwatlasdermatologicocombrimgimageId5798.jpg
705a7638cbb13d0d7b36887f9ef20625,5,5,porokeratosis actinic,benign epidermal,benign,,http://atlasdermatologico.com.br/img?imageId=5925,httpwwwatlasdermatologicocombrimgimageId5925.jpg
d8e4dab281628f85ee5a2353cb0fe25f,5,5,lupus subacute,inflammatory,non-neoplastic,,http://atlasdermatologico.com.br/img?imageId=4383,httpwwwatlasdermatologicocombrimgimageId4383.jpg
411c6726fe8f75fb159ff35dde23fdb8,5,5,lupus erythematosus,inflammatory,non-neoplastic,,http://atlasdermatologico.com.br/img?imageId=4125,httpwwwatlasdermatologicocombrimgimageId4125.jpg
13e38ace5174da147c04caaa035ddfef,5,5,tuberous sclerosis,genodermatoses,non-neoplastic,,http://atlasdermatologico.com.br/img?imageId=7595,httpwwwatlasdermatologicocombrimgimageId7595.jpg
538ba57af12f863e9be0b539d64cf407,5,5,allergic contact dermatitis,inflammatory,non-neoplastic,,http://atlasdermatologico.com.br/img?imageId=1171,httpwwwatlasdermatologicocombrimgimageId1171.jpg
a09323dec3002dbbb039e9cf06dcdb1f,5,5,psoriasis,inflammatory,non-neoplastic,,http://atlasdermatologico.com.br/img?imageId=6286,httpwwwatlasdermatologicocombrimgimageId6286.jpg
66d2e3941be4209e9f09fb285c2b6706,5,5,dariers disease,genodermatoses,non-neoplastic,,http://atlasdermatologico.com.br/img?imageId=1298,httpwwwatlasdermatologicocombrimgimageId1298.jpg
f8683c0969015a76dee43aa7bc5de1af,5,5,cheilitis,inflammatory,non-neoplastic,,http://atlasdermatologico.com.br/img?imageId=5879,httpwwwatlasdermatologicocombrimgimageId5879.jpg
6e1a80dd01bb62ef58e570cf8b71a3b8,5,5,factitial dermatitis,inflammatory,non-neoplastic,,http://atlasdermatologico.com.br/img?imageId=2043,httpwwwatlasdermatologicocombrimgimageId2043.jpg
7059e538e6ba532a231eef3cef2137d7,5,5,nematode infection,inflammatory,non-neoplastic,,http://atlasdermatologico.com.br/img?imageId=3208,httpwwwatlasdermatologicocombrimgimageId3208.jpg
196cccfef8cdf04bc1c28c2a630382c7,5,5,nematode infection,inflammatory,non-neoplastic,,http://atlasdermatologico.com.br/img?imageId=8611,httpwwwatlasdermatologicocombrimgimageId8611.jpg
f90cb15db9410e077a84cddfdff380b8,5,5,hidradenitis,inflammatory,non-neoplastic,,http://atlasdermatologico.com.br/img?imageId=2657,httpwwwatlasdermatologicocombrimgimageId2657.jpg
d6d4fe5875391191209055c22014e2b9,5,5,erythema elevatum diutinum,inflammatory,non-neoplastic,,http://atlasdermatologico.com.br/img?imageId=1929,httpwwwatlasdermatologicocombrimgimageId1929.jpg
24206a1f0436672b7aa70004157bd47d,5,5,lichen planus,inflammatory,non-neoplastic,,http://atlasdermatologico.com.br/img?imageId=3748,httpwwwatlasdermatologicocombrimgimageId3748.jpg
0b459f372f8955a4fcd026210b56e5f9,5,5,seborrheic dermatitis,inflammatory,non-neoplastic,,http://atlasdermatologico.com.br/img?imageId=6701,httpwwwatlasdermatologicocombrimgimageId6701.jpg
1c3c89ab79c5437629276958d37276c6,5,5,folliculitis,inflammatory,non-neoplastic,,http://atlasdermatologico.com.br/img?imageId=6194,httpwwwatlasdermatologicocombrimgimageId6194.jpg
4978a6b94f69b38e5a0fe45857242f45,5,5,squamous cell carcinoma,malignant epidermal,malignant,,http://atlasdermatologico.com.br/img?imageId=3028,httpwwwatlasdermatologicocombrimgimageId3028.jpg
756b24ca24f44a02a098370acdc3ab16,5,5,prurigo nodularis,benign epidermal,benign,,http://atlasdermatologico.com.br/img?imageId=6103,httpwwwatlasdermatologicocombrimgimageId6103.jpg
125e3fe6a454d845e94548c76262eebe,5,5,lichen planus,inflammatory,non-neoplastic,,http://atlasdermatologico.com.br/img?imageId=3782,httpwwwatlasdermatologicocombrimgimageId3782.jpg
fa1473c9a5804dffc8e51f2f8e18ed85,5,5,tuberous sclerosis,genodermatoses,non-neoplastic,,http://atlasdermatologico.com.br/img?imageId=7597,httpwwwatlasdermatologicocombrimgimageId7597.jpg
c8f03b8955ce918a7c4d428f95b56a7f,5,5,psoriasis,inflammatory,non-neoplastic,,http://atlasdermatologico.com.br/img?imageId=6309,httpwwwatlasdermatologicocombrimgimageId6309.jpg
93789ba632d433ddaa96ca50677842c5,5,5,psoriasis,inflammatory,non-neoplastic,,http://atlasdermatologico.com.br/img?imageId=6325,httpwwwatlasdermatologicocombrimgimageId6325.jpg
ff9683f3b55df32e53dc352b5ee466bc,5,5,fixed eruptions,inflammatory,non-neoplastic,,http://atlasdermatologico.com.br/img?imageId=8782,httpwwwatlasdermatologicocombrimgimageId8782.jpg
6c5f7848a7ecd6e62a949c13b05c05dd,5,5,lichen planus,inflammatory,non-neoplastic,,http://atlasdermatologico.com.br/img?imageId=3823,httpwwwatlasdermatologicocombrimgimageId3823.jpg
5fbf8180a2ecb8d9149140119a903bdf,5,5,pityriasis rubra pilaris,inflammatory,non-neoplastic,,http://atlasdermatologico.com.br/img?imageId=5678,httpwwwatlasdermatologicocombrimgimageId5678.jpg
765b1b303c310e448dce4f3abb3e2afa,5,5,neutrophilic dermatoses,inflammatory,non-neoplastic,,http://atlasdermatologico.com.br/img?imageId=6409,httpwwwatlasdermatologicocombrimgimageId6409.jpg
54cbd4efbde816b29a864af3b2603930,5,5,nematode infection,inflammatory,non-neoplastic,,http://atlasdermatologico.com.br/img?imageId=3205,httpwwwatlasdermatologicocombrimgimageId3205.jpg
37de8e0406609884c1140bf660798d40,5,5,melanoma,malignant melanoma,malignant,,http://atlasdermatologico.com.br/img?imageId=4287,httpwwwatlasdermatologicocombrimgimageId4287.jpg
59cb78707861b92323a9d90dcdf79d56,5,5,lichen planus,inflammatory,non-neoplastic,,http://atlasdermatologico.com.br/img?imageId=3862,httpwwwatlasdermatologicocombrimgimageId3862.jpg
44e0f40bb5f8525d9c19015926c89063,5,5,lichen planus,inflammatory,non-neoplastic,,http://atlasdermatologico.com.br/img?imageId=3804,httpwwwatlasdermatologicocombrimgimageId3804.jpg
276d0f394aa36050bb8102f6f2882124,5,5,pityriasis rubra pilaris,inflammatory,non-neoplastic,,http://atlasdermatologico.com.br/img?imageId=5769,httpwwwatlasdermatologicocombrimgimageId5769.jpg
b1cafb56b832bfeec37ba30f7529258c,5,5,lichen planus,inflammatory,non-neoplastic,,http://atlasdermatologico.com.br/img?imageId=3899,httpwwwatlasdermatologicocombrimgimageId3899.jpg
2a2b8a3357e28cdb445ca00168843970,5,5,actinic keratosis,malignant epidermal,malignant,,http://atlasdermatologico.com.br/img?imageId=3074,httpwwwatlasdermatologicocombrimgimageId3074.jpg
2480877cf8cdb39d1349113bee607b39,5,5,sarcoidosis,inflammatory,non-neoplastic,,http://atlasdermatologico.com.br/img?imageId=6523,httpwwwatlasdermatologicocombrimgimageId6523.jpg
a7174cde13b3afa0661a71f4b20cbd5e,5,5,vitiligo,inflammatory,non-neoplastic,,http://atlasdermatologico.com.br/img?imageId=7934,httpwwwatlasdermatologicocombrimgimageId7934.jpg
2106dfaaf3ec8f14dd2b909b96ad59bb,5,5,lichen planus,inflammatory,non-neoplastic,,http://atlasdermatologico.com.br/img?imageId=3788,httpwwwatlasdermatologicocombrimgimageId3788.jpg
56783377d95a87b04c0f10ec52e0ffa7,5,5,psoriasis,inflammatory,non-neoplastic,,http://atlasdermatologico.com.br/img?imageId=6311,httpwwwatlasdermatologicocombrimgimageId6311.jpg
c9256b9fa1fc0171692899d194bc4eac,5,5,vitiligo,inflammatory,non-neoplastic,,http://atlasdermatologico.com.br/img?imageId=7896,httpwwwatlasdermatologicocombrimgimageId7896.jpg
2d5bd071542b8bcfaee644555d739466,5,5,ehlers danlos syndrome,genodermatoses,non-neoplastic,,http://atlasdermatologico.com.br/img?imageId=1634,httpwwwatlasdermatologicocombrimgimageId1634.jpg
433100113d3ee62e2339b78e28f1934c,5,5,lichen planus,inflammatory,non-neoplastic,,http://atlasdermatologico.com.br/img?imageId=3799,httpwwwatlasdermatologicocombrimgimageId3799.jpg
a08cfade611fa7c8514f960b996432a6,5,5,neurofibromatosis,genodermatoses,non-neoplastic,,http://atlasdermatologico.com.br/img?imageId=4798,httpwwwatlasdermatologicocombrimgimageId4798.jpg
fc2745ae80506e5070e1b2b8ba71cdc4,5,5,neurofibromatosis,genodermatoses,non-neoplastic,,http://atlasdermatologico.com.br/img?imageId=4806,httpwwwatlasdermatologicocombrimgimageId4806.jpg
8c6058baf8fe1bcc2e23e9ba6ea3a545,5,5,xeroderma pigmentosum,genodermatoses,non-neoplastic,,http://atlasdermatologico.com.br/img?imageId=8149,httpwwwatlasdermatologicocombrimgimageId8149.jpg
1035f09922e702b21f1650279ff4a0ab,5,5,pilar cyst,benign dermal,benign,,http://atlasdermatologico.com.br/img?imageId=6077,httpwwwatlasdermatologicocombrimgimageId6077.jpg
11193e1f6c0ba72b0ea099526a323364,5,5,necrobiosis lipoidica,inflammatory,non-neoplastic,,http://atlasdermatologico.com.br/img?imageId=4751,httpwwwatlasdermatologicocombrimgimageId4751.jpg
7b5afdf99bbd516b44cdf728e1850bbb,5,5,lichen planus,inflammatory,non-neoplastic,,http://atlasdermatologico.com.br/img?imageId=3784,httpwwwatlasdermatologicocombrimgimageId3784.jpg
f2bcda759200d7c7684a315d0b5504af,5,5,neurofibromatosis,genodermatoses,non-neoplastic,,http://atlasdermatologico.com.br/img?imageId=4815,httpwwwatlasdermatologicocombrimgimageId4815.jpg
3f0c7f7661b1866339142aa830c3ca7e,5,5,prurigo nodularis,benign epidermal,benign,,http://atlasdermatologico.com.br/img?imageId=6097,httpwwwatlasdermatologicocombrimgimageId6097.jpg
7c4736f6da0962b2bfe8f51fdf491d27,5,5,dariers disease,genodermatoses,non-neoplastic,,http://atlasdermatologico.com.br/img?imageId=1289,httpwwwatlasdermatologicocombrimgimageId1289.jpg
c91fccd7013fc10373df83e40c6dfaba,5,5,scabies,inflammatory,non-neoplastic,,http://atlasdermatologico.com.br/img?imageId=6611,httpwwwatlasdermatologicocombrimgimageId6611.jpg
de8f05a30e88e60dd6b40d42bdd243b0,5,5,pityriasis rubra pilaris,inflammatory,non-neoplastic,,http://atlasdermatologico.com.br/img?imageId=5651,httpwwwatlasdermatologicocombrimgimageId5651.jpg
d5a90dc1a06758982d1d38da245d63d7,5,5,ehlers danlos syndrome,genodermatoses,non-neoplastic,,http://atlasdermatologico.com.br/img?imageId=1638,httpwwwatlasdermatologicocombrimgimageId1638.jpg
8ed4dad8580a4dfb0900da5ab47534a2,5,5,scabies,inflammatory,non-neoplastic,,http://atlasdermatologico.com.br/img?imageId=4907,httpwwwatlasdermatologicocombrimgimageId4907.jpg
73a4512be94f8c9f0a8e28ea957fb210,5,5,ehlers danlos syndrome,genodermatoses,non-neoplastic,,http://atlasdermatologico.com.br/img?imageId=1621,httpwwwatlasdermatologicocombrimgimageId1621.jpg
1c3062d54736f7f956f4764021f4dfbb,5,5,naevus comedonicus,benign epidermal,benign,,http://atlasdermatologico.com.br/img?imageId=4670,httpwwwatlasdermatologicocombrimgimageId4670.jpg
0cc6e59e1e059676db591a8a8df964c2,5,5,lupus erythematosus,inflammatory,non-neoplastic,,http://atlasdermatologico.com.br/img?imageId=4076,httpwwwatlasdermatologicocombrimgimageId4076.jpg
d4381a189f50d3307526b90b1abc7b9e,5,5,necrobiosis lipoidica,inflammatory,non-neoplastic,,http://atlasdermatologico.com.br/img?imageId=4752,httpwwwatlasdermatologicocombrimgimageId4752.jpg
85de0b8c73782275bb077a781f4b2b80,5,5,lichen planus,inflammatory,non-neoplastic,,http://atlasdermatologico.com.br/img?imageId=3894,httpwwwatlasdermatologicocombrimgimageId3894.jpg
45d6f7f55ecdcac2cc1b91db501ce85d,5,5,papilomatosis confluentes and reticulate,inflammatory,non-neoplastic,,http://atlasdermatologico.com.br/img?imageId=8428,httpwwwatlasdermatologicocombrimgimageId8428.jpg
7148371428c71da83f86796dd9a3b190,5,5,scabies,inflammatory,non-neoplastic,,http://atlasdermatologico.com.br/img?imageId=6600,httpwwwatlasdermatologicocombrimgimageId6600.jpg
098e2358417484ecc3eab27be86a3046,5,5,scabies,inflammatory,non-neoplastic,,http://atlasdermatologico.com.br/img?imageId=4904,httpwwwatlasdermatologicocombrimgimageId4904.jpg
1c654da9ab9746f34fbcef5fab5d390a,5,5,pityriasis rubra pilaris,inflammatory,non-neoplastic,,http://atlasdermatologico.com.br/img?imageId=5805,httpwwwatlasdermatologicocombrimgimageId5805.jpg
78c9b7626445f3ade59c6fe2e424db4d,5,5,pityriasis rubra pilaris,inflammatory,non-neoplastic,,http://atlasdermatologico.com.br/img?imageId=5770,httpwwwatlasdermatologicocombrimgimageId5770.jpg
4887ea3e8c00ede0becfc9398b7629a8,5,5,folliculitis,inflammatory,non-neoplastic,,http://atlasdermatologico.com.br/img?imageId=6178,httpwwwatlasdermatologicocombrimgimageId6178.jpg
d56d52145880b5280cc2d18c9b4a89f7,5,5,neurofibromatosis,genodermatoses,non-neoplastic,,http://atlasdermatologico.com.br/img?imageId=4802,httpwwwatlasdermatologicocombrimgimageId4802.jpg
3b857a6099ad337af98808486eb39ec5,5,5,prurigo nodularis,benign epidermal,benign,,http://atlasdermatologico.com.br/img?imageId=6091,httpwwwatlasdermatologicocombrimgimageId6091.jpg
21612f71ee8f859d3c66a79973d9713f,5,5,neurofibromatosis,genodermatoses,non-neoplastic,,http://atlasdermatologico.com.br/img?imageId=4807,httpwwwatlasdermatologicocombrimgimageId4807.jpg
5a9240ed55163f56e829bec61d9a5a02,5,5,lichen planus,inflammatory,non-neoplastic,,http://atlasdermatologico.com.br/img?imageId=3826,httpwwwatlasdermatologicocombrimgimageId3826.jpg
72c70306aace54ba95d9e65eae05f7eb,5,5,folliculitis,inflammatory,non-neoplastic,,http://atlasdermatologico.com.br/img?imageId=6186,httpwwwatlasdermatologicocombrimgimageId6186.jpg
b8f898237456342add12467354557aca,5,5,scleromyxedema,inflammatory,non-neoplastic,,http://atlasdermatologico.com.br/img?imageId=6647,httpwwwatlasdermatologicocombrimgimageId6647.jpg
e65f2a8dfa4449284f6deb1582e0d5ae,5,5,dariers disease,genodermatoses,non-neoplastic,,http://atlasdermatologico.com.br/img?imageId=1277,httpwwwatlasdermatologicocombrimgimageId1277.jpg
8fa7f37d4fe7ee477f26cb3e9dc69b1e,5,5,pityriasis rubra pilaris,inflammatory,non-neoplastic,,http://atlasdermatologico.com.br/img?imageId=5791,httpwwwatlasdermatologicocombrimgimageId5791.jpg
98aec15c1b26da814698036a149c04f2,5,5,lichen amyloidosis,inflammatory,non-neoplastic,,http://atlasdermatologico.com.br/img?imageId=3689,httpwwwatlasdermatologicocombrimgimageId3689.jpg
a37ed02cd54e4b530341f7587d4e444a,5,5,melanoma,malignant melanoma,malignant,,http://atlasdermatologico.com.br/img?imageId=4286,httpwwwatlasdermatologicocombrimgimageId4286.jpg
9045c2fee05bab6d08b3d6eac6d64324,5,5,psoriasis,inflammatory,non-neoplastic,,http://atlasdermatologico.com.br/img?imageId=6244,httpwwwatlasdermatologicocombrimgimageId6244.jpg
7f3a52a568d0c5546fda93e6f6ad72ce,5,5,neurofibromatosis,genodermatoses,non-neoplastic,,http://atlasdermatologico.com.br/img?imageId=4793,httpwwwatlasdermatologicocombrimgimageId4793.jpg
13bdcc4307c2b0e0179c5094fc2cc6e3,5,5,fixed eruptions,inflammatory,non-neoplastic,,http://atlasdermatologico.com.br/img?imageId=2095,httpwwwatlasdermatologicocombrimgimageId2095.jpg
7ad362076a87f9c248d9e43bdca031af,5,5,neurofibromatosis,genodermatoses,non-neoplastic,,http://atlasdermatologico.com.br/img?imageId=4785,httpwwwatlasdermatologicocombrimgimageId4785.jpg
f7fd8bb1170d3a631a88c63e71294322,5,5,lichen planus,inflammatory,non-neoplastic,,http://atlasdermatologico.com.br/img?imageId=3851,httpwwwatlasdermatologicocombrimgimageId3851.jpg
1fe42da54970a24725ba4ee204bfab90,5,5,dariers disease,genodermatoses,non-neoplastic,,http://atlasdermatologico.com.br/img?imageId=1280,httpwwwatlasdermatologicocombrimgimageId1280.jpg
d6f332abcef23bccc522ed6e65948bfd,5,5,acne,inflammatory,non-neoplastic,,http://atlasdermatologico.com.br/img?imageId=37,httpwwwatlasdermatologicocombrimgimageId37.jpg
972f4b68ef802a2cda7cae086253df3f,5,5,mycosis fungoides,malignant cutaneous lymphoma,malignant,,http://atlasdermatologico.com.br/img?imageId=8722,httpwwwatlasdermatologicocombrimgimageId8722.jpg
6bdb0fa71ad19b0352e9922e54ce3772,5,5,neurofibromatosis,genodermatoses,non-neoplastic,,http://atlasdermatologico.com.br/img?imageId=4797,httpwwwatlasdermatologicocombrimgimageId4797.jpg
e22bff2d5ee5f56368de8c1f5fe14081,5,5,porphyria,inflammatory,non-neoplastic,,http://atlasdermatologico.com.br/img?imageId=6028,httpwwwatlasdermatologicocombrimgimageId6028.jpg
baa6f4395826d8ea2cfdd3872333b76c,5,5,pityriasis rubra pilaris,inflammatory,non-neoplastic,,http://atlasdermatologico.com.br/img?imageId=5736,httpwwwatlasdermatologicocombrimgimageId5736.jpg
e2ec3ed300a3bae68e03b1a3f5992c5f,5,5,basal cell carcinoma,malignant epidermal,malignant,,http://atlasdermatologico.com.br/img?imageId=706,httpwwwatlasdermatologicocombrimgimageId706.jpg
1b81b6086fddd01aa36cdc454a7836b3,5,5,pityriasis rubra pilaris,inflammatory,non-neoplastic,,http://atlasdermatologico.com.br/img?imageId=5722,httpwwwatlasdermatologicocombrimgimageId5722.jpg
8f13823fb719383eb6154885e6e8e975,5,5,erythema elevatum diutinum,inflammatory,non-neoplastic,,http://atlasdermatologico.com.br/img?imageId=1916,httpwwwatlasdermatologicocombrimgimageId1916.jpg
bd65806b6a90d0648cee71904fad90f7,5,5,pityriasis rubra pilaris,inflammatory,non-neoplastic,,http://atlasdermatologico.com.br/img?imageId=5706,httpwwwatlasdermatologicocombrimgimageId5706.jpg
07b833a380685660b4ddfd3f92f4a094,5,5,neurofibromatosis,genodermatoses,non-neoplastic,,http://atlasdermatologico.com.br/img?imageId=4770,httpwwwatlasdermatologicocombrimgimageId4770.jpg
c69b810bbe5c2eb7785daa9af3f2b5f8,5,5,mycosis fungoides,malignant cutaneous lymphoma,malignant,,http://atlasdermatologico.com.br/img?imageId=8729,httpwwwatlasdermatologicocombrimgimageId8729.jpg
fb4768efaee2420ec78a2360edc98491,5,5,lichen planus,inflammatory,non-neoplastic,,http://atlasdermatologico.com.br/img?imageId=3926,httpwwwatlasdermatologicocombrimgimageId3926.jpg
0327466e2c74672e83a55b47e800fe05,5,5,psoriasis,inflammatory,non-neoplastic,,http://atlasdermatologico.com.br/img?imageId=6243,httpwwwatlasdermatologicocombrimgimageId6243.jpg
670ca45dcfd987fbafd79d5f9268386d,5,5,neurofibromatosis,genodermatoses,non-neoplastic,,http://atlasdermatologico.com.br/img?imageId=4809,httpwwwatlasdermatologicocombrimgimageId4809.jpg
779d55b35fd89c5e8cfb76eb81b90e3c,5,5,neurofibromatosis,genodermatoses,non-neoplastic,,http://atlasdermatologico.com.br/img?imageId=4820,httpwwwatlasdermatologicocombrimgimageId4820.jpg
9163c0dc32069e063ef96a82941cccb3,5,5,mycosis fungoides,malignant cutaneous lymphoma,malignant,,http://atlasdermatologico.com.br/img?imageId=8727,httpwwwatlasdermatologicocombrimgimageId8727.jpg
a836c4919e836ac8f0fb0481473dc9f1,5,5,pityriasis rubra pilaris,inflammatory,non-neoplastic,,http://atlasdermatologico.com.br/img?imageId=5767,httpwwwatlasdermatologicocombrimgimageId5767.jpg
0fe97e9a15a1178d2b08253d79a2adc6,5,5,pityriasis rubra pilaris,inflammatory,non-neoplastic,,http://atlasdermatologico.com.br/img?imageId=5731,httpwwwatlasdermatologicocombrimgimageId5731.jpg
96abfb8fe142f2ffccb73f40a87a1692,5,5,lichen amyloidosis,inflammatory,non-neoplastic,,http://atlasdermatologico.com.br/img?imageId=3690,httpwwwatlasdermatologicocombrimgimageId3690.jpg
d88cffe6f1b91a7171d7a027242ee1c2,5,5,lichen planus,inflammatory,non-neoplastic,,http://atlasdermatologico.com.br/img?imageId=3933,httpwwwatlasdermatologicocombrimgimageId3933.jpg
0c3e253bc97c4b2402a61bcf693f3848,5,5,keloid,inflammatory,non-neoplastic,,http://atlasdermatologico.com.br/img?imageId=2970,httpwwwatlasdermatologicocombrimgimageId2970.jpg
daf718978f62033d239c595e96ad3d2c,5,5,mycosis fungoides,malignant cutaneous lymphoma,malignant,,http://atlasdermatologico.com.br/img?imageId=8723,httpwwwatlasdermatologicocombrimgimageId8723.jpg
c7f97113ae5822426fc55486f0ae8c42,5,5,scleromyxedema,inflammatory,non-neoplastic,,http://atlasdermatologico.com.br/img?imageId=6652,httpwwwatlasdermatologicocombrimgimageId6652.jpg
bc9923b6fd5cfffb0612956e5a3c085c,5,5,allergic contact dermatitis,inflammatory,non-neoplastic,,http://atlasdermatologico.com.br/img?imageId=1165,httpwwwatlasdermatologicocombrimgimageId1165.jpg
f0c438b67c46d6d1f61ae4f6a677e28d,5,5,ehlers danlos syndrome,genodermatoses,non-neoplastic,,http://atlasdermatologico.com.br/img?imageId=1612,httpwwwatlasdermatologicocombrimgimageId1612.jpg
49ed416e5f1dc646ecbaf99b23b48095,5,5,basal cell carcinoma,malignant epidermal,malignant,,http://atlasdermatologico.com.br/img?imageId=554,httpwwwatlasdermatologicocombrimgimageId554.jpg
8ed8dde95f212a1a94b65e3578d55fa8,5,5,nematode infection,inflammatory,non-neoplastic,,http://atlasdermatologico.com.br/img?imageId=3209,httpwwwatlasdermatologicocombrimgimageId3209.jpg
000e8dd5ee75dd6668e978e7a4e6fe54,5,5,folliculitis,inflammatory,non-neoplastic,,http://atlasdermatologico.com.br/img?imageId=6185,httpwwwatlasdermatologicocombrimgimageId6185.jpg
6bbb87c1ba24d5c658a393c19080c24f,5,5,acne,inflammatory,non-neoplastic,,http://atlasdermatologico.com.br/img?imageId=33,httpwwwatlasdermatologicocombrimgimageId33.jpg
92165da09e7b52565bea626eac259225,5,5,pityriasis rubra pilaris,inflammatory,non-neoplastic,,http://atlasdermatologico.com.br/img?imageId=5725,httpwwwatlasdermatologicocombrimgimageId5725.jpg
d76b9ccfd947608f57a56716834921a5,5,5,folliculitis,inflammatory,non-neoplastic,,http://atlasdermatologico.com.br/img?imageId=6179,httpwwwatlasdermatologicocombrimgimageId6179.jpg
90767147449f5fa1bff6146fc734dec0,5,5,lichen planus,inflammatory,non-neoplastic,,http://atlasdermatologico.com.br/img?imageId=3853,httpwwwatlasdermatologicocombrimgimageId3853.jpg
2ecf3527cc84f9669aaa132a1662a5c1,5,5,prurigo nodularis,benign epidermal,benign,,http://atlasdermatologico.com.br/img?imageId=6089,httpwwwatlasdermatologicocombrimgimageId6089.jpg
dd34ef463a4f145e9c2ed01ed2f3fb50,5,5,neurofibromatosis,genodermatoses,non-neoplastic,,http://atlasdermatologico.com.br/img?imageId=4812,httpwwwatlasdermatologicocombrimgimageId4812.jpg
0868dda2265f726c73175c7885f272d3,5,5,erythema elevatum diutinum,inflammatory,non-neoplastic,,http://atlasdermatologico.com.br/img?imageId=1931,httpwwwatlasdermatologicocombrimgimageId1931.jpg
9575b8c8f7258a3bcdb54ba39e2573a8,5,5,lichen planus,inflammatory,non-neoplastic,,http://atlasdermatologico.com.br/img?imageId=3860,httpwwwatlasdermatologicocombrimgimageId3860.jpg
56d32e0e33a13641ea4fd71864c1ac11,5,5,syringoma,benign dermal,benign,,http://atlasdermatologico.com.br/img?imageId=7106,httpwwwatlasdermatologicocombrimgimageId7106.jpg
452aad2e9dd0142466877a3a0be3790b,5,5,psoriasis,inflammatory,non-neoplastic,,http://atlasdermatologico.com.br/img?imageId=6273,httpwwwatlasdermatologicocombrimgimageId6273.jpg
eb9acf3ecf71fd86dca542b99a2d0f53,5,5,striae,inflammatory,non-neoplastic,,http://atlasdermatologico.com.br/img?imageId=6879,httpwwwatlasdermatologicocombrimgimageId6879.jpg
4fb3def84c6c24ab689e02485d6cbe4f,5,5,ehlers danlos syndrome,genodermatoses,non-neoplastic,,http://atlasdermatologico.com.br/img?imageId=1639,httpwwwatlasdermatologicocombrimgimageId1639.jpg
64d88a9aba7718df1ff3a07f6e675493,5,5,lichen planus,inflammatory,non-neoplastic,,http://atlasdermatologico.com.br/img?imageId=3888,httpwwwatlasdermatologicocombrimgimageId3888.jpg
ffe7c790b3d6cbefbd42422d54deccb4,5,5,lichen planus,inflammatory,non-neoplastic,,http://atlasdermatologico.com.br/img?imageId=3798,httpwwwatlasdermatologicocombrimgimageId3798.jpg
ecf08d0204ddf9e53d52b6d7a3413273,5,5,lichen planus,inflammatory,non-neoplastic,,http://atlasdermatologico.com.br/img?imageId=3895,httpwwwatlasdermatologicocombrimgimageId3895.jpg
c3985052d8e6c529756ca453d1f407ab,5,5,lupus erythematosus,inflammatory,non-neoplastic,,http://atlasdermatologico.com.br/img?imageId=4109,httpwwwatlasdermatologicocombrimgimageId4109.jpg
92549c774f00f71247d8278b8d406909,5,5,lupus erythematosus,inflammatory,non-neoplastic,,http://atlasdermatologico.com.br/img?imageId=4069,httpwwwatlasdermatologicocombrimgimageId4069.jpg
ab8bfca0d33e57062e4c4a1a7b41c847,5,5,nematode infection,inflammatory,non-neoplastic,,http://atlasdermatologico.com.br/img?imageId=3169,httpwwwatlasdermatologicocombrimgimageId3169.jpg
d3332026c7ed7a8077bb6d6480f5fb9b,5,5,pityriasis rubra pilaris,inflammatory,non-neoplastic,,http://atlasdermatologico.com.br/img?imageId=5671,httpwwwatlasdermatologicocombrimgimageId5671.jpg
ba6f667d66b32df3a4185658738f9ca7,5,5,prurigo nodularis,benign epidermal,benign,,http://atlasdermatologico.com.br/img?imageId=6111,httpwwwatlasdermatologicocombrimgimageId6111.jpg
c38745b6206df54deac45ab2a30a96e0,5,5,papilomatosis confluentes and reticulate,inflammatory,non-neoplastic,,http://atlasdermatologico.com.br/img?imageId=8427,httpwwwatlasdermatologicocombrimgimageId8427.jpg
256d9dd351bff7d5aa484e21c05c952e,5,5,dariers disease,genodermatoses,non-neoplastic,,http://atlasdermatologico.com.br/img?imageId=1275,httpwwwatlasdermatologicocombrimgimageId1275.jpg
953faf3c474c61545b63c75de349eef1,5,5,psoriasis,inflammatory,non-neoplastic,,http://atlasdermatologico.com.br/img?imageId=6280,httpwwwatlasdermatologicocombrimgimageId6280.jpg
f254b24dd1d26553360f85a5c935a2d4,5,5,ehlers danlos syndrome,genodermatoses,non-neoplastic,,http://atlasdermatologico.com.br/img?imageId=1616,httpwwwatlasdermatologicocombrimgimageId1616.jpg
b4b0eeeb1cfc1b7fa8cae06c3bfd3cb8,5,5,psoriasis,inflammatory,non-neoplastic,,http://atlasdermatologico.com.br/img?imageId=6271,httpwwwatlasdermatologicocombrimgimageId6271.jpg
aeec721bdc4094e13cfc48cdb942cb5c,5,5,folliculitis,inflammatory,non-neoplastic,,http://atlasdermatologico.com.br/img?imageId=1704,httpwwwatlasdermatologicocombrimgimageId1704.jpg
d9792a7746b21ae454cc239421679149,5,5,neurofibromatosis,genodermatoses,non-neoplastic,,http://atlasdermatologico.com.br/img?imageId=4790,httpwwwatlasdermatologicocombrimgimageId4790.jpg
5b0a933026ae756b5738e5349560a090,5,5,neurofibromatosis,genodermatoses,non-neoplastic,,http://atlasdermatologico.com.br/img?imageId=4829,httpwwwatlasdermatologicocombrimgimageId4829.jpg
8499b6fe4d966b5f08251bbfb68fc6ee,5,5,allergic contact dermatitis,inflammatory,non-neoplastic,,http://atlasdermatologico.com.br/img?imageId=1161,httpwwwatlasdermatologicocombrimgimageId1161.jpg
c59fa65dd63f7ea2b3d76cec39a3d2af,5,5,psoriasis,inflammatory,non-neoplastic,,http://atlasdermatologico.com.br/img?imageId=6295,httpwwwatlasdermatologicocombrimgimageId6295.jpg
a5c19c72734b59da422b7cf1a832f873,5,5,pityriasis rubra pilaris,inflammatory,non-neoplastic,,http://atlasdermatologico.com.br/img?imageId=5705,httpwwwatlasdermatologicocombrimgimageId5705.jpg
7db5f2a08af7e47a7a12b77c957e1189,5,5,lupus erythematosus,inflammatory,non-neoplastic,,http://atlasdermatologico.com.br/img?imageId=4106,httpwwwatlasdermatologicocombrimgimageId4106.jpg
b8bc24eafc9c33ad74f3fcb67b2634dc,5,5,lichen planus,inflammatory,non-neoplastic,,http://atlasdermatologico.com.br/img?imageId=3884,httpwwwatlasdermatologicocombrimgimageId3884.jpg
f7c72d8e658fc7103d151265b58287c2,5,5,folliculitis,inflammatory,non-neoplastic,,http://atlasdermatologico.com.br/img?imageId=2154,httpwwwatlasdermatologicocombrimgimageId2154.jpg
f16882e2cdc571904d065bb050327b3a,5,5,lichen amyloidosis,inflammatory,non-neoplastic,,http://atlasdermatologico.com.br/img?imageId=3686,httpwwwatlasdermatologicocombrimgimageId3686.jpg
298458fc4508482a9349aa46d1e6c5a0,5,5,ehlers danlos syndrome,genodermatoses,non-neoplastic,,http://atlasdermatologico.com.br/img?imageId=1633,httpwwwatlasdermatologicocombrimgimageId1633.jpg
842a5fa7f5ec7534b9295a0e5a15dd85,5,5,pityriasis rubra pilaris,inflammatory,non-neoplastic,,http://atlasdermatologico.com.br/img?imageId=5686,httpwwwatlasdermatologicocombrimgimageId5686.jpg
0aebf00651ef3e45c7ac5b71472a08de,5,5,necrobiosis lipoidica,inflammatory,non-neoplastic,,http://atlasdermatologico.com.br/img?imageId=4756,httpwwwatlasdermatologicocombrimgimageId4756.jpg
21dafd9fe93b30ecb50fe9e484ee83bd,5,5,neurofibromatosis,genodermatoses,non-neoplastic,,http://atlasdermatologico.com.br/img?imageId=4799,httpwwwatlasdermatologicocombrimgimageId4799.jpg
5c7a759d9b19417c828612dc9b016dc1,5,5,acne,inflammatory,non-neoplastic,,http://atlasdermatologico.com.br/img?imageId=35,httpwwwatlasdermatologicocombrimgimageId35.jpg
46245bf9601f5b8bbb24c4262f3c11d6,5,5,folliculitis,inflammatory,non-neoplastic,,http://atlasdermatologico.com.br/img?imageId=6183,httpwwwatlasdermatologicocombrimgimageId6183.jpg
2bd51eeec33997f3619f78356f3b993f,5,5,psoriasis,inflammatory,non-neoplastic,,http://atlasdermatologico.com.br/img?imageId=6332,httpwwwatlasdermatologicocombrimgimageId6332.jpg
93aeefa9aeed0a5bac85e14f4bd7ace8,5,5,kaposi sarcoma,malignant dermal,malignant,,http://atlasdermatologico.com.br/img?imageId=2932,httpwwwatlasdermatologicocombrimgimageId2932.jpg
318b22c9a723a7d88f217c3a21ed20e5,5,5,pityriasis rubra pilaris,inflammatory,non-neoplastic,,http://atlasdermatologico.com.br/img?imageId=5724,httpwwwatlasdermatologicocombrimgimageId5724.jpg
6ebbdefdad23fe1219db0cbf13f6b4be,5,5,vitiligo,inflammatory,non-neoplastic,,http://atlasdermatologico.com.br/img?imageId=7937,httpwwwatlasdermatologicocombrimgimageId7937.jpg
ffa52599fb209b7ee46115e78546dfa4,5,5,necrobiosis lipoidica,inflammatory,non-neoplastic,,http://atlasdermatologico.com.br/img?imageId=4755,httpwwwatlasdermatologicocombrimgimageId4755.jpg
a036718d77f4a4339b2aaf15e2087fe0,5,5,squamous cell carcinoma,malignant epidermal,malignant,,http://atlasdermatologico.com.br/img?imageId=2987,httpwwwatlasdermatologicocombrimgimageId2987.jpg
5b00a77572e171e9c9142de2b2bd1b74,5,5,scabies,inflammatory,non-neoplastic,,http://atlasdermatologico.com.br/img?imageId=6613,httpwwwatlasdermatologicocombrimgimageId6613.jpg
54062cedd5bf0e41f3c95feba2bb0373,5,5,squamous cell carcinoma,malignant epidermal,malignant,,http://atlasdermatologico.com.br/img?imageId=3009,httpwwwatlasdermatologicocombrimgimageId3009.jpg
6b9fb5678649db590ccfc891e1d168b5,5,5,vitiligo,inflammatory,non-neoplastic,,http://atlasdermatologico.com.br/img?imageId=7916,httpwwwatlasdermatologicocombrimgimageId7916.jpg
6756421ff9272a68082ca2508de2b1fe,5,5,scabies,inflammatory,non-neoplastic,,http://atlasdermatologico.com.br/img?imageId=6567,httpwwwatlasdermatologicocombrimgimageId6567.jpg
a8d1b8f97efb9cebccd244b212d77f28,5,5,squamous cell carcinoma,malignant epidermal,malignant,,http://atlasdermatologico.com.br/img?imageId=8598,httpwwwatlasdermatologicocombrimgimageId8598.jpg
365b9b176377557b6b8952164f8f334c,5,5,pityriasis rosea,inflammatory,non-neoplastic,,http://atlasdermatologico.com.br/img?imageId=5588,httpwwwatlasdermatologicocombrimgimageId5588.jpg
6dba85c5ed51391aeea93c56c6e4f70a,5,5,neutrophilic dermatoses,inflammatory,non-neoplastic,,http://atlasdermatologico.com.br/img?imageId=6382,httpwwwatlasdermatologicocombrimgimageId6382.jpg
b25ac7509e6fddb84e73f42029bc413b,5,5,squamous cell carcinoma,malignant epidermal,malignant,,http://atlasdermatologico.com.br/img?imageId=3008,httpwwwatlasdermatologicocombrimgimageId3008.jpg
b8e2d224a7b3ce5a263a3d1fd3541faf,5,5,papilomatosis confluentes and reticulate,inflammatory,non-neoplastic,,http://atlasdermatologico.com.br/img?imageId=5078,httpwwwatlasdermatologicocombrimgimageId5078.jpg
0564e32394d14c2c16b4b1e35def1711,5,5,neurofibromatosis,genodermatoses,non-neoplastic,,http://atlasdermatologico.com.br/img?imageId=4775,httpwwwatlasdermatologicocombrimgimageId4775.jpg
2d9ebe9cb6f414ec647c136fa3cab203,5,5,granuloma pyogenic,benign dermal,benign,,http://atlasdermatologico.com.br/img?imageId=2332,httpwwwatlasdermatologicocombrimgimageId2332.jpg
d2e55a1959fdb0563226fbada4e405b3,5,5,erythema multiforme,inflammatory,non-neoplastic,,http://atlasdermatologico.com.br/img?imageId=1953,httpwwwatlasdermatologicocombrimgimageId1953.jpg
b8e75b6e2ecb9987c30a12a9f67ee67a,5,5,lupus erythematosus,inflammatory,non-neoplastic,,http://atlasdermatologico.com.br/img?imageId=4047,httpwwwatlasdermatologicocombrimgimageId4047.jpg
005c26fd71696854f7b4c9d80a5dc9d6,5,5,scleroderma,inflammatory,non-neoplastic,,http://atlasdermatologico.com.br/img?imageId=4025,httpwwwatlasdermatologicocombrimgimageId4025.jpg
df038c2752aab803dabd0f20d08e3c68,5,5,pityriasis rubra pilaris,inflammatory,non-neoplastic,,http://atlasdermatologico.com.br/img?imageId=5742,httpwwwatlasdermatologicocombrimgimageId5742.jpg
0cca9158478f6a0f7714af43bec16e65,5,5,neurofibromatosis,genodermatoses,non-neoplastic,,http://atlasdermatologico.com.br/img?imageId=4765,httpwwwatlasdermatologicocombrimgimageId4765.jpg
26000be7f82ea8a22b0e462abf81d4fa,5,5,fixed eruptions,inflammatory,non-neoplastic,,http://atlasdermatologico.com.br/img?imageId=2084,httpwwwatlasdermatologicocombrimgimageId2084.jpg
84e064c4594aa616fb9858f77a945d1a,5,5,folliculitis,inflammatory,non-neoplastic,,http://atlasdermatologico.com.br/img?imageId=6193,httpwwwatlasdermatologicocombrimgimageId6193.jpg
0b41063e0936042b8d3f4f0ddd780e7f,5,5,prurigo nodularis,benign epidermal,benign,,http://atlasdermatologico.com.br/img?imageId=6104,httpwwwatlasdermatologicocombrimgimageId6104.jpg
1f3ea52339d1cdb3cbcd44dd5e7322c0,5,5,nematode infection,inflammatory,non-neoplastic,,http://atlasdermatologico.com.br/img?imageId=3230,httpwwwatlasdermatologicocombrimgimageId3230.jpg
d347fc4dfc12d0f675f8e971c13967ce,5,5,behcets disease,inflammatory,non-neoplastic,,http://atlasdermatologico.com.br/img?imageId=8632,httpwwwatlasdermatologicocombrimgimageId8632.jpg
835965eb33ec5867041982daf17cd3b8,5,5,lupus erythematosus,inflammatory,non-neoplastic,,http://atlasdermatologico.com.br/img?imageId=4116,httpwwwatlasdermatologicocombrimgimageId4116.jpg
cd90e491ddaa92f0f4eb07f73aa09f64,5,5,scleroderma,inflammatory,non-neoplastic,,http://atlasdermatologico.com.br/img?imageId=4529,httpwwwatlasdermatologicocombrimgimageId4529.jpg
5bd4fcff50e9a50c529080f03ab824a7,6,6,neurofibromatosis,genodermatoses,non-neoplastic,,https://www.dermaamin.com/site/images/clinical-pic/n/neurofibromatosis-von-reckling-hausen-syndrome/neurofibromatosis-von-reckling-hausen-syndrome37.jpg,httpwwwdermaamincomsiteimagesclinicalpicnneurofibromatosisvonrecklinghausensyndromeneurofibromatosisvonrecklinghausensyndrome37jpg.jpg
f228b0ed53a49770f269da5f3ee131c5,6,6,vitiligo,inflammatory,non-neoplastic,,https://www.dermaamin.com/site/images/clinical-pic/v/vitiligo/vitiligo39.jpg,httpwwwdermaamincomsiteimagesclinicalpicvvitiligovitiligo39jpg.jpg
6e7d4fbd43fdfa20e22779d9670762a5,6,6,behcets disease,inflammatory,non-neoplastic,,https://www.dermaamin.com/site/images/clinical-pic/b/buerger_disease/buerger_disease4.jpg,httpwwwdermaamincomsiteimagesclinicalpicbbuergerdiseasebuergerdisease4jpg.jpg
568062107b882079931f07d874639343,6,6,acne vulgaris,inflammatory,non-neoplastic,,https://www.dermaamin.com/site/images/clinical-pic/d/dracunculiasis/dracunculiasis2.jpg,httpwwwdermaamincomsiteimagesclinicalpicddracunculiasisdracunculiasis2jpg.jpg
d95bb36bbdb0f6f3224029ef6afc14e1,6,6,keloid,inflammatory,non-neoplastic,,https://www.dermaamin.com/site/images/clinical-pic/k/kekoid/kekoid40.jpg,httpwwwdermaamincomsiteimagesclinicalpickkekoidkekoid40jpg.jpg
3d9887b1f426ac5a3a3ed5e2b8c56b87,6,6,dermatomyositis,inflammatory,non-neoplastic,,https://www.dermaamin.com/site/images/clinical-pic/d/dermatomyositis/dermatomyositis163.jpg,httpwwwdermaamincomsiteimagesclinicalpicddermatomyositisdermatomyositis163jpg.jpg
ed16510afd72947109adc8bd02b2fbcc,6,6,psoriasis,inflammatory,non-neoplastic,,https://www.dermaamin.com/site/images/clinical-pic/p/psoriasis-arthropathica/psoriasis-arthropathica18.jpg,httpwwwdermaamincomsiteimagesclinicalpicppsoriasisarthropathicapsoriasisarthropathica18jpg.jpg
99282ae41e691d80fe46124d0efdbe53,6,6,dyshidrotic eczema,inflammatory,non-neoplastic,,https://www.dermaamin.com/site/images/clinical-pic/p/pompholyx/pompholyx26.jpg,httpwwwdermaamincomsiteimagesclinicalpicppompholyxpompholyx26jpg.jpg
ba273f49780b59e01dd13ae5a1fd365a,6,6,dariers disease,genodermatoses,non-neoplastic,,https://www.dermaamin.com/site/images/clinical-pic/d/dariers_disease/dariers_disease66.jpg,httpwwwdermaamincomsiteimagesclinicalpicddariersdiseasedariersdisease66jpg.jpg
bfb97335940b62aff9ecf8a01485807c,6,6,keloid,inflammatory,non-neoplastic,,https://www.dermaamin.com/site/images/clinical-pic/k/kekoid/kekoid41.jpg,httpwwwdermaamincomsiteimagesclinicalpickkekoidkekoid41jpg.jpg
fb7470ace7d0cb469c58921ca6835f75,6,6,keloid,inflammatory,non-neoplastic,,https://www.dermaamin.com/site/images/clinical-pic/k/kekoid/kekoid8.jpg,httpwwwdermaamincomsiteimagesclinicalpickkekoidkekoid8jpg.jpg
4f56807f47fe9a2dd46fbed3d38ad8c7,6,6,kaposi sarcoma,malignant dermal,malignant,,https://www.dermaamin.com/site/images/clinical-pic/k/kaposis-sarcoma/kaposis-sarcoma89.jpg,httpwwwdermaamincomsiteimagesclinicalpickkaposissarcomakaposissarcoma89jpg.jpg
9d994f1278a9788612fa2af179328c31,6,6,melanoma,malignant melanoma,malignant,,,httpwwwdermaamincomsiteimagesclinicalpicooralmucosalmelanomaoralmucosalmelanoma3jpg.jpg
2efe8f83cce8aa57f40f78b435dbcc75,6,6,nematode infection,inflammatory,non-neoplastic,,https://www.dermaamin.com/site/images/clinical-pic/c/cutaneous_larva_migrans/cutaneous_larva_migrans11.jpg,httpwwwdermaamincomsiteimagesclinicalpicccutaneouslarvamigranscutaneouslarvamigrans11jpg.jpg
c7c93112a8dd45edeacfe3496ff8a4c9,6,6,psoriasis,inflammatory,non-neoplastic,,https://www.dermaamin.com/site/images/clinical-pic/p/psoriasis-of-hands/psoriasis-of-hands6.jpg,httpwwwdermaamincomsiteimagesclinicalpicppsoriasisofhandspsoriasisofhands6jpg.jpg
dd334572680595f5e7ac09a3b549296b,6,6,lichen planus,inflammatory,non-neoplastic,,https://www.dermaamin.com/site/images/clinical-pic/L/lichen_planus_actinic/lichen_planus_actinic2.jpg,httpwwwdermaamincomsiteimagesclinicalpicLlichenplanusactiniclichenplanusactinic2jpg.jpg
a88c411740f56661e579e1df8b464e39,6,6,lupus erythematosus,inflammatory,non-neoplastic,,https://www.dermaamin.com/site/images/clinical-pic/L/lupus_erythematosus_chronicus_discoides/lupus_erythematosus_chronicus_discoides25.jpg,httpwwwdermaamincomsiteimagesclinicalpicLlupuserythematosuschronicusdiscoideslupuserythematosuschronicusdiscoides25jpg.jpg
36795d14c4c8da5a070930476770ccb7,6,6,lupus erythematosus,inflammatory,non-neoplastic,,https://www.dermaamin.com/site/images/clinical-pic/L/lupus_erythematosus_chronicus_discoides/lupus_erythematosus_chronicus_discoides3.jpg,httpwwwdermaamincomsiteimagesclinicalpicLlupuserythematosuschronicusdiscoideslupuserythematosuschronicusdiscoides3jpg.jpg
0615bb16e58d2c52b7ed54ef2529927d,6,6,nematode infection,inflammatory,non-neoplastic,,https://www.dermaamin.com/site/images/clinical-pic/L/larva-migrans/larva-migrans52.jpg,httpwwwdermaamincomsiteimagesclinicalpicLlarvamigranslarvamigrans52jpg.jpg
e0d0f5c66cb4941f3b9b8491b8e77c26,6,6,folliculitis,inflammatory,non-neoplastic,,https://www.dermaamin.com/site/images/clinical-pic/p/pseudofolliculitis-barbae/pseudofolliculitis-barbae1.jpg,httpwwwdermaamincomsiteimagesclinicalpicppseudofolliculitisbarbaepseudofolliculitisbarbae1jpg.jpg
268e737f44bce5f54b4bcee52baf7e66,6,6,keloid,inflammatory,non-neoplastic,,https://www.dermaamin.com/site/images/clinical-pic/k/kekoid/kekoid11.jpg,httpwwwdermaamincomsiteimagesclinicalpickkekoidkekoid11jpg.jpg
30a0b728b7c6da516439bae2e0b0cf20,6,6,congenital nevus,benign melanocyte,benign,,https://www.dermaamin.com/site/images/clinical-pic/c/congential_nevus/congential_nevus58.jpg,httpwwwdermaamincomsiteimagesclinicalpicccongentialnevuscongentialnevus58jpg.jpg
f2d32747c4635d15749c3337bf30d86f,6,6,sarcoidosis,inflammatory,non-neoplastic,,https://www.dermaamin.com/site/images/clinical-pic/s/sarcoidosis/sarcoidosis141.jpg,httpwwwdermaamincomsiteimagesclinicalpicssarcoidosissarcoidosis141jpg.jpg
0704faf440c3eab8f367d3cd9650a330,6,6,eczema,inflammatory,non-neoplastic,,https://www.dermaamin.com/site/images/clinical-pic/e/eczema/eczema116.jpg,httpwwwdermaamincomsiteimagesclinicalpiceeczemaeczema116jpg.jpg
57ed49e9e7286aa931775ca9fe0052d7,6,6,kaposi sarcoma,malignant dermal,malignant,,https://www.dermaamin.com/site/images/clinical-pic/k/kaposis-sarcoma/kaposis-sarcoma28.jpg,httpwwwdermaamincomsiteimagesclinicalpickkaposissarcomakaposissarcoma28jpg.jpg
67f806f7ab3c7338d969fb24c14d514b,6,6,neutrophilic dermatoses,inflammatory,non-neoplastic,,https://www.dermaamin.com/site/images/clinical-pic/p/pyoderma-gangrenosum/pyoderma-gangrenosum17.jpg,httpwwwdermaamincomsiteimagesclinicalpicppyodermagangrenosumpyodermagangrenosum17jpg.jpg
6b7b5c1b62dc2203ae7dfd102d750b53,6,6,xeroderma pigmentosum,genodermatoses,non-neoplastic,,https://www.dermaamin.com/site/images/clinical-pic/X/xeroderma-pigmentosum/xeroderma-pigmentosum49.jpg,httpwwwdermaamincomsiteimagesclinicalpicXxerodermapigmentosumxerodermapigmentosum49jpg.jpg
1fc1eff4c66e8e14b039964fac65ba7e,6,6,squamous cell carcinoma,malignant epidermal,malignant,,https://www.dermaamin.com/site/images/clinical-pic/s/squamous-cell-carcinoma/squamous-cell-carcinoma3.jpg,httpwwwdermaamincomsiteimagesclinicalpicssquamouscellcarcinomasquamouscellcarcinoma3jpg.jpg
3c0366f84c9d30adcce069774528e3d7,6,6,scleromyxedema,inflammatory,non-neoplastic,,https://www.dermaamin.com/site/images/clinical-pic/s/scleromyxedema/scleromyxedema17.jpg,httpwwwdermaamincomsiteimagesclinicalpicsscleromyxedemascleromyxedema17jpg.jpg
2dea1285d745b1d614d7c7cc3feb2dfb,6,6,lupus erythematosus,inflammatory,non-neoplastic,,https://www.dermaamin.com/site/images/clinical-pic/L/lupus-chronique/lupus-chronique14.jpg,httpwwwdermaamincomsiteimagesclinicalpicLlupuschroniquelupuschronique14jpg.jpg
7667396577c8a5828bf9070dd24a67a3,6,6,lupus erythematosus,inflammatory,non-neoplastic,,https://www.dermaamin.com/site/images/clinical-pic/L/lupus_erythematosus_chronicus_discoides/lupus_erythematosus_chronicus_discoides4.jpg,httpwwwdermaamincomsiteimagesclinicalpicLlupuserythematosuschronicusdiscoideslupuserythematosuschronicusdiscoides4jpg.jpg
bee428af68657ff702c769092b1998c6,6,6,squamous cell carcinoma,malignant epidermal,malignant,,https://www.dermaamin.com/site/images/clinical-pic/k/keratoacanthoma/keratoacanthoma81.jpg,httpwwwdermaamincomsiteimagesclinicalpickkeratoacanthomakeratoacanthoma81jpg.jpg
e6867e2c7f181aded4471840c0848bc3,6,6,vitiligo,inflammatory,non-neoplastic,,https://www.dermaamin.com/site/images/clinical-pic/v/vitiligo/vitiligo54.jpg,httpwwwdermaamincomsiteimagesclinicalpicvvitiligovitiligo54jpg.jpg
b0ca03d6edc7f6aec8467e898177c9d0,6,6,tungiasis,inflammatory,non-neoplastic,,https://www.dermaamin.com/site/images/clinical-pic/t/tungiasis/tungiasis34.jpg,httpwwwdermaamincomsiteimagesclinicalpicttungiasistungiasis34jpg.jpg
93c9e68276c5aa3dfc73c8e71f90d7b4,6,6,scleroderma,inflammatory,non-neoplastic,,https://www.dermaamin.com/site/images/clinical-pic/L/linear-scleroderma/linear-scleroderma1.jpg,httpwwwdermaamincomsiteimagesclinicalpicLlinearsclerodermalinearscleroderma1jpg.jpg
ccea20999ccd8eb80ea1d9143c9fec63,6,6,vitiligo,inflammatory,non-neoplastic,,https://www.dermaamin.com/site/images/clinical-pic/v/vitiligo/vitiligo71.jpg,httpwwwdermaamincomsiteimagesclinicalpicvvitiligovitiligo71jpg.jpg
d05fcb14b5d9b8d4bbad922eca07dea2,6,6,psoriasis,inflammatory,non-neoplastic,,https://www.dermaamin.com/site/images/clinical-pic/p/psoriasis_chronic_plaque/psoriasis_chronic_plaque33.jpg,httpwwwdermaamincomsiteimagesclinicalpicppsoriasischronicplaquepsoriasischronicplaque33jpg.jpg
b44ee315d6748446c119496a91a7c439,6,6,vitiligo,inflammatory,non-neoplastic,,https://www.dermaamin.com/site/images/clinical-pic/v/vitiligo/vitiligo95.jpg,httpwwwdermaamincomsiteimagesclinicalpicvvitiligovitiligo95jpg.jpg
e425da88ea8a897e3eae075f7a038b67,6,6,scabies,inflammatory,non-neoplastic,,https://www.dermaamin.com/site/images/clinical-pic/s/scabies/scabies44.jpg,httpwwwdermaamincomsiteimagesclinicalpicsscabiesscabies44jpg.jpg
aba082609e966daf665ccfbb264c226f,6,6,squamous cell carcinoma,malignant epidermal,malignant,,https://www.dermaamin.com/site/images/clinical-pic/e/erythroplasia_of_queyrat/erythroplasia_of_queyrat10.jpg,httpwwwdermaamincomsiteimagesclinicalpiceerythroplasiaofqueyraterythroplasiaofqueyrat10jpg.jpg
f1fa0c1a7632dfa036777befc290cc5f,6,6,seborrheic keratosis,benign epidermal,benign,,https://www.dermaamin.com/site/images/clinical-pic/s/seborrheic-keratoses/seborrheic-keratoses48.jpg,httpwwwdermaamincomsiteimagesclinicalpicsseborrheickeratosesseborrheickeratoses48jpg.jpg
fdc5bc859f975723f384c63dcc0c0ebf,6,6,allergic contact dermatitis,inflammatory,non-neoplastic,,https://www.dermaamin.com/site/images/clinical-pic/c/contact_dermatitis/contact_dermatitis16.jpg,httpwwwdermaamincomsiteimagesclinicalpicccontactdermatitiscontactdermatitis16jpg.jpg
ad89479a37e40aaf3416cefd634e18a8,6,6,prurigo nodularis,benign epidermal,benign,,https://www.dermaamin.com/site/images/clinical-pic/p/prurigo_nodularis/prurigo_nodularis12.jpg,httpwwwdermaamincomsiteimagesclinicalpicpprurigonodularisprurigonodularis12jpg.jpg
0278e81848371969d7ac14bb0d60bcec,6,6,disseminated actinic porokeratosis,benign epidermal,benign,,https://www.dermaamin.com/site/images/clinical-pic/d/disseminated_intravascular_coagulation/disseminated_intravascular_coagulation1.jpg,httpwwwdermaamincomsiteimagesclinicalpicddisseminatedintravascularcoagulationdisseminatedintravascularcoagulation1jpg.jpg
a04201512e6d4c2fe6483c4fe2555c49,6,6,pityriasis rubra pilaris,inflammatory,non-neoplastic,,https://www.dermaamin.com/site/images/clinical-pic/p/pityriasis_rubra_pilaris/pityriasis_rubra_pilaris70.jpg,httpwwwdermaamincomsiteimagesclinicalpicppityriasisrubrapilarispityriasisrubrapilaris70jpg.jpg
d10722216af2bab5bfc450259169f9fe,6,6,melanoma,malignant melanoma,malignant,,https://www.dermaamin.com/site/images/clinical-pic/r/recurrent_memalona/recurrent_memalona3.jpg,httpwwwdermaamincomsiteimagesclinicalpicrrecurrentmemalonarecurrentmemalona3jpg.jpg
31eee568029f5a70bbda34af551bc67b,6,6,keloid,inflammatory,non-neoplastic,,https://www.dermaamin.com/site/images/clinical-pic/k/kekoid/kekoid4.jpg,httpwwwdermaamincomsiteimagesclinicalpickkekoidkekoid4jpg.jpg
9fe7369e9cd9a468a2feb65a81c4bb13,6,6,squamous cell carcinoma,malignant epidermal,malignant,,https://www.dermaamin.com/site/images/clinical-pic/k/keratoacanthoma/keratoacanthoma45.jpg,httpwwwdermaamincomsiteimagesclinicalpickkeratoacanthomakeratoacanthoma45jpg.jpg
9b801e7d7d014ee7597948bd353d7c99,6,6,lupus erythematosus,inflammatory,non-neoplastic,,https://www.dermaamin.com/site/images/clinical-pic/L/lupus_erythematosus_chronicus_discoides/lupus_erythematosus_chronicus_discoides2.jpg,httpwwwdermaamincomsiteimagesclinicalpicLlupuserythematosuschronicusdiscoideslupuserythematosuschronicusdiscoides2jpg.jpg
4038bc8a2e8d71eebcf410748d0b9f77,6,6,allergic contact dermatitis,inflammatory,non-neoplastic,,https://www.dermaamin.com/site/images/clinical-pic/c/contact_dermatitis/contact_dermatitis28.jpg,httpwwwdermaamincomsiteimagesclinicalpicccontactdermatitiscontactdermatitis28jpg.jpg
f51cec7f23279040c83623816e93fe50,6,6,pityriasis rubra pilaris,inflammatory,non-neoplastic,,https://www.dermaamin.com/site/images/clinical-pic/p/pityriasis_rubra_pilaris/pityriasis_rubra_pilaris35.jpg,httpwwwdermaamincomsiteimagesclinicalpicppityriasisrubrapilarispityriasisrubrapilaris35jpg.jpg
af01661f096dbc627e989ba05a119780,6,6,vitiligo,inflammatory,non-neoplastic,,https://www.dermaamin.com/site/images/clinical-pic/v/vitiligo/vitiligo6.jpg,httpwwwdermaamincomsiteimagesclinicalpicvvitiligovitiligo6jpg.jpg
1d40ad005bd5839fc682a92140d45139,6,6,porokeratosis of mibelli,benign epidermal,benign,,https://www.dermaamin.com/site/images/clinical-pic/p/porokeratosis_of_mibelli/porokeratosis_of_mibelli41.jpg,httpwwwdermaamincomsiteimagesclinicalpicpporokeratosisofmibelliporokeratosisofmibelli41jpg.jpg
f4dbee47126c6fca79290be7dc800695,6,6,sarcoidosis,inflammatory,non-neoplastic,,https://www.dermaamin.com/site/images/clinical-pic/d/discoid_le/discoid_le7.jpg,httpwwwdermaamincomsiteimagesclinicalpicddiscoidlediscoidle7jpg.jpg
c573d761db9d07bb2307e31f11fde562,6,6,pityriasis rubra pilaris,inflammatory,non-neoplastic,,https://www.dermaamin.com/site/images/clinical-pic/p/pityriasis_rubra_pilaris/pityriasis_rubra_pilaris48.jpg,httpwwwdermaamincomsiteimagesclinicalpicppityriasisrubrapilarispityriasisrubrapilaris48jpg.jpg
5a360b7eed522c75b447c80fe4d353e0,6,6,acanthosis nigricans,inflammatory,non-neoplastic,,https://www.dermaamin.com/site/images/clinical-pic/a/acanthosis_nigricans/acanthosis_nigricans72.jpg,httpwwwdermaamincomsiteimagesclinicalpicaacanthosisnigricansacanthosisnigricans72jpg.jpg
b29387fe37d359b8bcf33bcf2a219614,6,6,pityriasis rubra pilaris,inflammatory,non-neoplastic,,https://www.dermaamin.com/site/images/clinical-pic/p/pityriasis_rubra_pilaris/pityriasis_rubra_pilaris67.jpg,httpwwwdermaamincomsiteimagesclinicalpicppityriasisrubrapilarispityriasisrubrapilaris67jpg.jpg
6148b527955f9480592a8dd6686aacf6,6,6,pityriasis rubra pilaris,inflammatory,non-neoplastic,,https://www.dermaamin.com/site/images/clinical-pic/p/pityriasis_rubra_pilaris/pityriasis_rubra_pilaris99.jpg,httpwwwdermaamincomsiteimagesclinicalpicppityriasisrubrapilarispityriasisrubrapilaris99jpg.jpg
a9da7a3fee5fa3d845bef61e4fb4aa2d,6,6,necrobiosis lipoidica,inflammatory,non-neoplastic,,https://www.dermaamin.com/site/images/clinical-pic/n/necrobiois-lipoidica-diabeticorum/necrobiois-lipoidica-diabeticorum10.jpg,httpwwwdermaamincomsiteimagesclinicalpicnnecrobioislipoidicadiabeticorumnecrobioislipoidicadiabeticorum10jpg.jpg
6fd5e53b1bf7db950800b7ffaf436981,6,6,lichen amyloidosis,inflammatory,non-neoplastic,,https://www.dermaamin.com/site/images/clinical-pic/L/lichen-amyloidosis/lichen-amyloidosis19.jpg,httpwwwdermaamincomsiteimagesclinicalpicLlichenamyloidosislichenamyloidosis19jpg.jpg
d9983861bd1eeebe931ee7b5fb3a112a,6,6,acanthosis nigricans,inflammatory,non-neoplastic,,https://www.dermaamin.com/site/images/clinical-pic/a/acanthosis_nigricans/acanthosis_nigricans35.jpg,httpwwwdermaamincomsiteimagesclinicalpicaacanthosisnigricansacanthosisnigricans35jpg.jpg
ed04779a244ceb4766056ed347da1988,6,6,seborrheic keratosis,benign epidermal,benign,,https://www.dermaamin.com/site/images/clinical-pic/s/seborrheic-keratoses/seborrheic-keratoses24.jpg,httpwwwdermaamincomsiteimagesclinicalpicsseborrheickeratosesseborrheickeratoses24jpg.jpg
e6849771d5adcf58e5ee1fd538816842,6,6,scabies,inflammatory,non-neoplastic,,https://www.dermaamin.com/site/images/clinical-pic/s/scabies/scabies58.jpg,httpwwwdermaamincomsiteimagesclinicalpicsscabiesscabies58jpg.jpg
2a15701b156ba62885e84dcc3f8ea910,6,6,fordyce spots,benign dermal,benign,,https://www.dermaamin.com/site/images/clinical-pic/f/fordyce-spots/fordyce-spots49.jpg,httpwwwdermaamincomsiteimagesclinicalpicffordycespotsfordycespots49jpg.jpg
df8387df4697ebb509e2dfc7d4c0bfb7,6,6,kaposi sarcoma,malignant dermal,malignant,,https://www.dermaamin.com/site/images/clinical-pic/k/kaposis-sarcoma/kaposis-sarcoma7.jpg,httpwwwdermaamincomsiteimagesclinicalpickkaposissarcomakaposissarcoma7jpg.jpg
c41b777685cc657bf85ae5b2fa8acc54,6,6,psoriasis,inflammatory,non-neoplastic,,https://www.dermaamin.com/site/images/clinical-pic/I/inverse_psoriasis/inverse_psoriasis5.jpg,httpwwwdermaamincomsiteimagesclinicalpicIinversepsoriasisinversepsoriasis5jpg.jpg
3f17fbcb288f27b9d3002367725396d1,6,6,nevus sebaceous of jadassohn,benign epidermal,benign,,https://www.dermaamin.com/site/images/clinical-pic/n/nevus-sebaceous-of-jadassohn/nevus-sebaceous-of-jadassohn92.jpg,httpwwwdermaamincomsiteimagesclinicalpicnnevussebaceousofjadassohnnevussebaceousofjadassohn92jpg.jpg
64222f330373f656d40c112087e3a4a2,6,6,lymphangioma,benign dermal,benign,,https://www.dermaamin.com/site/images/clinical-pic/L/lymphangioma/lymphangioma12.jpg,httpwwwdermaamincomsiteimagesclinicalpicLlymphangiomalymphangioma12jpg.jpg
5687d234732b70ed57e773b50c47ff17,6,6,lupus erythematosus,inflammatory,non-neoplastic,,https://www.dermaamin.com/site/images/clinical-pic/L/lupus_erythematosus_chronicus_discoides/lupus_erythematosus_chronicus_discoides43.jpg,httpwwwdermaamincomsiteimagesclinicalpicLlupuserythematosuschronicusdiscoideslupuserythematosuschronicusdiscoides43jpg.jpg
aee55393455a1089b7ae761731cc685f,6,6,urticaria pigmentosa,inflammatory,non-neoplastic,,https://www.dermaamin.com/site/images/clinical-pic/u/urticaria-pigmentosa/urticaria-pigmentosa92.jpg,httpwwwdermaamincomsiteimagesclinicalpicuurticariapigmentosaurticariapigmentosa92jpg.jpg
ef62c527de4b8343c41976ae2756ff72,6,6,stevens johnson syndrome,inflammatory,non-neoplastic,,https://www.dermaamin.com/site/images/clinical-pic/s/stephen-johnson-syndrome/stephen-johnson-syndrome109.jpg,httpwwwdermaamincomsiteimagesclinicalpicsstephenjohnsonsyndromestephenjohnsonsyndrome109jpg.jpg
7dc216ee1ebb0b9f531d336443f627f9,6,6,acanthosis nigricans,inflammatory,non-neoplastic,,https://www.dermaamin.com/site/images/clinical-pic/a/acanthosis_nigricans/acanthosis_nigricans61.jpg,httpwwwdermaamincomsiteimagesclinicalpicaacanthosisnigricansacanthosisnigricans61jpg.jpg
b35d8e1757e938d5520dfd99ff8e0174,6,6,lupus subacute,inflammatory,non-neoplastic,,https://www.dermaamin.com/site/images/clinical-pic/L/lymphocytic-infiltration-of-the-skin-jessner-kanof/lymphocytic-infiltration-of-the-skin-jessner-kanof7.jpg,httpwwwdermaamincomsiteimagesclinicalpicLlymphocyticinfiltrationoftheskinjessnerkanoflymphocyticinfiltrationoftheskinjessnerkanof7jpg.jpg
f8c6615c8c5af9d278d291b67f12c37e,6,6,naevus comedonicus,benign epidermal,benign,,https://www.dermaamin.com/site/images/clinical-pic/n/naevus-congenital/naevus-congenital25.jpg,httpwwwdermaamincomsiteimagesclinicalpicnnaevuscongenitalnaevuscongenital25jpg.jpg
9c9e21741635d06581ac056a42da0d7d,6,6,lupus erythematosus,inflammatory,non-neoplastic,,https://www.dermaamin.com/site/images/clinical-pic/L/lupus_erythematosus/lupus_erythematosus28.jpg,httpwwwdermaamincomsiteimagesclinicalpicLlupuserythematosuslupuserythematosus28jpg.jpg
47a390d8faaaa85a43f08f3753101b76,6,6,fixed eruptions,inflammatory,non-neoplastic,,https://www.dermaamin.com/site/images/clinical-pic/f/fixed_drug_eruption/fixed_drug_eruption64.jpg,httpwwwdermaamincomsiteimagesclinicalpicffixeddrugeruptionfixeddrugeruption64jpg.jpg
c4b814c616710d881c285d1164bea9d9,6,6,tick bite,inflammatory,non-neoplastic,,https://www.dermaamin.com/site/images/clinical-pic/f/frost-bite/frost-bite6.jpg,httpwwwdermaamincomsiteimagesclinicalpicffrostbitefrostbite6jpg.jpg
707eed81b8a149d5dd728ac2a4ae95c8,6,6,photodermatoses,inflammatory,non-neoplastic,,https://www.dermaamin.com/site/images/clinical-pic/p/phototoxic-eruption/phototoxic-eruption33.jpg,httpwwwdermaamincomsiteimagesclinicalpicpphototoxiceruptionphototoxiceruption33jpg.jpg
a2796c48905def101fedca316ed16721,6,6,xanthomas,inflammatory,non-neoplastic,,https://www.dermaamin.com/site/images/clinical-pic/X/xanthomas/xanthomas2.jpg,httpwwwdermaamincomsiteimagesclinicalpicXxanthomasxanthomas2jpg.jpg
b81ff9146b02a1e79bb3356837076d73,6,6,pityriasis rubra pilaris,inflammatory,non-neoplastic,,https://www.dermaamin.com/site/images/clinical-pic/p/pityriasis_rubra_pilaris/pityriasis_rubra_pilaris78.jpg,httpwwwdermaamincomsiteimagesclinicalpicppityriasisrubrapilarispityriasisrubrapilaris78jpg.jpg
6e8e9409b9996913fdaffe8676b0275a,6,6,prurigo nodularis,benign epidermal,benign,,https://www.dermaamin.com/site/images/clinical-pic/p/prurigo_nodularis/prurigo_nodularis111.jpg,httpwwwdermaamincomsiteimagesclinicalpicpprurigonodularisprurigonodularis111jpg.jpg
29addfb46a8afdc90a5d864dd2af895e,6,6,syringoma,benign dermal,benign,,https://www.dermaamin.com/site/images/clinical-pic/s/syringoma/syringoma1.jpg,httpwwwdermaamincomsiteimagesclinicalpicssyringomasyringoma1jpg.jpg
67be5ded2639427a77761dbbcee1234c,6,6,acne vulgaris,inflammatory,non-neoplastic,,https://www.dermaamin.com/site/images/clinical-pic/a/acne_vulgaris/acne_vulgaris154.jpg,httpwwwdermaamincomsiteimagesclinicalpicaacnevulgarisacnevulgaris154jpg.jpg
dfab2b5d93e4e0160cfc2cffaebd6ec0,6,6,scleromyxedema,inflammatory,non-neoplastic,,https://www.dermaamin.com/site/images/clinical-pic/s/scleromyxedema/scleromyxedema18.jpg,httpwwwdermaamincomsiteimagesclinicalpicsscleromyxedemascleromyxedema18jpg.jpg
e2ef12140ece8e80fbe944b253b11a16,6,6,pityriasis rubra pilaris,inflammatory,non-neoplastic,,https://www.dermaamin.com/site/images/clinical-pic/p/pityriasis_rubra_pilaris/pityriasis_rubra_pilaris51.jpg,httpwwwdermaamincomsiteimagesclinicalpicppityriasisrubrapilarispityriasisrubrapilaris51jpg.jpg
d74bf7086d40cbe08ef23f9df9a100c9,6,6,scleromyxedema,inflammatory,non-neoplastic,,https://www.dermaamin.com/site/images/clinical-pic/s/scleromyxedema/scleromyxedema15.jpg,httpwwwdermaamincomsiteimagesclinicalpicsscleromyxedemascleromyxedema15jpg.jpg
10b66b2883ce32100b262b712db1ec8b,6,6,psoriasis,inflammatory,non-neoplastic,,https://www.dermaamin.com/site/images/clinical-pic/p/psoriasis-pustular/psoriasis-pustular66.jpg,httpwwwdermaamincomsiteimagesclinicalpicppsoriasispustularpsoriasispustular66jpg.jpg
97d3c34e3be55d7ec7d9a32d53b70f72,6,6,factitial dermatitis,inflammatory,non-neoplastic,,https://www.dermaamin.com/site/images/clinical-pic/f/factitial_dermatitis/factitial_dermatitis7.jpg,httpwwwdermaamincomsiteimagesclinicalpicffactitialdermatitisfactitialdermatitis7jpg.jpg
df92d66f6b5d89715b690be50a36424e,6,6,pityriasis rubra pilaris,inflammatory,non-neoplastic,,https://www.dermaamin.com/site/images/clinical-pic/p/pityriasis_rubra_pilaris/pityriasis_rubra_pilaris15.jpg,httpwwwdermaamincomsiteimagesclinicalpicppityriasisrubrapilarispityriasisrubrapilaris15jpg.jpg
0b84b453dc9c779e4131ec24f9c1f9a5,6,6,psoriasis,inflammatory,non-neoplastic,,https://www.dermaamin.com/site/images/clinical-pic/p/psoriasis/psoriasis83.jpg,httpwwwdermaamincomsiteimagesclinicalpicppsoriasispsoriasis83jpg.jpg
ecb1c9a80a30956cfda81749bb1bdabe,6,6,factitial dermatitis,inflammatory,non-neoplastic,,https://www.dermaamin.com/site/images/clinical-pic/f/factitial_dermatitis/factitial_dermatitis18.jpg,httpwwwdermaamincomsiteimagesclinicalpicffactitialdermatitisfactitialdermatitis18jpg.jpg
4c374174ba0d59f32c4ecb2f9d47dfc2,6,6,lichen planus,inflammatory,non-neoplastic,,https://www.dermaamin.com/site/images/clinical-pic/L/lichen_planus_actinic/lichen_planus_actinic22.jpg,httpwwwdermaamincomsiteimagesclinicalpicLlichenplanusactiniclichenplanusactinic22jpg.jpg
3b9e7c77a9af902261aa6e3e43eec343,6,6,tungiasis,inflammatory,non-neoplastic,,https://www.dermaamin.com/site/images/clinical-pic/t/tungiasis/tungiasis47.jpg,httpwwwdermaamincomsiteimagesclinicalpicttungiasistungiasis47jpg.jpg
e6d4eff50c0c91271ec920ded74762a9,6,6,epidermolysis bullosa,genodermatoses,non-neoplastic,,https://www.dermaamin.com/site/images/clinical-pic/J/junctional-epidermolysis-bullosa/junctional-epidermolysis-bullosa2.jpg,httpwwwdermaamincomsiteimagesclinicalpicJjunctionalepidermolysisbullosajunctionalepidermolysisbullosa2jpg.jpg
d8999e963be6f4ade3cdf0903f894b05,6,6,lymphangioma,benign dermal,benign,,https://www.dermaamin.com/site/images/clinical-pic/L/lymphangioma/lymphangioma11.jpg,httpwwwdermaamincomsiteimagesclinicalpicLlymphangiomalymphangioma11jpg.jpg
a6a7271b4e9b5e679d08e6677272e15d,6,6,lichen planus,inflammatory,non-neoplastic,,https://www.dermaamin.com/site/images/clinical-pic/t/trauma/trauma6.jpg,httpwwwdermaamincomsiteimagesclinicalpicttraumatrauma6jpg.jpg
ed566a3bfd9a17d4baa8ae479b5c720d,6,6,drug eruption,inflammatory,non-neoplastic,,https://www.dermaamin.com/site/images/clinical-pic/d/drug_pigmentation/drug_pigmentation1.jpg,httpwwwdermaamincomsiteimagesclinicalpicddrugpigmentationdrugpigmentation1jpg.jpg
f0c4cdd4fc15a9ee1b0e62fe2fb57806,6,6,dermatomyositis,inflammatory,non-neoplastic,,https://www.dermaamin.com/site/images/clinical-pic/d/dermatomyositis/dermatomyositis162.jpg,httpwwwdermaamincomsiteimagesclinicalpicddermatomyositisdermatomyositis162jpg.jpg
a3a3d89bb3f9fecb49a43fb1ed9afda9,6,6,dyshidrotic eczema,inflammatory,non-neoplastic,,https://www.dermaamin.com/site/images/clinical-pic/d/dyshidrotic_eczema/dyshidrotic_eczema17.jpg,httpwwwdermaamincomsiteimagesclinicalpicddyshidroticeczemadyshidroticeczema17jpg.jpg
de88950c3d35a2ad5312b15526b35cdc,6,6,tungiasis,inflammatory,non-neoplastic,,https://www.dermaamin.com/site/images/clinical-pic/t/tungiasis/tungiasis52.jpg,httpwwwdermaamincomsiteimagesclinicalpicttungiasistungiasis52jpg.jpg
bb4fecc4701823a02f9c06f58e0da001,6,6,lichen simplex,inflammatory,non-neoplastic,,,httpwwwdermaamincomsiteimagesclinicalpicLLichensimplexchronicusLichensimplexchronicus32jpg.jpg
59bc4b0b6b3c2b547a11954395732a4d,6,6,granuloma annulare,inflammatory,non-neoplastic,,https://www.dermaamin.com/site/images/clinical-pic/g/granuloma_annulare/granuloma_annulare65.jpg,httpwwwdermaamincomsiteimagesclinicalpicggranulomaannularegranulomaannulare65jpg.jpg
dfa9ade263641709b6ccfbfce23c3423,6,6,psoriasis,inflammatory,non-neoplastic,,https://www.dermaamin.com/site/images/clinical-pic/p/psoriasis/psoriasis40.jpg,httpwwwdermaamincomsiteimagesclinicalpicppsoriasispsoriasis40jpg.jpg
dcf7ec9f1c462145f445114b7a45dbbf,6,6,folliculitis,inflammatory,non-neoplastic,,https://www.dermaamin.com/site/images/clinical-pic/p/pseudofolliculitis-barbae/pseudofolliculitis-barbae16.jpg,httpwwwdermaamincomsiteimagesclinicalpicppseudofolliculitisbarbaepseudofolliculitisbarbae16jpg.jpg
ea93a653bdbc12775b61259f62fbf8ba,6,6,xeroderma pigmentosum,genodermatoses,non-neoplastic,,https://www.dermaamin.com/site/images/clinical-pic/X/xeroderma-pigmentosum/xeroderma-pigmentosum44.jpg,httpwwwdermaamincomsiteimagesclinicalpicXxerodermapigmentosumxerodermapigmentosum44jpg.jpg
e4f3e8c64584a988c122997cc2c09782,6,6,acne vulgaris,inflammatory,non-neoplastic,,https://www.dermaamin.com/site/images/clinical-pic/d/dracunculiasis/dracunculiasis1.jpg,httpwwwdermaamincomsiteimagesclinicalpicddracunculiasisdracunculiasis1jpg.jpg
34e20d92cb5bc33ed13464a28e682ef7,6,6,stevens johnson syndrome,inflammatory,non-neoplastic,,https://www.dermaamin.com/site/images/clinical-pic/s/stephen-johnson-syndrome/stephen-johnson-syndrome12.jpg,httpwwwdermaamincomsiteimagesclinicalpicsstephenjohnsonsyndromestephenjohnsonsyndrome12jpg.jpg
4596eb8ddd2645626548932980f2fb6c,6,6,lichen planus,inflammatory,non-neoplastic,,https://www.dermaamin.com/site/images/clinical-pic/L/lichen_planus_actinic/lichen_planus_actinic26.jpg,httpwwwdermaamincomsiteimagesclinicalpicLlichenplanusactiniclichenplanusactinic26jpg.jpg
0406ff2f20f6daa2e97a7f0bd0f778cd,6,6,keloid,inflammatory,non-neoplastic,,https://www.dermaamin.com/site/images/clinical-pic/k/kekoid/kekoid12.jpg,httpwwwdermaamincomsiteimagesclinicalpickkekoidkekoid12jpg.jpg
f6071ca6c73b9c3ecafc8e73375b4d79,6,6,factitial dermatitis,inflammatory,non-neoplastic,,https://www.dermaamin.com/site/images/clinical-pic/f/factitial_dermatitis/factitial_dermatitis53.jpg,httpwwwdermaamincomsiteimagesclinicalpicffactitialdermatitisfactitialdermatitis53jpg.jpg
4787deccffc9493499a60313aba88cb3,6,6,lichen amyloidosis,inflammatory,non-neoplastic,,https://www.dermaamin.com/site/images/clinical-pic/L/lichen-amyloidosis/lichen-amyloidosis20.jpg,httpwwwdermaamincomsiteimagesclinicalpicLlichenamyloidosislichenamyloidosis20jpg.jpg
8e58158cfd0115aaeac852b743df2936,6,6,psoriasis,inflammatory,non-neoplastic,,https://www.dermaamin.com/site/images/clinical-pic/p/psoriasis/psoriasis52.jpg,httpwwwdermaamincomsiteimagesclinicalpicppsoriasispsoriasis52jpg.jpg
1221c950725b509df36e84d5f93e179c,6,6,acne vulgaris,inflammatory,non-neoplastic,,https://www.dermaamin.com/site/images/clinical-pic/a/acne_vulgaris/acne_vulgaris95.jpg,httpwwwdermaamincomsiteimagesclinicalpicaacnevulgarisacnevulgaris95jpg.jpg
c3421ee03a2f8ea073e61cdf00bb1585,6,6,keloid,inflammatory,non-neoplastic,,https://www.dermaamin.com/site/images/clinical-pic/k/kekoid/kekoid131.jpg,httpwwwdermaamincomsiteimagesclinicalpickkekoidkekoid131jpg.jpg
04379559d6f119c6028c6790c2b3af1c,6,6,lichen simplex,inflammatory,non-neoplastic,,,httpwwwdermaamincomsiteimagesclinicalpicLLichensimplexchronicusLichensimplexchronicus13jpg.jpg
b72d1be04344752af9265ee18ad121b8,6,6,xeroderma pigmentosum,genodermatoses,non-neoplastic,,https://www.dermaamin.com/site/images/clinical-pic/X/xeroderma-pigmentosum/xeroderma-pigmentosum29.jpg,httpwwwdermaamincomsiteimagesclinicalpicXxerodermapigmentosumxerodermapigmentosum29jpg.jpg
04ac5df2113b9004779eed39630e0f8c,6,6,stevens johnson syndrome,inflammatory,non-neoplastic,,https://www.dermaamin.com/site/images/clinical-pic/s/stephen-johnson-syndrome/stephen-johnson-syndrome50.jpg,httpwwwdermaamincomsiteimagesclinicalpicsstephenjohnsonsyndromestephenjohnsonsyndrome50jpg.jpg
90066d69c01bdfbe9cf2af1dc3234fc9,6,6,lupus erythematosus,inflammatory,non-neoplastic,,https://www.dermaamin.com/site/images/clinical-pic/L/lupus_erythematosus_chronicus_discoides/lupus_erythematosus_chronicus_discoides7.jpg,httpwwwdermaamincomsiteimagesclinicalpicLlupuserythematosuschronicusdiscoideslupuserythematosuschronicusdiscoides7jpg.jpg
1e05b3cfccbf7b4143f709a9423fcea5,6,6,eczema,inflammatory,non-neoplastic,,https://www.dermaamin.com/site/images/clinical-pic/e/eczema_eyelids/eczema_eyelids1.jpg,httpwwwdermaamincomsiteimagesclinicalpiceeczemaeyelidseczemaeyelids1jpg.jpg
a574b0aea786ec340a3cafbc5987724f,6,6,acanthosis nigricans,inflammatory,non-neoplastic,,https://www.dermaamin.com/site/images/clinical-pic/a/acanthosis_nigricans/acanthosis_nigricans48.jpg,httpwwwdermaamincomsiteimagesclinicalpicaacanthosisnigricansacanthosisnigricans48jpg.jpg
1d3998c59a0fe0223bba702a09fd9d21,6,6,myiasis,inflammatory,non-neoplastic,,https://www.dermaamin.com/site/images/clinical-pic/Y/yaws/yaws3.jpg,httpwwwdermaamincomsiteimagesclinicalpicYyawsyaws3jpg.jpg
08feca025dfb53bff8826d9c78c5fde8,6,6,factitial dermatitis,inflammatory,non-neoplastic,,https://www.dermaamin.com/site/images/clinical-pic/f/factitial_dermatitis/factitial_dermatitis17.jpg,httpwwwdermaamincomsiteimagesclinicalpicffactitialdermatitisfactitialdermatitis17jpg.jpg
534ab2e2db0e131c9ba2e98488589f24,6,6,allergic contact dermatitis,inflammatory,non-neoplastic,,https://www.dermaamin.com/site/images/clinical-pic/c/contact_dermatitis/contact_dermatitis1.jpg,httpwwwdermaamincomsiteimagesclinicalpicccontactdermatitiscontactdermatitis1jpg.jpg
f8ca8f9f5f69335b3535db3ac394fc53,6,6,cheilitis,inflammatory,non-neoplastic,,https://www.dermaamin.com/site/images/clinical-pic/c/chancre_syphilitique/chancre_syphilitique6.jpg,httpwwwdermaamincomsiteimagesclinicalpiccchancresyphilitiquechancresyphilitique6jpg.jpg
c465d8b7a4273c618cea01568be5299a,6,6,squamous cell carcinoma,malignant epidermal,malignant,,https://www.dermaamin.com/site/images/clinical-pic/v/verrucous-carcinoma/verrucous-carcinoma1.jpg,httpwwwdermaamincomsiteimagesclinicalpicvverrucouscarcinomaverrucouscarcinoma1jpg.jpg
d76f83755d821a4235a25750408d6d80,6,6,pityriasis rosea,inflammatory,non-neoplastic,,https://www.dermaamin.com/site/images/clinical-pic/p/pityriasis_rosea/pityriasis_rosea15.jpg,httpwwwdermaamincomsiteimagesclinicalpicppityriasisroseapityriasisrosea15jpg.jpg
2758b5c34a69934352fd535a0ee732fa,6,6,lupus erythematosus,inflammatory,non-neoplastic,,https://www.dermaamin.com/site/images/clinical-pic/L/lupus_erythematosus/lupus_erythematosus47.jpg,httpwwwdermaamincomsiteimagesclinicalpicLlupuserythematosuslupuserythematosus47jpg.jpg
1a9bdbdb5e43969584ad64999d41db78,6,6,pityriasis rubra pilaris,inflammatory,non-neoplastic,,https://www.dermaamin.com/site/images/clinical-pic/r/remains-of-a-branchial-arch/remains-of-a-branchial-arch1.jpg,httpwwwdermaamincomsiteimagesclinicalpicrremainsofabranchialarchremainsofabranchialarch1jpg.jpg
c96ec85d37819cf557509e4406fb7d42,6,6,xeroderma pigmentosum,genodermatoses,non-neoplastic,,https://www.dermaamin.com/site/images/clinical-pic/X/xeroderma-pigmentosum/xeroderma-pigmentosum26.jpg,httpwwwdermaamincomsiteimagesclinicalpicXxerodermapigmentosumxerodermapigmentosum26jpg.jpg
e6cc8d0173c203020f75acace996ee60,6,6,sarcoidosis,inflammatory,non-neoplastic,,https://www.dermaamin.com/site/images/clinical-pic/s/sarcoidosis/sarcoidosis41.jpg,httpwwwdermaamincomsiteimagesclinicalpicssarcoidosissarcoidosis41jpg.jpg
9ede3d70b04d90ff7bfb8c01b144000e,6,6,vitiligo,inflammatory,non-neoplastic,,https://www.dermaamin.com/site/images/clinical-pic/v/vitiligo/vitiligo116.jpg,httpwwwdermaamincomsiteimagesclinicalpicvvitiligovitiligo116jpg.jpg
e44e09353d86ff6349323cb0d1277c0a,6,6,lupus erythematosus,inflammatory,non-neoplastic,,https://www.dermaamin.com/site/images/clinical-pic/L/lupus_erythematosus/lupus_erythematosus13.jpg,httpwwwdermaamincomsiteimagesclinicalpicLlupuserythematosuslupuserythematosus13jpg.jpg
b6f9c924bb3b864c03ecfad29558967b,6,6,psoriasis,inflammatory,non-neoplastic,,https://www.dermaamin.com/site/images/clinical-pic/p/psoriasis_nail/psoriasis_nail39.jpg,httpwwwdermaamincomsiteimagesclinicalpicppsoriasisnailpsoriasisnail39jpg.jpg
26731a018a4c588878117e406703312e,6,6,dariers disease,genodermatoses,non-neoplastic,,https://www.dermaamin.com/site/images/clinical-pic/d/dariers_disease/dariers_disease17.jpg,httpwwwdermaamincomsiteimagesclinicalpicddariersdiseasedariersdisease17jpg.jpg
3adf9b93bddd86cceb7114fc29545b49,6,6,fixed eruptions,inflammatory,non-neoplastic,,https://www.dermaamin.com/site/images/clinical-pic/f/fixed_drug_eruption/fixed_drug_eruption73.jpg,httpwwwdermaamincomsiteimagesclinicalpicffixeddrugeruptionfixeddrugeruption73jpg.jpg
14db5e211d30314841c7ee1ebfddc87b,6,6,lupus erythematosus,inflammatory,non-neoplastic,,https://www.dermaamin.com/site/images/clinical-pic/L/lupus_erythematosus_chronicus_discoides/lupus_erythematosus_chronicus_discoides45.jpg,httpwwwdermaamincomsiteimagesclinicalpicLlupuserythematosuschronicusdiscoideslupuserythematosuschronicusdiscoides45jpg.jpg
d1f00834091080119f058619af1c46f7,6,6,tungiasis,inflammatory,non-neoplastic,,https://www.dermaamin.com/site/images/clinical-pic/t/tungiasis/tungiasis24.jpg,httpwwwdermaamincomsiteimagesclinicalpicttungiasistungiasis24jpg.jpg
e042428cc2e5836dc5debf23a8517f38,6,6,sarcoidosis,inflammatory,non-neoplastic,,https://www.dermaamin.com/site/images/clinical-pic/s/sarcoidosis/sarcoidosis125.jpg,httpwwwdermaamincomsiteimagesclinicalpicssarcoidosissarcoidosis125jpg.jpg
b092ef4febc819a349123e19eff592f0,6,6,keloid,inflammatory,non-neoplastic,,https://www.dermaamin.com/site/images/clinical-pic/k/kekoid/kekoid111.jpg,httpwwwdermaamincomsiteimagesclinicalpickkekoidkekoid111jpg.jpg
132c47c2c51525f6fd0e5a020277c82e,6,6,lichen planus,inflammatory,non-neoplastic,,https://www.dermaamin.com/site/images/clinical-pic/L/lichen_planus_actinic/lichen_planus_actinic36.jpg,httpwwwdermaamincomsiteimagesclinicalpicLlichenplanusactiniclichenplanusactinic36jpg.jpg
f56a0fabb0d188178ebcf71b0cd20fd2,6,6,scabies,inflammatory,non-neoplastic,,https://www.dermaamin.com/site/images/clinical-pic/n/norwegian_scabies/norwegian_scabies19.jpg,httpwwwdermaamincomsiteimagesclinicalpicnnorwegianscabiesnorwegianscabies19jpg.jpg
b4d5570939ab9e3f1736dbba5b423193,6,6,lupus erythematosus,inflammatory,non-neoplastic,,https://www.dermaamin.com/site/images/clinical-pic/L/lupus_erythematosus_chronicus_discoides/lupus_erythematosus_chronicus_discoides1.jpg,httpwwwdermaamincomsiteimagesclinicalpicLlupuserythematosuschronicusdiscoideslupuserythematosuschronicusdiscoides1jpg.jpg
ae55196233eeaac22c6ceb9f1bbe4002,6,6,kaposi sarcoma,malignant dermal,malignant,,https://www.dermaamin.com/site/images/clinical-pic/k/kaposis-sarcoma/kaposis-sarcoma11.jpg,httpwwwdermaamincomsiteimagesclinicalpickkaposissarcomakaposissarcoma11jpg.jpg
b705703d96f0227dab73c8f98fb22f75,6,6,mucinosis,inflammatory,non-neoplastic,,https://www.dermaamin.com/site/images/clinical-pic/f/follicular-mucinosis/follicular-mucinosis11.jpg,httpwwwdermaamincomsiteimagesclinicalpicffollicularmucinosisfollicularmucinosis11jpg.jpg
e7c38d6658b017312116b8b0ac317faa,6,6,langerhans cell histiocytosis,inflammatory,non-neoplastic,,https://www.dermaamin.com/site/images/clinical-pic/L/langerhans-cell-histiocytosis/langerhans-cell-histiocytosis33.jpg,httpwwwdermaamincomsiteimagesclinicalpicLlangerhanscellhistiocytosislangerhanscellhistiocytosis33jpg.jpg
53363da74c3941a5553b3db24f1e865e,6,6,scabies,inflammatory,non-neoplastic,,https://www.dermaamin.com/site/images/clinical-pic/s/scabies/scabies59.jpg,httpwwwdermaamincomsiteimagesclinicalpicsscabiesscabies59jpg.jpg
3d0c32b18c8fd8c8a38480cc85a40cb3,6,6,juvenile xanthogranuloma,inflammatory,non-neoplastic,,https://www.dermaamin.com/site/images/clinical-pic/L/lymphogr-anuloma-venereum/lymphogr-anuloma-venereum3.jpg,httpwwwdermaamincomsiteimagesclinicalpicLlymphogranulomavenereumlymphogranulomavenereum3jpg.jpg
36c7bbdced601b5d9fb1cc7cdc0df7e3,6,6,squamous cell carcinoma,malignant epidermal,malignant,,https://www.dermaamin.com/site/images/clinical-pic/c/carcinome_spinocellulaire/carcinome_spinocellulaire17.jpg,httpwwwdermaamincomsiteimagesclinicalpicccarcinomespinocellulairecarcinomespinocellulaire17jpg.jpg
3d7155287bf2e6845b227ba9cbf6d0de,6,6,prurigo nodularis,benign epidermal,benign,,https://www.dermaamin.com/site/images/clinical-pic/p/prurigo_nodularis/prurigo_nodularis110.jpg,httpwwwdermaamincomsiteimagesclinicalpicpprurigonodularisprurigonodularis110jpg.jpg
06cb32ae4640415e5ce9a70a5f4b2a26,6,6,acanthosis nigricans,inflammatory,non-neoplastic,,https://www.dermaamin.com/site/images/clinical-pic/a/acanthosis_nigricans/acanthosis_nigricans75.jpg,httpwwwdermaamincomsiteimagesclinicalpicaacanthosisnigricansacanthosisnigricans75jpg.jpg
f591fc7390a7c0db6dc9b9ac391987d6,6,6,photodermatoses,inflammatory,non-neoplastic,,https://www.dermaamin.com/site/images/clinical-pic/k/kwashiorkor-dermatitis/kwashiorkor-dermatitis3.jpg,httpwwwdermaamincomsiteimagesclinicalpickkwashiorkordermatitiskwashiorkordermatitis3jpg.jpg
62e56934096378d43c0a9cf3ef847e34,6,6,xeroderma pigmentosum,genodermatoses,non-neoplastic,,https://www.dermaamin.com/site/images/clinical-pic/X/xeroderma-pigmentosum/xeroderma-pigmentosum4.jpg,httpwwwdermaamincomsiteimagesclinicalpicXxerodermapigmentosumxerodermapigmentosum4jpg.jpg
617f9ddb778028f305520a92ac052c68,6,6,melanoma,malignant melanoma,malignant,,https://www.dermaamin.com/site/images/clinical-pic/r/recurrent_memalona/recurrent_memalona5.jpg,httpwwwdermaamincomsiteimagesclinicalpicrrecurrentmemalonarecurrentmemalona5jpg.jpg
5e673ba965168f9a1ed11bc3e76c284d,6,6,tungiasis,inflammatory,non-neoplastic,,https://www.dermaamin.com/site/images/clinical-pic/t/tungiasis/tungiasis44.jpg,httpwwwdermaamincomsiteimagesclinicalpicttungiasistungiasis44jpg.jpg
4bdceb85e1cd4459ab10d96147861941,6,6,folliculitis,inflammatory,non-neoplastic,,https://www.dermaamin.com/site/images/clinical-pic/p/perifolliculitis/perifolliculitis3.jpg,httpwwwdermaamincomsiteimagesclinicalpicpperifolliculitisperifolliculitis3jpg.jpg
bc05a42bd1fdf389e3f18c3fc6a1c880,6,6,factitial dermatitis,inflammatory,non-neoplastic,,https://www.dermaamin.com/site/images/clinical-pic/f/factitial_dermatitis/factitial_dermatitis19.jpg,httpwwwdermaamincomsiteimagesclinicalpicffactitialdermatitisfactitialdermatitis19jpg.jpg
7cedaa3277cb1efd41f5f9f70e6be0c7,6,6,squamous cell carcinoma,malignant epidermal,malignant,,https://www.dermaamin.com/site/images/clinical-pic/k/keratoacanthoma/keratoacanthoma71.jpg,httpwwwdermaamincomsiteimagesclinicalpickkeratoacanthomakeratoacanthoma71jpg.jpg
3b1cacc7ead6b74a6317794b9a528acb,6,6,nematode infection,inflammatory,non-neoplastic,,https://www.dermaamin.com/site/images/clinical-pic/L/larva-migrans/larva-migrans93.jpg,httpwwwdermaamincomsiteimagesclinicalpicLlarvamigranslarvamigrans93jpg.jpg
66665d8f4f764b7af7460acef22dbda3,6,6,ehlers danlos syndrome,genodermatoses,non-neoplastic,,https://www.dermaamin.com/site/images/clinical-pic/e/ehlers_danlos_syndrome/ehlers_danlos_syndrome73.jpg,httpwwwdermaamincomsiteimagesclinicalpiceehlersdanlossyndromeehlersdanlossyndrome73jpg.jpg
e1c5e29b0d023a6e9b86f5991f38cb47,6,6,lichen planus,inflammatory,non-neoplastic,,https://www.dermaamin.com/site/images/clinical-pic/L/lichen_planus_actinic/lichen_planus_actinic27.jpg,httpwwwdermaamincomsiteimagesclinicalpicLlichenplanusactiniclichenplanusactinic27jpg.jpg
39c0aa9f5c7f6177657cde806743a178,6,6,vitiligo,inflammatory,non-neoplastic,,https://www.dermaamin.com/site/images/clinical-pic/v/vitiligo/vitiligo45.jpg,httpwwwdermaamincomsiteimagesclinicalpicvvitiligovitiligo45jpg.jpg
5a0ecd3cf2b43519efa34396018c1567,6,6,folliculitis,inflammatory,non-neoplastic,,https://www.dermaamin.com/site/images/clinical-pic/f/folliculitis/folliculitis12.jpg,httpwwwdermaamincomsiteimagesclinicalpicffolliculitisfolliculitis12jpg.jpg
25552e71d20cc1cd56e454a7e1283b0d,6,6,sun damaged skin,inflammatory,non-neoplastic,,https://www.dermaamin.com/site/images/clinical-pic/h/hot_water_burn/hot_water_burn3.jpg,httpwwwdermaamincomsiteimagesclinicalpichhotwaterburnhotwaterburn3jpg.jpg
3741b8a8ff7b38da7204810ead3aba9f,6,6,keloid,inflammatory,non-neoplastic,,https://www.dermaamin.com/site/images/clinical-pic/k/kekoid/kekoid122.jpg,httpwwwdermaamincomsiteimagesclinicalpickkekoidkekoid122jpg.jpg
b572a8469608f5ee354739af08e20296,6,6,psoriasis,inflammatory,non-neoplastic,,https://www.dermaamin.com/site/images/clinical-pic/p/psoriasis/psoriasis73.jpg,httpwwwdermaamincomsiteimagesclinicalpicppsoriasispsoriasis73jpg.jpg
7211310da63ea4226b2ca69947ca815b,6,6,neutrophilic dermatoses,inflammatory,non-neoplastic,,https://www.dermaamin.com/site/images/clinical-pic/p/pyoderma-gangrenosum/pyoderma-gangrenosum48.jpg,httpwwwdermaamincomsiteimagesclinicalpicppyodermagangrenosumpyodermagangrenosum48jpg.jpg
805b32da8588d1f6e392d274d29defaa,6,6,xeroderma pigmentosum,genodermatoses,non-neoplastic,,https://www.dermaamin.com/site/images/clinical-pic/X/xeroderma-pigmentosum/xeroderma-pigmentosum42.jpg,httpwwwdermaamincomsiteimagesclinicalpicXxerodermapigmentosumxerodermapigmentosum42jpg.jpg
631f3881a90e132dc83f7e4436f0ce93,6,6,eczema,inflammatory,non-neoplastic,,https://www.dermaamin.com/site/images/clinical-pic/e/eczema/eczema70.jpg,httpwwwdermaamincomsiteimagesclinicalpiceeczemaeczema70jpg.jpg
7cfee4dfd78b1f71fd5f5c35512b5ecc,6,6,scleroderma,inflammatory,non-neoplastic,,https://www.dermaamin.com/site/images/clinical-pic/s/scleredema/scleredema73.jpg,httpwwwdermaamincomsiteimagesclinicalpicsscleredemascleredema73jpg.jpg
5c2daa14a389cff4c70e68ef7415eb69,6,6,dariers disease,genodermatoses,non-neoplastic,,https://www.dermaamin.com/site/images/clinical-pic/d/dariers_disease/dariers_disease15.jpg,httpwwwdermaamincomsiteimagesclinicalpicddariersdiseasedariersdisease15jpg.jpg
403cb9c41a2afea858fcd2223ec08a67,6,6,keloid,inflammatory,non-neoplastic,,https://www.dermaamin.com/site/images/clinical-pic/k/kekoid/kekoid26.jpg,httpwwwdermaamincomsiteimagesclinicalpickkekoidkekoid26jpg.jpg
b5ae8d0a7e0fdbe1da752f0889c62072,6,6,fordyce spots,benign dermal,benign,,https://www.dermaamin.com/site/images/clinical-pic/f/fordyce-spots/fordyce-spots28.jpg,httpwwwdermaamincomsiteimagesclinicalpicffordycespotsfordycespots28jpg.jpg
01b5477523dde92c62e474c78f3b7c88,6,6,photodermatoses,inflammatory,non-neoplastic,,https://www.dermaamin.com/site/images/clinical-pic/d/drug_eruption_photosensitivity/drug_eruption_photosensitivity3.jpg,httpwwwdermaamincomsiteimagesclinicalpicddrugeruptionphotosensitivitydrugeruptionphotosensitivity3jpg.jpg
aee8bcbe869483c7d32cb6b51e9fd2b2,6,6,syringoma,benign dermal,benign,,https://www.dermaamin.com/site/images/clinical-pic/s/syringoma/syringoma66.jpg,httpwwwdermaamincomsiteimagesclinicalpicssyringomasyringoma66jpg.jpg
a246a3150fe89472eb84a7d49841ae27,6,6,squamous cell carcinoma,malignant epidermal,malignant,,https://www.dermaamin.com/site/images/clinical-pic/k/keratoacanthoma/keratoacanthoma103.jpg,httpwwwdermaamincomsiteimagesclinicalpickkeratoacanthomakeratoacanthoma103jpg.jpg
c47e590b8f79f090034884ab04698fda,6,6,acne vulgaris,inflammatory,non-neoplastic,,https://www.dermaamin.com/site/images/clinical-pic/a/acne_vulgaris/acne_vulgaris336.jpg,httpwwwdermaamincomsiteimagesclinicalpicaacnevulgarisacnevulgaris336jpg.jpg
b491dc0bee85549f921da6bbc611b8df,6,6,fixed eruptions,inflammatory,non-neoplastic,,https://www.dermaamin.com/site/images/clinical-pic/f/fixed_drug_eruption/fixed_drug_eruption70.jpg,httpwwwdermaamincomsiteimagesclinicalpicffixeddrugeruptionfixeddrugeruption70jpg.jpg
a27012d54673fe854519f52780ded002,6,6,seborrheic dermatitis,inflammatory,non-neoplastic,,https://www.dermaamin.com/site/images/clinical-pic/s/seborrheic-dermatitis/seborrheic-dermatitis1.jpg,httpwwwdermaamincomsiteimagesclinicalpicsseborrheicdermatitisseborrheicdermatitis1jpg.jpg
5e5048ae7e279e2807a58b3d5d2622d6,6,6,keloid,inflammatory,non-neoplastic,,https://www.dermaamin.com/site/images/clinical-pic/k/kekoid/kekoid38.jpg,httpwwwdermaamincomsiteimagesclinicalpickkekoidkekoid38jpg.jpg
6e34511edd1b317bcf05c8063959201a,6,6,factitial dermatitis,inflammatory,non-neoplastic,,https://www.dermaamin.com/site/images/clinical-pic/f/factitial_dermatitis/factitial_dermatitis21.jpg,httpwwwdermaamincomsiteimagesclinicalpicffactitialdermatitisfactitialdermatitis21jpg.jpg
7be92153a0669fb1938d8a20cfd7e7ef,6,6,folliculitis,inflammatory,non-neoplastic,,https://www.dermaamin.com/site/images/clinical-pic/p/pityrosporum-folliculitis/pityrosporum-folliculitis3.jpg,httpwwwdermaamincomsiteimagesclinicalpicppityrosporumfolliculitispityrosporumfolliculitis3jpg.jpg
05b7008a8609b63060b8694277a685d6,6,6,scabies,inflammatory,non-neoplastic,,https://www.dermaamin.com/site/images/clinical-pic/n/norwegian_scabies/norwegian_scabies72.jpg,httpwwwdermaamincomsiteimagesclinicalpicnnorwegianscabiesnorwegianscabies72jpg.jpg
9a38dd9a7a532715e7ec5937763f359e,6,6,myiasis,inflammatory,non-neoplastic,,https://www.dermaamin.com/site/images/clinical-pic/m/myiasis-furuncular_myiais/myiasis-furuncular_myiais3.jpg,httpwwwdermaamincomsiteimagesclinicalpicmmyiasisfuruncularmyiaismyiasisfuruncularmyiais3jpg.jpg
788604422e9f10a80c8b33bea54b2102,6,6,acanthosis nigricans,inflammatory,non-neoplastic,,https://www.dermaamin.com/site/images/clinical-pic/a/acanthosis_nigricans/acanthosis_nigricans56.jpg,httpwwwdermaamincomsiteimagesclinicalpicaacanthosisnigricansacanthosisnigricans56jpg.jpg
1410e33c5d061a01919d6113bc4dce7c,6,6,neurofibromatosis,genodermatoses,non-neoplastic,,https://www.dermaamin.com/site/images/clinical-pic/n/neurofibromatosis-von-reckling-hausen-syndrome/neurofibromatosis-von-reckling-hausen-syndrome3.jpg,httpwwwdermaamincomsiteimagesclinicalpicnneurofibromatosisvonrecklinghausensyndromeneurofibromatosisvonrecklinghausensyndrome3jpg.jpg
9b85e793eebc8f583f46e523bc3a4dba,6,6,pityriasis rubra pilaris,inflammatory,non-neoplastic,,https://www.dermaamin.com/site/images/clinical-pic/p/pityriasis_rubra_pilaris/pityriasis_rubra_pilaris30.jpg,httpwwwdermaamincomsiteimagesclinicalpicppityriasisrubrapilarispityriasisrubrapilaris30jpg.jpg
cd230500816d55addbbecd89a969d851,6,6,pityriasis rosea,inflammatory,non-neoplastic,,https://www.dermaamin.com/site/images/clinical-pic/p/pityriasis_rosea/pityriasis_rosea8.jpg,httpwwwdermaamincomsiteimagesclinicalpicppityriasisroseapityriasisrosea8jpg.jpg
87cf70830aa7815e9daa81090235efd8,6,6,dermatomyositis,inflammatory,non-neoplastic,,https://www.dermaamin.com/site/images/clinical-pic/d/dermatomyositis/dermatomyositis160.jpg,httpwwwdermaamincomsiteimagesclinicalpicddermatomyositisdermatomyositis160jpg.jpg
4f33c104c4ddecfc8f5b2aaea064ed1d,6,6,scabies,inflammatory,non-neoplastic,,https://www.dermaamin.com/site/images/clinical-pic/s/scabies/scabies39.jpg,httpwwwdermaamincomsiteimagesclinicalpicsscabiesscabies39jpg.jpg
9698f02be0a62ee1bef0032349d00af6,6,6,neutrophilic dermatoses,inflammatory,non-neoplastic,,https://www.dermaamin.com/site/images/clinical-pic/p/pyodermite_Vegetante/pyodermite_Vegetante2.jpg,httpwwwdermaamincomsiteimagesclinicalpicppyodermiteVegetantepyodermiteVegetante2jpg.jpg
3d410eaaa03cc00ca291c131c56239b6,6,6,xanthomas,inflammatory,non-neoplastic,,https://www.dermaamin.com/site/images/clinical-pic/a/anthrax/anthrax15.jpg,httpwwwdermaamincomsiteimagesclinicalpicaanthraxanthrax15jpg.jpg
9239c82e0d085b28bddf1e60b2cc189c,6,6,keloid,inflammatory,non-neoplastic,,https://www.dermaamin.com/site/images/clinical-pic/k/kekoid/kekoid21.jpg,httpwwwdermaamincomsiteimagesclinicalpickkekoidkekoid21jpg.jpg
bebb3f7ad5854688a38bf544ebb54950,6,6,neutrophilic dermatoses,inflammatory,non-neoplastic,,https://www.dermaamin.com/site/images/clinical-pic/p/pyodermite_Vegetante/pyodermite_Vegetante9.jpg,httpwwwdermaamincomsiteimagesclinicalpicppyodermiteVegetantepyodermiteVegetante9jpg.jpg
b22e94f7e5cde4d33adf24245ea5faf2,6,6,melanoma,malignant melanoma,malignant,,https://www.dermaamin.com/site/images/clinical-pic/r/recurrent_memalona/recurrent_memalona4.jpg,httpwwwdermaamincomsiteimagesclinicalpicrrecurrentmemalonarecurrentmemalona4jpg.jpg
a73806bd963ee7b2b2ebf17e036d8dc6,6,6,vitiligo,inflammatory,non-neoplastic,,https://www.dermaamin.com/site/images/clinical-pic/v/vitiligo/vitiligo100.jpg,httpwwwdermaamincomsiteimagesclinicalpicvvitiligovitiligo100jpg.jpg
3a7731d773ed627113986b90dfc0241f,6,6,porphyria,inflammatory,non-neoplastic,,https://www.dermaamin.com/site/images/clinical-pic/p/porphyria-cutanea-tarda/porphyria-cutanea-tarda65.jpg,httpwwwdermaamincomsiteimagesclinicalpicpporphyriacutaneatardaporphyriacutaneatarda65jpg.jpg
a177a5fc4b0e7033c39fb4f2503279ab,6,6,melanoma,malignant melanoma,malignant,,https://www.dermaamin.com/site/images/clinical-pic/m/melanoma/melanoma1.jpg,httpwwwdermaamincomsiteimagesclinicalpicmmelanomamelanoma1jpg.jpg
e7e81fb4534f9896c30ddf945e5d218e,6,6,lichen amyloidosis,inflammatory,non-neoplastic,,https://www.dermaamin.com/site/images/clinical-pic/L/lichen-amyloidosis/lichen-amyloidosis22.jpg,httpwwwdermaamincomsiteimagesclinicalpicLlichenamyloidosislichenamyloidosis22jpg.jpg
f6281cf2c829257b84e0d24f873b1451,6,6,mucinosis,inflammatory,non-neoplastic,,https://www.dermaamin.com/site/images/clinical-pic/f/follicular-mucinosis/follicular-mucinosis36.jpg,httpwwwdermaamincomsiteimagesclinicalpicffollicularmucinosisfollicularmucinosis36jpg.jpg
515b23e63839602c91fd43f4a55730b5,6,6,drug eruption,inflammatory,non-neoplastic,,https://www.dermaamin.com/site/images/clinical-pic/d/drug_eruption/drug_eruption152.jpg,httpwwwdermaamincomsiteimagesclinicalpicddrugeruptiondrugeruption152jpg.jpg
e4397d471ff99594ddaba3c10c1ab8a6,6,6,eczema,inflammatory,non-neoplastic,,https://www.dermaamin.com/site/images/clinical-pic/e/eczema/eczema58.jpg,httpwwwdermaamincomsiteimagesclinicalpiceeczemaeczema58jpg.jpg
76190e02d6dbf53a4f6e2b2666fdbc63,6,6,lichen simplex,inflammatory,non-neoplastic,,,httpwwwdermaamincomsiteimagesclinicalpicLLichensimplexchronicusLichensimplexchronicus25jpg.jpg
37bbd5252040e26b37184a54feda5286,6,6,kaposi sarcoma,malignant dermal,malignant,,https://www.dermaamin.com/site/images/clinical-pic/k/kaposis-sarcoma/kaposis-sarcoma22.jpg,httpwwwdermaamincomsiteimagesclinicalpickkaposissarcomakaposissarcoma22jpg.jpg
c8c99a60fd88101507c10b601ab0bd0c,6,6,kaposi sarcoma,malignant dermal,malignant,,https://www.dermaamin.com/site/images/clinical-pic/k/kaposis-sarcoma/kaposis-sarcoma105.jpg,httpwwwdermaamincomsiteimagesclinicalpickkaposissarcomakaposissarcoma105jpg.jpg
41a78fb9bf530d2e8882847bb87e2fb7,6,6,neutrophilic dermatoses,inflammatory,non-neoplastic,,https://www.dermaamin.com/site/images/clinical-pic/p/pyoderma-gangrenosum/pyoderma-gangrenosum13.jpg,httpwwwdermaamincomsiteimagesclinicalpicppyodermagangrenosumpyodermagangrenosum13jpg.jpg
10d2204dc80dcea885cbe195c2558323,6,6,scabies,inflammatory,non-neoplastic,,http://atlasdermatologico.com.br/img?imageId=4909,httpwwwatlasdermatologicocombrimgimageId4909.jpg
c7b55857038353d4ebe2ba24d265d5a3,6,6,lupus erythematosus,inflammatory,non-neoplastic,,http://atlasdermatologico.com.br/img?imageId=8514,httpwwwatlasdermatologicocombrimgimageId8514.jpg
b5a9aa5155e59feee65f731641bcbe6d,6,6,pityriasis rosea,inflammatory,non-neoplastic,,http://atlasdermatologico.com.br/img?imageId=5587,httpwwwatlasdermatologicocombrimgimageId5587.jpg
af4e43e3e696a009d1be531ad2b75e53,6,6,pityriasis rubra pilaris,inflammatory,non-neoplastic,,http://atlasdermatologico.com.br/img?imageId=5733,httpwwwatlasdermatologicocombrimgimageId5733.jpg
caa3894bcfa1f8eb7972a43f0e43ca22,6,6,scleroderma,inflammatory,non-neoplastic,,http://atlasdermatologico.com.br/img?imageId=4506,httpwwwatlasdermatologicocombrimgimageId4506.jpg
eb14f64e2aacebfde1c02fef783a7df8,6,6,lichen amyloidosis,inflammatory,non-neoplastic,,http://atlasdermatologico.com.br/img?imageId=3680,httpwwwatlasdermatologicocombrimgimageId3680.jpg
4c6e412b4f3f5b743e7fbc2a2c535eef,6,6,squamous cell carcinoma,malignant epidermal,malignant,,http://atlasdermatologico.com.br/img?imageId=3006,httpwwwatlasdermatologicocombrimgimageId3006.jpg
d5c82714434e856479a963cb0243e829,6,6,necrobiosis lipoidica,inflammatory,non-neoplastic,,http://atlasdermatologico.com.br/img?imageId=4745,httpwwwatlasdermatologicocombrimgimageId4745.jpg
a381a9e534ccc7feb6a1b03cd7b99025,6,6,neutrophilic dermatoses,inflammatory,non-neoplastic,,http://atlasdermatologico.com.br/img?imageId=6401,httpwwwatlasdermatologicocombrimgimageId6401.jpg
a12dcd27acc49ced69fb3a3b1c434e70,6,6,dariers disease,genodermatoses,non-neoplastic,,http://atlasdermatologico.com.br/img?imageId=1296,httpwwwatlasdermatologicocombrimgimageId1296.jpg
2180c71fa9d85f52c34e1890fc21dc52,6,6,lichen planus,inflammatory,non-neoplastic,,http://atlasdermatologico.com.br/img?imageId=3920,httpwwwatlasdermatologicocombrimgimageId3920.jpg
c3896a99ded4d2b1e3d8b691ea2ac071,6,6,lupus erythematosus,inflammatory,non-neoplastic,,http://atlasdermatologico.com.br/img?imageId=8512,httpwwwatlasdermatologicocombrimgimageId8512.jpg
9c10704c59eb2130741fedb9b93a3aab,6,6,lupus erythematosus,inflammatory,non-neoplastic,,http://atlasdermatologico.com.br/img?imageId=8821,httpwwwatlasdermatologicocombrimgimageId8821.jpg
df3a97d6bff0ba463128b26f84b0d7b5,6,6,lichen planus,inflammatory,non-neoplastic,,http://atlasdermatologico.com.br/img?imageId=3843,httpwwwatlasdermatologicocombrimgimageId3843.jpg
442f91c9c99a3ba2b0ca25a1c381b28c,6,6,keloid,inflammatory,non-neoplastic,,http://atlasdermatologico.com.br/img?imageId=8353,httpwwwatlasdermatologicocombrimgimageId8353.jpg
dc0b089b0c2ee5f0eea901e28846e780,6,6,lupus erythematosus,inflammatory,non-neoplastic,,http://atlasdermatologico.com.br/img?imageId=8820,httpwwwatlasdermatologicocombrimgimageId8820.jpg
ec96e1e0a931ed3224afbf5f8fbdfcd2,6,6,neutrophilic dermatoses,inflammatory,non-neoplastic,,http://atlasdermatologico.com.br/img?imageId=6402,httpwwwatlasdermatologicocombrimgimageId6402.jpg
4ab4fa98f5acf7ec42886917128df401,6,6,melanoma,malignant melanoma,malignant,,http://atlasdermatologico.com.br/img?imageId=4311,httpwwwatlasdermatologicocombrimgimageId4311.jpg
f44da006e633fd8c2afd2d1616c00c57,6,6,necrobiosis lipoidica,inflammatory,non-neoplastic,,http://atlasdermatologico.com.br/img?imageId=4744,httpwwwatlasdermatologicocombrimgimageId4744.jpg
435f2995332c8a17c03d121331680a4f,6,6,scleroderma,inflammatory,non-neoplastic,,http://atlasdermatologico.com.br/img?imageId=4515,httpwwwatlasdermatologicocombrimgimageId4515.jpg
95c754597b9e9481bbbea1565bb9b742,6,6,lichen simplex,inflammatory,non-neoplastic,,http://atlasdermatologico.com.br/img?imageId=3991,httpwwwatlasdermatologicocombrimgimageId3991.jpg
055b866631a8906530e7c7fb1b872a42,6,6,psoriasis,inflammatory,non-neoplastic,,http://atlasdermatologico.com.br/img?imageId=6279,httpwwwatlasdermatologicocombrimgimageId6279.jpg
36eb5fcdbccd5b3aaf65d3312b91ee28,6,6,papilomatosis confluentes and reticulate,inflammatory,non-neoplastic,,http://atlasdermatologico.com.br/img?imageId=8436,httpwwwatlasdermatologicocombrimgimageId8436.jpg
b0c6e89fb457d75f7f8954c3fc02de86,6,6,dariers disease,genodermatoses,non-neoplastic,,http://atlasdermatologico.com.br/img?imageId=1274,httpwwwatlasdermatologicocombrimgimageId1274.jpg
6a60f0f9da14a457bea924d64f75bdcb,6,6,lichen simplex,inflammatory,non-neoplastic,,http://atlasdermatologico.com.br/img?imageId=4004,httpwwwatlasdermatologicocombrimgimageId4004.jpg
54756c97f7f53e32fba13ac29df8ef77,6,6,lupus erythematosus,inflammatory,non-neoplastic,,http://atlasdermatologico.com.br/img?imageId=8511,httpwwwatlasdermatologicocombrimgimageId8511.jpg
8c0a8c9a9e2e8fcb540d876f250250e5,6,6,scleroderma,inflammatory,non-neoplastic,,http://atlasdermatologico.com.br/img?imageId=4513,httpwwwatlasdermatologicocombrimgimageId4513.jpg
e0c06db3391d6dd80d3f6f27f11e5416,6,6,scleroderma,inflammatory,non-neoplastic,,http://atlasdermatologico.com.br/img?imageId=4520,httpwwwatlasdermatologicocombrimgimageId4520.jpg
48dcccaa24dc3a215088aad2a9108a15,6,6,lichen planus,inflammatory,non-neoplastic,,http://atlasdermatologico.com.br/img?imageId=3932,httpwwwatlasdermatologicocombrimgimageId3932.jpg
2cd0eea369d371352654a4b566050fcb,6,6,scleroderma,inflammatory,non-neoplastic,,http://atlasdermatologico.com.br/img?imageId=4522,httpwwwatlasdermatologicocombrimgimageId4522.jpg
970022938ceec9d0c0e5687c5df4c02d,6,6,allergic contact dermatitis,inflammatory,non-neoplastic,,http://atlasdermatologico.com.br/img?imageId=1162,httpwwwatlasdermatologicocombrimgimageId1162.jpg
90e0fa1b97f1294f112f2a60c0cd415c,6,6,dyshidrotic eczema,inflammatory,non-neoplastic,,http://atlasdermatologico.com.br/img?imageId=1549,httpwwwatlasdermatologicocombrimgimageId1549.jpg
65622d9d5904ab4b615cd3b754dddda2,6,6,scleroderma,inflammatory,non-neoplastic,,http://atlasdermatologico.com.br/img?imageId=4031,httpwwwatlasdermatologicocombrimgimageId4031.jpg
b2eb648b337cb7eec0c5e5c17f317fe6,6,6,dariers disease,genodermatoses,non-neoplastic,,http://atlasdermatologico.com.br/img?imageId=1299,httpwwwatlasdermatologicocombrimgimageId1299.jpg
57089a451fd32fb12667212648767173,6,6,dariers disease,genodermatoses,non-neoplastic,,http://atlasdermatologico.com.br/img?imageId=1276,httpwwwatlasdermatologicocombrimgimageId1276.jpg
7db299ba00a9521e32f90b9ce4b667a7,6,6,lupus erythematosus,inflammatory,non-neoplastic,,http://atlasdermatologico.com.br/img?imageId=4100,httpwwwatlasdermatologicocombrimgimageId4100.jpg
1013921bcf5cc41552f34f0c4f2f61af,6,6,factitial dermatitis,inflammatory,non-neoplastic,,http://atlasdermatologico.com.br/img?imageId=2050,httpwwwatlasdermatologicocombrimgimageId2050.jpg
9cdad30cc25dd53bdb777f905614808d,6,6,factitial dermatitis,inflammatory,non-neoplastic,,http://atlasdermatologico.com.br/img?imageId=2051,httpwwwatlasdermatologicocombrimgimageId2051.jpg
b37cde3da8ef41fa62ed7c20babe8584,6,6,ehlers danlos syndrome,genodermatoses,non-neoplastic,,http://atlasdermatologico.com.br/img?imageId=1642,httpwwwatlasdermatologicocombrimgimageId1642.jpg
3b24865e842419e4efc3fb909c633077,6,6,melanoma,malignant melanoma,malignant,,http://atlasdermatologico.com.br/img?imageId=4284,httpwwwatlasdermatologicocombrimgimageId4284.jpg
efc450a8d35b769f66fbe92f9da6340e,6,6,granuloma annulare,inflammatory,non-neoplastic,,http://atlasdermatologico.com.br/img?imageId=2260,httpwwwatlasdermatologicocombrimgimageId2260.jpg
1bee845510fc5603ae11472a9996a66c,6,6,dariers disease,genodermatoses,non-neoplastic,,http://atlasdermatologico.com.br/img?imageId=1278,httpwwwatlasdermatologicocombrimgimageId1278.jpg
2e69138ec888e9f2eeb830eda8d532e3,6,6,psoriasis,inflammatory,non-neoplastic,,http://atlasdermatologico.com.br/img?imageId=6283,httpwwwatlasdermatologicocombrimgimageId6283.jpg
3eb50995b4ce936a0f4a3c5f8e5015ba,6,6,scleroderma,inflammatory,non-neoplastic,,http://atlasdermatologico.com.br/img?imageId=4518,httpwwwatlasdermatologicocombrimgimageId4518.jpg
f776c95925dbe30f452d57831ce8c27e,6,6,scleroderma,inflammatory,non-neoplastic,,http://atlasdermatologico.com.br/img?imageId=4507,httpwwwatlasdermatologicocombrimgimageId4507.jpg
eb3fede5df6127d52cd57873cd859011,6,6,granuloma annulare,inflammatory,non-neoplastic,,http://atlasdermatologico.com.br/img?imageId=2262,httpwwwatlasdermatologicocombrimgimageId2262.jpg
4758b3a9fa2b87f06aa1afb03774bb26,6,6,lupus erythematosus,inflammatory,non-neoplastic,,http://atlasdermatologico.com.br/img?imageId=8824,httpwwwatlasdermatologicocombrimgimageId8824.jpg
b9fc4ec902e845e60e2348f20556fae2,6,6,lichen planus,inflammatory,non-neoplastic,,http://atlasdermatologico.com.br/img?imageId=3929,httpwwwatlasdermatologicocombrimgimageId3929.jpg
8f103b8f8623f45d44e6df4b9b71c181,6,6,granuloma pyogenic,benign dermal,benign,,http://atlasdermatologico.com.br/img?imageId=2331,httpwwwatlasdermatologicocombrimgimageId2331.jpg
6f4a55de68993b0677c87fd54f482c3f,6,6,scleroderma,inflammatory,non-neoplastic,,http://atlasdermatologico.com.br/img?imageId=4511,httpwwwatlasdermatologicocombrimgimageId4511.jpg
57d0daf5b8da35200bee97cd548a6b7d,6,6,scleroderma,inflammatory,non-neoplastic,,http://atlasdermatologico.com.br/img?imageId=4519,httpwwwatlasdermatologicocombrimgimageId4519.jpg
34aa648c5d13cc995c0f0892c90e7de0,6,6,lupus erythematosus,inflammatory,non-neoplastic,,http://atlasdermatologico.com.br/img?imageId=8819,httpwwwatlasdermatologicocombrimgimageId8819.jpg
dc5100b7bb6957f60659d5852200b9c1,6,6,papilomatosis confluentes and reticulate,inflammatory,non-neoplastic,,http://atlasdermatologico.com.br/img?imageId=8431,httpwwwatlasdermatologicocombrimgimageId8431.jpg
6fd6a070b39bc3e48dac297425efde42,6,6,tungiasis,inflammatory,non-neoplastic,,http://atlasdermatologico.com.br/img?imageId=7652,httpwwwatlasdermatologicocombrimgimageId7652.jpg
15beb0aca8a75b4d66f843547b310665,6,6,lichen planus,inflammatory,non-neoplastic,,http://atlasdermatologico.com.br/img?imageId=3852,httpwwwatlasdermatologicocombrimgimageId3852.jpg
810cc5798d2040419582d401e5655cdb,6,6,tungiasis,inflammatory,non-neoplastic,,http://atlasdermatologico.com.br/img?imageId=7648,httpwwwatlasdermatologicocombrimgimageId7648.jpg
1783c00d44810d32ea08854c0921fd11,6,6,lichen amyloidosis,inflammatory,non-neoplastic,,http://atlasdermatologico.com.br/img?imageId=3678,httpwwwatlasdermatologicocombrimgimageId3678.jpg
b0fa350b165fb8d8047447b782beb5a7,6,6,lichen planus,inflammatory,non-neoplastic,,http://atlasdermatologico.com.br/img?imageId=3890,httpwwwatlasdermatologicocombrimgimageId3890.jpg
a50b0037bf32e070914a5740f8db7a8b,6,6,squamous cell carcinoma,malignant epidermal,malignant,,http://atlasdermatologico.com.br/img?imageId=3005,httpwwwatlasdermatologicocombrimgimageId3005.jpg
abf91c2e50ecb3fcd41fc15b6c497ef5,6,6,pityriasis rubra pilaris,inflammatory,non-neoplastic,,http://atlasdermatologico.com.br/img?imageId=5714,httpwwwatlasdermatologicocombrimgimageId5714.jpg
e545c8222e91e08038adf0fd696e9e56,6,6,dyshidrotic eczema,inflammatory,non-neoplastic,,http://atlasdermatologico.com.br/img?imageId=1548,httpwwwatlasdermatologicocombrimgimageId1548.jpg
6dd76797185a717715a04206f5151d8f,6,6,squamous cell carcinoma,malignant epidermal,malignant,,http://atlasdermatologico.com.br/img?imageId=3004,httpwwwatlasdermatologicocombrimgimageId3004.jpg
2065bc4577edd285257128ee8be209e9,6,6,lupus erythematosus,inflammatory,non-neoplastic,,http://atlasdermatologico.com.br/img?imageId=4098,httpwwwatlasdermatologicocombrimgimageId4098.jpg
f9b583f8b15f43dfbb280eb74408e1dd,6,6,vitiligo,inflammatory,non-neoplastic,,http://atlasdermatologico.com.br/img?imageId=7899,httpwwwatlasdermatologicocombrimgimageId7899.jpg
c16ca4d77bb5e35162976c3af2cec242,6,6,lichen planus,inflammatory,non-neoplastic,,http://atlasdermatologico.com.br/img?imageId=3780,httpwwwatlasdermatologicocombrimgimageId3780.jpg
8bc6dece4ab80e919fbb0802071bb79b,6,6,vitiligo,inflammatory,non-neoplastic,,http://atlasdermatologico.com.br/img?imageId=7898,httpwwwatlasdermatologicocombrimgimageId7898.jpg
72694e10ae02372917dcf37d0a5ad0d3,6,6,scabies,inflammatory,non-neoplastic,,http://atlasdermatologico.com.br/img?imageId=4906,httpwwwatlasdermatologicocombrimgimageId4906.jpg
d7ef5ea2b80fc570b130ac0b3af8d0b4,6,6,lupus subacute,inflammatory,non-neoplastic,,http://atlasdermatologico.com.br/img?imageId=4385,httpwwwatlasdermatologicocombrimgimageId4385.jpg
e789130a814619c1773eef86435153aa,6,6,squamous cell carcinoma,malignant epidermal,malignant,,http://atlasdermatologico.com.br/img?imageId=6845,httpwwwatlasdermatologicocombrimgimageId6845.jpg
2aab301297ca4b010f507747eb8363ab,6,6,lichen planus,inflammatory,non-neoplastic,,http://atlasdermatologico.com.br/img?imageId=3841,httpwwwatlasdermatologicocombrimgimageId3841.jpg
f5c951bad734a4322d3e028249985ea9,6,6,factitial dermatitis,inflammatory,non-neoplastic,,http://atlasdermatologico.com.br/img?imageId=2048,httpwwwatlasdermatologicocombrimgimageId2048.jpg
12ac338804ee17a60ddafa93a9f6f69a,6,6,scabies,inflammatory,non-neoplastic,,http://atlasdermatologico.com.br/img?imageId=6569,httpwwwatlasdermatologicocombrimgimageId6569.jpg
4b77b342edf2e3e43dcda843308cc58e,6,6,pityriasis rubra pilaris,inflammatory,non-neoplastic,,http://atlasdermatologico.com.br/img?imageId=5691,httpwwwatlasdermatologicocombrimgimageId5691.jpg
a37df08421905f79fc29feae76aca0f1,6,6,vitiligo,inflammatory,non-neoplastic,,http://atlasdermatologico.com.br/img?imageId=7897,httpwwwatlasdermatologicocombrimgimageId7897.jpg
b4c0bf42bba677f0e86fd82061460bfe,6,6,pityriasis rubra pilaris,inflammatory,non-neoplastic,,http://atlasdermatologico.com.br/img?imageId=5765,httpwwwatlasdermatologicocombrimgimageId5765.jpg
a3bec6b7526b7d4dbe0dd5d6eb87e1f6,6,6,keloid,inflammatory,non-neoplastic,,http://atlasdermatologico.com.br/img?imageId=8352,httpwwwatlasdermatologicocombrimgimageId8352.jpg
d71000c3b7560bf5678638af38eb25df,6,6,lupus erythematosus,inflammatory,non-neoplastic,,http://atlasdermatologico.com.br/img?imageId=8822,httpwwwatlasdermatologicocombrimgimageId8822.jpg
c0fa386af7a56155f3f9eebff042f090,6,6,pityriasis rubra pilaris,inflammatory,non-neoplastic,,http://atlasdermatologico.com.br/img?imageId=5754,httpwwwatlasdermatologicocombrimgimageId5754.jpg
6aa93a628cac31ac1e35f0871a2868db,6,6,folliculitis,inflammatory,non-neoplastic,,http://atlasdermatologico.com.br/img?imageId=6191,httpwwwatlasdermatologicocombrimgimageId6191.jpg
ed93cd3aaa352be9d0c8ea7f0626a1c6,6,6,tungiasis,inflammatory,non-neoplastic,,http://atlasdermatologico.com.br/img?imageId=7649,httpwwwatlasdermatologicocombrimgimageId7649.jpg
34deac35a907f46e6d43b7bfb39fc00d,6,6,psoriasis,inflammatory,non-neoplastic,,http://atlasdermatologico.com.br/img?imageId=6284,httpwwwatlasdermatologicocombrimgimageId6284.jpg
3ad5c9d9bc5932aea5907970f618c7b7,6,6,lichen planus,inflammatory,non-neoplastic,,http://atlasdermatologico.com.br/img?imageId=3847,httpwwwatlasdermatologicocombrimgimageId3847.jpg
e140eeccedd610801c1284c1f6c5ee1e,6,6,pityriasis rubra pilaris,inflammatory,non-neoplastic,,http://atlasdermatologico.com.br/img?imageId=5708,httpwwwatlasdermatologicocombrimgimageId5708.jpg
9008bb3a9f667e485b901ea0ef7fc331,6,6,tungiasis,inflammatory,non-neoplastic,,http://atlasdermatologico.com.br/img?imageId=7647,httpwwwatlasdermatologicocombrimgimageId7647.jpg
1ae1a34d64b22f213ec091a28437d7b4,6,6,lichen amyloidosis,inflammatory,non-neoplastic,,http://atlasdermatologico.com.br/img?imageId=3683,httpwwwatlasdermatologicocombrimgimageId3683.jpg
145e726d1dcb0199a1c646e6a7f0714f,6,6,scleroderma,inflammatory,non-neoplastic,,http://atlasdermatologico.com.br/img?imageId=4517,httpwwwatlasdermatologicocombrimgimageId4517.jpg
5b9ca4868b5919ead2a0ff0ac520d014,6,6,lichen planus,inflammatory,non-neoplastic,,http://atlasdermatologico.com.br/img?imageId=3921,httpwwwatlasdermatologicocombrimgimageId3921.jpg
e232bf6ad88e73a57e10a33934296849,6,6,lichen planus,inflammatory,non-neoplastic,,http://atlasdermatologico.com.br/img?imageId=3891,httpwwwatlasdermatologicocombrimgimageId3891.jpg
8ff0beb080815c3f88f1932cb956ccb0,6,6,scabies,inflammatory,non-neoplastic,,http://atlasdermatologico.com.br/img?imageId=6554,httpwwwatlasdermatologicocombrimgimageId6554.jpg
7f6ded28df0f847f7071f8ff25896349,6,6,lupus subacute,inflammatory,non-neoplastic,,http://atlasdermatologico.com.br/img?imageId=4384,httpwwwatlasdermatologicocombrimgimageId4384.jpg
aeaaf519a61dc0ced7388bb4e0ad6660,6,6,lichen simplex,inflammatory,non-neoplastic,,http://atlasdermatologico.com.br/img?imageId=4005,httpwwwatlasdermatologicocombrimgimageId4005.jpg
2fbaf5ac038c11ffa025ecb9e50343c9,6,6,dariers disease,genodermatoses,non-neoplastic,,http://atlasdermatologico.com.br/img?imageId=1273,httpwwwatlasdermatologicocombrimgimageId1273.jpg
2d6f85b75f971b75af2b9fe555f72527,6,6,lupus erythematosus,inflammatory,non-neoplastic,,http://atlasdermatologico.com.br/img?imageId=4096,httpwwwatlasdermatologicocombrimgimageId4096.jpg
25ba9ce7ad7460e30d6922fe69c2aee1,6,6,factitial dermatitis,inflammatory,non-neoplastic,,http://atlasdermatologico.com.br/img?imageId=2049,httpwwwatlasdermatologicocombrimgimageId2049.jpg
51592267156dc090a31782f26f09431d,6,6,keloid,inflammatory,non-neoplastic,,http://atlasdermatologico.com.br/img?imageId=8354,httpwwwatlasdermatologicocombrimgimageId8354.jpg
ba7a126e4e81e959d14796a4853990b0,6,6,fixed eruptions,inflammatory,non-neoplastic,,http://atlasdermatologico.com.br/img?imageId=2082,httpwwwatlasdermatologicocombrimgimageId2082.jpg
409dabac780176750efdb97f17f65df7,6,6,lupus erythematosus,inflammatory,non-neoplastic,,http://atlasdermatologico.com.br/img?imageId=8513,httpwwwatlasdermatologicocombrimgimageId8513.jpg
ca3f8fb8f0e7903400879c3c9101f2eb,6,6,lichen simplex,inflammatory,non-neoplastic,,http://atlasdermatologico.com.br/img?imageId=4002,httpwwwatlasdermatologicocombrimgimageId4002.jpg
0a102c96d763d98ab7eec9efd5a38d79,6,6,squamous cell carcinoma,malignant epidermal,malignant,,http://atlasdermatologico.com.br/img?imageId=3010,httpwwwatlasdermatologicocombrimgimageId3010.jpg
4f5329b78b12fcb17873fd584bd06936,6,6,psoriasis,inflammatory,non-neoplastic,,http://atlasdermatologico.com.br/img?imageId=6305,httpwwwatlasdermatologicocombrimgimageId6305.jpg
754941078eaae0de5abe363f8ff601e8,6,6,pityriasis rubra pilaris,inflammatory,non-neoplastic,,http://atlasdermatologico.com.br/img?imageId=5711,httpwwwatlasdermatologicocombrimgimageId5711.jpg
2349cca67f8c4d9eda85ea2cf41ba6da,6,6,lichen planus,inflammatory,non-neoplastic,,http://atlasdermatologico.com.br/img?imageId=3856,httpwwwatlasdermatologicocombrimgimageId3856.jpg
f360686b49b3281f98ab27adca063818,6,6,pityriasis rubra pilaris,inflammatory,non-neoplastic,,http://atlasdermatologico.com.br/img?imageId=5713,httpwwwatlasdermatologicocombrimgimageId5713.jpg
ed74020251a5f4fc689d612fcbd4dec8,6,6,pityriasis rubra pilaris,inflammatory,non-neoplastic,,http://atlasdermatologico.com.br/img?imageId=5756,httpwwwatlasdermatologicocombrimgimageId5756.jpg
050fa8d2bcf1f2eb85fbcdb9d88e1ecf,6,6,neurofibromatosis,genodermatoses,non-neoplastic,,http://atlasdermatologico.com.br/img?imageId=4831,httpwwwatlasdermatologicocombrimgimageId4831.jpg
ffe23b1129472cb31bc2a796b986f342,6,6,scabies,inflammatory,non-neoplastic,,http://atlasdermatologico.com.br/img?imageId=4908,httpwwwatlasdermatologicocombrimgimageId4908.jpg
cb5b385f3f6d18339194aeb3955f30ac,6,6,lupus erythematosus,inflammatory,non-neoplastic,,http://atlasdermatologico.com.br/img?imageId=4099,httpwwwatlasdermatologicocombrimgimageId4099.jpg